1403636579763555584.000000 0.000000000 0.000000000 0.000000000 -0.000000000 -0.000000000 -0.000000000 1.000000000
1403636579813555456.000000 0.000281763 0.015055900 0.007046038 0.001421568 0.002619418 -0.000502005 0.999995470
1403636579863555584.000000 0.000598139 0.034279283 0.014140494 -0.000716046 0.004899197 -0.002268567 0.999985158
1403636579913555456.000000 0.000301703 0.056112632 0.021108827 -0.005883642 0.005827486 -0.002739183 0.999961972
1403636579963555584.000000 -0.000607432 0.079995990 0.028415762 -0.011989127 0.005752325 -0.002665011 0.999908030
1403636580013555456.000000 -0.001688577 0.104638629 0.034854203 -0.016948298 0.005698313 -0.000756180 0.999839842
1403636580063555584.000000 -0.001568065 0.131291091 0.040740691 -0.020669647 0.005916771 -0.000392118 0.999768794
1403636580113555456.000000 -0.002082215 0.156101316 0.047595255 -0.023152901 0.005655521 0.001808950 0.999714315
1403636580163555584.000000 -0.002807965 0.180456504 0.054091096 -0.025084911 0.005258247 0.003140713 0.999666572
1403636580213555456.000000 -0.003218242 0.204024062 0.060227450 -0.027173694 0.004746063 0.003326848 0.999614000
1403636580263555584.000000 -0.004120120 0.225990996 0.065910757 -0.029790537 0.004726353 0.002391616 0.999542177
1403636580313555456.000000 -0.004787531 0.246354610 0.069974162 -0.033524875 0.004828700 0.000005884 0.999426246
1403636580363555584.000000 -0.005672898 0.264091074 0.072806850 -0.039179537 0.003824197 -0.000527111 0.999224782
1403636580413555456.000000 -0.006167244 0.280377507 0.075038955 -0.046635557 0.003659989 -0.001809420 0.998903632
1403636580463555584.000000 -0.007122247 0.292572588 0.076443151 -0.055515673 0.003187808 -0.002170178 0.998450458
1403636580513555456.000000 -0.007821693 0.299261153 0.077369168 -0.063982293 0.002938241 -0.001906528 0.997944891
1403636580563555584.000000 -0.008779698 0.297935367 0.075461693 -0.070644595 0.002015575 -0.001390971 0.997498572
1403636580613555456.000000 -0.009365925 0.287735522 0.071959317 -0.073135220 0.000231333 -0.000135219 0.997322023
1403636580663555584.000000 -0.010275569 0.269639313 0.066393033 -0.071919933 -0.000113494 0.000630897 0.997410238
1403636580713555456.000000 -0.011330955 0.245153695 0.060969550 -0.067950815 0.001568666 -0.002043408 0.997685432
1403636580763555584.000000 -0.012040062 0.214307308 0.053494401 -0.062683180 0.003976239 -0.005221570 0.998011947
1403636580813555456.000000 -0.012133099 0.179403290 0.046583682 -0.056203451 0.007388081 -0.009069262 0.998350859
1403636580863555584.000000 -0.012070062 0.139945224 0.038212169 -0.049073856 0.012397830 -0.012448385 0.998640656
1403636580913555456.000000 -0.012977723 0.101676121 0.030575335 -0.041649200 0.017767373 -0.016481236 0.998838365
1403636580963555584.000000 -0.014120151 0.062643386 0.022273725 -0.034099191 0.019930940 -0.018478468 0.999048889
1403636581013555456.000000 -0.015248293 0.025936691 0.013674584 -0.027234206 0.019970268 -0.019971063 0.999230087
1403636581063555584.000000 -0.017786689 -0.008504652 0.007360154 -0.020313988 0.019242095 -0.019158894 0.999424875
1403636581113555456.000000 -0.019173380 -0.040185232 -0.000162324 -0.013781916 0.019859387 -0.018322766 0.999539852
1403636581163555584.000000 -0.019257914 -0.069297373 -0.007013381 -0.005917169 0.020294335 -0.015369888 0.999658406
1403636581213555456.000000 -0.018903533 -0.094300166 -0.011942132 0.002251177 0.020821929 -0.013607426 0.999688089
1403636581263555584.000000 -0.019083146 -0.116543770 -0.018445911 0.011051930 0.021024643 -0.011247328 0.999654591
1403636581313555456.000000 -0.018065844 -0.132028863 -0.023835424 0.018622082 0.020642633 -0.011872219 0.999543011
1403636581363555584.000000 -0.017132012 -0.141007960 -0.027867343 0.023796588 0.021309823 -0.012177420 0.999415517
1403636581413555456.000000 -0.016153468 -0.139542967 -0.027592478 0.025180204 0.023391385 -0.014733710 0.999300599
1403636581463555584.000000 -0.014605817 -0.130196393 -0.027364068 0.022854792 0.024582403 -0.017453810 0.999284148
1403636581513555456.000000 -0.013693263 -0.113091528 -0.024621991 0.017472470 0.025841109 -0.019844515 0.999316335
1403636581563555584.000000 -0.012769382 -0.091954947 -0.019160112 0.011098308 0.026616026 -0.019041752 0.999402821
1403636581613555456.000000 -0.009837558 -0.064110510 -0.009602337 0.004783093 0.025523240 -0.017633373 0.999507308
1403636581663555584.000000 -0.008422034 -0.035688404 -0.001251549 -0.000438538 0.024864126 -0.015161657 0.999575853
1403636581713555456.000000 -0.005185193 -0.004003910 0.008102404 -0.003939982 0.024160665 -0.016737493 0.999560297
1403636581763555584.000000 -0.003294473 0.028296951 0.015644690 -0.005571923 0.022806890 -0.015105913 0.999610245
1403636581813555456.000000 -0.001268113 0.060914665 0.023292782 -0.006962326 0.019793281 -0.015123677 0.999665499
1403636581863555584.000000 -0.000164275 0.094949514 0.031596322 -0.009210932 0.018656282 -0.014132736 0.999683678
1403636581913555456.000000 0.000669367 0.127808139 0.038864613 -0.013939795 0.016921731 -0.011986171 0.999687850
1403636581963555584.000000 0.000655999 0.160020202 0.045712393 -0.020695046 0.018975398 -0.010820552 0.999547243
1403636582013555456.000000 0.001075054 0.190500289 0.053102668 -0.028430633 0.020902544 -0.009167825 0.999335170
1403636582063555584.000000 0.000132588 0.216931909 0.059081059 -0.037114680 0.022896007 -0.010084125 0.998997867
1403636582113555456.000000 0.000156928 0.238422215 0.063799754 -0.045764860 0.022249438 -0.010420797 0.998650134
1403636582163555584.000000 -0.000865608 0.253471106 0.066389173 -0.053102378 0.020236280 -0.009589309 0.998338044
1403636582213555456.000000 -0.002331017 0.261388719 0.067659974 -0.059028808 0.018627277 -0.010123921 0.998031139
1403636582263555584.000000 -0.003593653 0.261163145 0.067643344 -0.062561125 0.017639829 -0.010465756 0.997830451
1403636582313555456.000000 -0.005331377 0.251270205 0.064861611 -0.063616365 0.016254833 -0.010444928 0.997787416
1403636582363555584.000000 -0.007351380 0.233816594 0.060485281 -0.061131906 0.015242218 -0.009925886 0.997963965
1403636582413555456.000000 -0.010002600 0.209599763 0.053352237 -0.054792482 0.014834630 -0.009428326 0.998343050
1403636582463555584.000000 -0.011983081 0.182193443 0.046725538 -0.046773203 0.015095449 -0.009407856 0.998747230
1403636582513555456.000000 -0.012821257 0.150947616 0.038346406 -0.040452037 0.016430827 -0.011456678 0.998980761
1403636582563555584.000000 -0.014125774 0.118664354 0.031480249 -0.035546746 0.018216949 -0.012211290 0.999127388
1403636582613555456.000000 -0.014757656 0.086903997 0.025259841 -0.032378621 0.021046609 -0.013843007 0.999158204
1403636582663555584.000000 -0.014277539 0.052837741 0.016356848 -0.030056654 0.023681300 -0.014258161 0.999165952
1403636582713555456.000000 -0.014760614 0.020404311 0.007795186 -0.027725851 0.025069920 -0.013532799 0.999209583
1403636582763555584.000000 -0.013107559 -0.011710251 0.000596176 -0.024305226 0.027165713 -0.011823885 0.999265492
1403636582813555456.000000 -0.011326743 -0.044645421 -0.006219046 -0.019465139 0.030354531 -0.009123597 0.999308050
1403636582863555584.000000 -0.009268490 -0.076389506 -0.011540643 -0.012791920 0.034997821 -0.007039390 0.999280691
1403636582913555456.000000 -0.008392339 -0.105246216 -0.018736066 -0.004450176 0.038221207 -0.004632451 0.999248683
1403636582963555584.000000 -0.005840919 -0.131663144 -0.025288397 0.003946682 0.039953835 -0.004294494 0.999184549
1403636583013555456.000000 -0.005361418 -0.153452173 -0.033057421 0.012027102 0.041763742 -0.004204446 0.999046326
1403636583063555584.000000 -0.002396808 -0.161405116 -0.033815540 0.017946701 0.041537769 -0.005461420 0.998960853
1403636583113555456.000000 -0.003362257 -0.167987943 -0.038784478 0.020026950 0.042657558 -0.006458207 0.998868167
1403636583163555584.000000 -0.002283776 -0.165972099 -0.038225468 0.019983092 0.044710726 -0.008897704 0.998760521
1403636583213555456.000000 -0.001311662 -0.154072106 -0.035537675 0.018868148 0.045069661 -0.010699515 0.998748422
1403636583263555584.000000 -0.000705196 -0.137130693 -0.029616460 0.017013190 0.044294488 -0.011518109 0.998807311
1403636583313555456.000000 0.000314029 -0.115767591 -0.021949168 0.014923260 0.043362971 -0.011490511 0.998881876
1403636583363555584.000000 0.001130859 -0.091678374 -0.015845731 0.012379519 0.042534333 -0.011857007 0.998947918
1403636583413555456.000000 0.003278874 -0.062020853 -0.005533478 0.010064566 0.040303010 -0.011240543 0.999073625
1403636583463555584.000000 0.005449361 -0.028957440 0.003281628 0.006921287 0.037948865 -0.012858468 0.999173045
1403636583513555456.000000 0.008106348 0.003314008 0.013596129 0.003629405 0.036346428 -0.013499861 0.999241471
1403636583563555584.000000 0.009737462 0.037098587 0.021338999 -0.000919487 0.036115397 -0.015376026 0.999228895
1403636583613555456.000000 0.012191488 0.071438961 0.030301135 -0.006490479 0.038455732 -0.017074110 0.999093413
1403636583663555584.000000 0.013949814 0.105230361 0.039811075 -0.014792041 0.035357408 -0.015150174 0.999150395
1403636583713555456.000000 0.013564385 0.138781041 0.047347516 -0.025247157 0.033658229 -0.011172323 0.999051988
1403636583763555584.000000 0.013979008 0.168784291 0.054294623 -0.036580477 0.031660773 -0.007594138 0.998800159
1403636583813555456.000000 0.014398545 0.196539536 0.059394334 -0.046792660 0.031246437 -0.004740376 0.998404562
1403636583863555584.000000 0.014751561 0.220434055 0.065192901 -0.054375194 0.031270962 -0.003946553 0.998023033
1403636583913555456.000000 0.015447868 0.242597744 0.071143456 -0.059770405 0.031749472 -0.007329868 0.997680187
1403636583963555584.000000 0.015646180 0.259567767 0.073305212 -0.062815830 0.030052794 -0.010264554 0.997519791
1403636584013555456.000000 0.014369124 0.271187693 0.074559823 -0.063994430 0.027214836 -0.011534452 0.997512400
1403636584063555584.000000 0.012765938 0.276142329 0.073787265 -0.064096525 0.023491733 -0.012420136 0.997589886
1403636584113555456.000000 0.011169410 0.273637474 0.072297007 -0.064096786 0.020717563 -0.012428569 0.997651219
1403636584163555584.000000 0.010324758 0.264074177 0.069878109 -0.064207286 0.018423783 -0.012499286 0.997688234
1403636584213555456.000000 0.009363124 0.246985465 0.066301659 -0.064027220 0.017704986 -0.013209807 0.997703671
1403636584263555584.000000 0.007772861 0.224620447 0.060485937 -0.062558055 0.017674720 -0.013416306 0.997794688
1403636584313555456.000000 0.006625190 0.198438764 0.056119289 -0.060422014 0.017635986 -0.013131599 0.997930706
1403636584363555584.000000 0.005767627 0.168340921 0.048651621 -0.058821935 0.019071821 -0.015630288 0.997963965
1403636584413555456.000000 0.005748215 0.135782748 0.043111373 -0.056869101 0.022805886 -0.018878102 0.997942626
1403636584463555584.000000 0.005795948 0.102066241 0.036591418 -0.053462282 0.026197184 -0.021721765 0.997989833
1403636584513555456.000000 0.006196690 0.063556969 0.030051935 -0.048651133 0.027795691 -0.022309840 0.998179734
1403636584563555584.000000 0.004936499 0.027679309 0.022855395 -0.041738279 0.029812245 -0.021767970 0.998446524
1403636584613555456.000000 0.005327448 -0.010447734 0.018763179 -0.032976173 0.032341152 -0.020888962 0.998714387
1403636584663555584.000000 0.003606802 -0.044119749 0.010170521 -0.022585768 0.036203586 -0.019884441 0.998891294
1403636584713555456.000000 0.002755478 -0.079223476 0.004050492 -0.011930007 0.039391030 -0.019699505 0.998958468
1403636584763555584.000000 0.002028686 -0.108562827 -0.004458193 -0.001732631 0.043335930 -0.019231239 0.998874009
1403636584813555456.000000 0.001488317 -0.137394473 -0.012365122 0.006388159 0.045098487 -0.019227834 0.998777092
1403636584863555584.000000 0.000920187 -0.158699438 -0.018633753 0.013558310 0.045860391 -0.016896429 0.998712957
1403636584913555456.000000 -0.001695165 -0.176685199 -0.026506154 0.018072266 0.045618758 -0.015332631 0.998677731
1403636584963555584.000000 -0.003645350 -0.186718956 -0.028194327 0.020755030 0.046687718 -0.012292158 0.998618245
1403636585013555456.000000 -0.003367901 -0.189958721 -0.028609989 0.020508993 0.048365351 -0.010983859 0.998558819
1403636585063555584.000000 -0.002862444 -0.187027395 -0.028061865 0.018852090 0.050022673 -0.009664509 0.998523414
1403636585113555456.000000 -0.002919752 -0.178108424 -0.023970008 0.016634563 0.050266787 -0.009259431 0.998554349
1403636585163555584.000000 -0.002188809 -0.163861871 -0.019144503 0.013717021 0.052748736 -0.008598326 0.998476624
1403636585213555456.000000 -0.000152066 -0.142577052 -0.009082533 0.010758535 0.055561963 -0.009134271 0.998355567
1403636585263555584.000000 0.002274400 -0.120410122 -0.002716884 0.007247154 0.058657896 -0.012202634 0.998177290
1403636585313555456.000000 0.005890879 -0.097042874 0.006647605 0.004157268 0.060925320 -0.014873015 0.998022854
1403636585363555584.000000 0.009271980 -0.070162155 0.014841105 0.001035470 0.061963733 -0.019317972 0.997890890
1403636585413555456.000000 0.012516025 -0.044426467 0.021705316 -0.002774657 0.062434550 -0.021747625 0.997808218
1403636585463555584.000000 0.015141090 -0.016995108 0.029781403 -0.007527264 0.059115924 -0.023342790 0.997949779
1403636585513555456.000000 0.016506080 0.008123640 0.034580301 -0.012899653 0.056473628 -0.024646608 0.998016536
1403636585563555584.000000 0.018585401 0.032481469 0.038316771 -0.018680407 0.050424688 -0.025410788 0.998229742
1403636585613555456.000000 0.019097811 0.054550737 0.038541459 -0.024879336 0.043770880 -0.024777042 0.998424411
1403636585663555584.000000 0.019302614 0.072827846 0.037268039 -0.031702686 0.037468802 -0.022573959 0.998539686
1403636585713555456.000000 0.019264879 0.087312780 0.032928932 -0.039092641 0.031065753 -0.019664472 0.998558998
1403636585763555584.000000 0.019165359 0.098090775 0.029194836 -0.046856850 0.027032103 -0.016658559 0.998396873
1403636585813555456.000000 0.018504841 0.105751932 0.025035294 -0.054829065 0.022577669 -0.012109390 0.998167098
1403636585863555584.000000 0.017547010 0.111795783 0.021048766 -0.063827880 0.019064633 -0.008524298 0.997742414
1403636585913555456.000000 0.016724214 0.114410721 0.015452095 -0.072931096 0.016475629 -0.005155592 0.997187614
1403636585963555584.000000 0.016389875 0.114613667 0.011080069 -0.083711624 0.016880386 -0.003041806 0.996342421
1403636586013555456.000000 0.015836567 0.114481233 0.007887525 -0.095910251 0.020381177 -0.000552758 0.995181143
1403636586063555584.000000 0.016052673 0.114336565 0.005397056 -0.108330488 0.027173001 -0.000058553 0.993743479
1403636586113555456.000000 0.015324125 0.113305077 0.002059937 -0.119022377 0.033495430 0.002028539 0.992324352
1403636586163555584.000000 0.013238793 0.111425549 -0.001526953 -0.128494129 0.038746435 0.004082051 0.990944684
1403636586213555456.000000 0.010786869 0.110283017 -0.004329433 -0.137072250 0.041195691 0.006427857 0.989683211
1403636586263555584.000000 0.008352284 0.109220535 -0.009338593 -0.146512911 0.042027332 0.007652792 0.988285959
1403636586313555456.000000 0.006612978 0.108831041 -0.013917703 -0.156322792 0.043041870 0.010213283 0.986714900
1403636586363555584.000000 0.005761794 0.108736925 -0.019172441 -0.166775376 0.043749288 0.012737907 0.984941483
1403636586413555456.000000 0.005099725 0.109085217 -0.024813496 -0.176811710 0.044351030 0.015852496 0.983117223
1403636586463555584.000000 0.005352359 0.110347971 -0.030734379 -0.186373934 0.044478491 0.016194822 0.981337965
1403636586513555456.000000 0.006740451 0.111290708 -0.036562346 -0.194556385 0.044202499 0.015497587 0.979772389
1403636586563555584.000000 0.009170225 0.110495761 -0.041783094 -0.201439545 0.042501882 0.015120035 0.978461623
1403636586613555456.000000 0.012000639 0.109241009 -0.045679737 -0.205179065 0.041168075 0.014457012 0.977751374
1403636586663555584.000000 0.016105182 0.106851310 -0.047740486 -0.205771893 0.041349575 0.015351506 0.977605581
1403636586713555456.000000 0.020894991 0.104702823 -0.048718892 -0.203325450 0.040221985 0.015174039 0.978167117
1403636586763555584.000000 0.025304047 0.102762565 -0.048376311 -0.199598908 0.037931647 0.016601540 0.979002476
1403636586813555456.000000 0.030118560 0.101241514 -0.047478944 -0.195199728 0.035896122 0.016788173 0.979962587
1403636586863555584.000000 0.033185817 0.100065202 -0.045638110 -0.191724792 0.035190199 0.015562457 0.980694175
1403636586913555456.000000 0.035417203 0.099802025 -0.043652650 -0.189037472 0.033333689 0.013740343 0.981307805
1403636586963555584.000000 0.036678515 0.099584796 -0.041420296 -0.186789781 0.030960746 0.012596428 0.981831133
1403636587013555456.000000 0.037234500 0.098771259 -0.039173245 -0.185809582 0.028768472 0.009681344 0.982116878
1403636587063555584.000000 0.038496561 0.098189846 -0.036521994 -0.186310753 0.027148105 0.008672242 0.982077479
1403636587113555456.000000 0.039582472 0.097358868 -0.034269754 -0.188599318 0.026100174 0.006593633 0.981685102
1403636587163555584.000000 0.042588163 0.096977308 -0.031729750 -0.190941542 0.025502412 0.005151062 0.981256604
1403636587213555456.000000 0.046560146 0.096229047 -0.028709311 -0.192551702 0.024843296 0.004327484 0.980962753
1403636587263555584.000000 0.052363522 0.095481470 -0.025847282 -0.193496034 0.025130706 0.005246198 0.980765104
1403636587313555456.000000 0.059971891 0.094358705 -0.023254128 -0.194034636 0.025738388 0.006129475 0.980637848
1403636587363555584.000000 0.069317356 0.093032569 -0.019684594 -0.194994852 0.027065177 0.006921704 0.980406344
1403636587413555456.000000 0.080673508 0.092681728 -0.016111813 -0.195456743 0.027994117 0.008333863 0.980277300
1403636587463555584.000000 0.093292162 0.091104873 -0.013244833 -0.196769178 0.029007846 0.010425515 0.979965210
1403636587513555456.000000 0.107953310 0.090618327 -0.010141745 -0.197233021 0.029563708 0.012581626 0.979830027
1403636587563555584.000000 0.123163939 0.089170665 -0.008500845 -0.198011339 0.030806975 0.014347935 0.979610443
1403636587613555456.000000 0.140700713 0.087945133 -0.006635858 -0.197350711 0.032608368 0.016457854 0.979652286
1403636587663555584.000000 0.159032568 0.085082665 -0.004239699 -0.195591033 0.034882385 0.018082535 0.979898214
1403636587713555456.000000 0.177888706 0.082594194 -0.001715938 -0.192237064 0.037771665 0.020283708 0.980411589
1403636587763555584.000000 0.197058633 0.079403095 0.000406070 -0.188771859 0.040879510 0.023364523 0.980891585
1403636587813555456.000000 0.216037229 0.078025870 0.003047471 -0.185650110 0.044627558 0.025112206 0.981280684
1403636587863555584.000000 0.234356612 0.076761462 0.004783799 -0.184802502 0.048077215 0.027108040 0.981224656
1403636587913555456.000000 0.251931399 0.076876096 0.006495941 -0.185964599 0.051478796 0.028137801 0.980803430
1403636587963555584.000000 0.269597143 0.077718124 0.007694988 -0.189608961 0.056042992 0.029132174 0.979826033
1403636588013555456.000000 0.286541700 0.078751571 0.009032281 -0.195179313 0.060946263 0.029419830 0.978429914
1403636588063555584.000000 0.300754577 0.080799550 0.010737699 -0.199920624 0.064968199 0.031246150 0.977156401
1403636588113555456.000000 0.314012825 0.082718104 0.012154715 -0.203143954 0.065590799 0.032433826 0.976411045
1403636588163555584.000000 0.325490803 0.084278293 0.012670576 -0.205189303 0.066133961 0.032104693 0.975957453
1403636588213555456.000000 0.334469676 0.086785764 0.013439050 -0.205253556 0.065725170 0.032109957 0.975971401
1403636588263555584.000000 0.341692179 0.088454045 0.014441411 -0.204324991 0.064801559 0.032671552 0.976209342
1403636588313555456.000000 0.346489877 0.089310043 0.014961526 -0.202700496 0.063410856 0.033532884 0.976610065
1403636588363555584.000000 0.348597109 0.090390876 0.015208442 -0.200702310 0.062052388 0.033944912 0.977095604
1403636588413555456.000000 0.349140674 0.091075450 0.014993412 -0.199224874 0.061266370 0.035147589 0.977405071
1403636588463555584.000000 0.347349495 0.091704696 0.014688038 -0.198756978 0.061446469 0.035697460 0.977469027
1403636588513555456.000000 0.344427764 0.092023052 0.013674995 -0.199064806 0.062861137 0.034986265 0.977342188
1403636588563555584.000000 0.338438451 0.091104783 0.012276681 -0.199062124 0.064136758 0.034025874 0.977293789
1403636588613555456.000000 0.330491304 0.089732423 0.010242864 -0.198676378 0.063904621 0.034209982 0.977380991
1403636588663555584.000000 0.320307404 0.088644177 0.007931699 -0.198131695 0.063243993 0.033734988 0.977551043
1403636588713555456.000000 0.308656812 0.088471822 0.005351943 -0.198615119 0.061094362 0.034500331 0.977562964
1403636588763555584.000000 0.294892162 0.088841729 0.002232107 -0.200159177 0.058859326 0.033241868 0.977428794
1403636588813555456.000000 0.280680835 0.089833625 0.000042018 -0.201621324 0.056311827 0.032726962 0.977295697
1403636588863555584.000000 0.263692617 0.090809464 -0.001461342 -0.202525482 0.054537833 0.032635327 0.977212369
1403636588913555456.000000 0.245433331 0.091314547 -0.003693333 -0.202372715 0.051726766 0.032767691 0.977392435
1403636588963555584.000000 0.226044267 0.091308326 -0.006100324 -0.201724306 0.049046669 0.031671576 0.977700710
1403636589013555456.000000 0.205052525 0.091113195 -0.008956058 -0.199892327 0.046214357 0.030106667 0.978264272
1403636589063555584.000000 0.183890238 0.090865798 -0.012407959 -0.196967661 0.042963400 0.028820733 0.979044080
1403636589113555456.000000 0.161761194 0.089531995 -0.015705336 -0.194502756 0.040003050 0.026758408 0.979720592
1403636589163555584.000000 0.139625072 0.088170767 -0.018903693 -0.191984072 0.037521541 0.025825296 0.980340481
1403636589213555456.000000 0.115975209 0.086426154 -0.021557001 -0.190847635 0.035587292 0.024945769 0.980657160
1403636589263555584.000000 0.092180811 0.086039484 -0.024099646 -0.190790594 0.033572920 0.023937855 0.980764389
1403636589313555456.000000 0.068265855 0.085426353 -0.026594654 -0.192375138 0.030656770 0.021918697 0.980597615
1403636589363555584.000000 0.043215498 0.087088481 -0.028720433 -0.194236234 0.028443130 0.020325217 0.980331719
1403636589413555456.000000 0.018598139 0.088928945 -0.030757338 -0.195739567 0.026630869 0.017390780 0.980140030
1403636589463555584.000000 -0.004171458 0.089976646 -0.031863764 -0.196276501 0.024960216 0.015859786 0.980102599
1403636589513555456.000000 -0.028430108 0.090943769 -0.033933293 -0.195669875 0.023484658 0.015146888 0.980271637
1403636589563555584.000000 -0.052650925 0.091804095 -0.036173679 -0.194591463 0.021630123 0.014934886 0.980532110
1403636589613555456.000000 -0.076976754 0.093120627 -0.037990741 -0.193518505 0.020681737 0.013858641 0.980780721
1403636589663555584.000000 -0.100582585 0.095308468 -0.039059512 -0.192218333 0.019242976 0.012495829 0.981083989
1403636589713555456.000000 -0.123413637 0.096924633 -0.041252069 -0.191647545 0.017723430 0.011984741 0.981230617
1403636589763555584.000000 -0.146532089 0.099107742 -0.043162756 -0.192112297 0.014537002 0.011409560 0.981198967
1403636589813555456.000000 -0.167991310 0.102834478 -0.044292040 -0.193715066 0.010524972 0.010641352 0.980943739
1403636589863555584.000000 -0.187917188 0.105825424 -0.046161715 -0.197079659 0.006852554 0.009249460 0.980319977
1403636589913555456.000000 -0.205607966 0.109241046 -0.047208212 -0.200190365 0.002333197 0.008961754 0.979713261
1403636589963555584.000000 -0.221734226 0.112235636 -0.048050761 -0.201930404 -0.002685077 0.009340934 0.979351640
1403636590013555456.000000 -0.236320004 0.114604175 -0.049293905 -0.201542839 -0.007212033 0.009697511 0.979405165
1403636590063555584.000000 -0.248571619 0.115762219 -0.050163593 -0.198987275 -0.010401989 0.009593060 0.979899943
1403636590113555456.000000 -0.259028375 0.116164945 -0.051185764 -0.195597708 -0.013313181 0.009233387 0.980550349
1403636590163555584.000000 -0.265509099 0.115910456 -0.052564997 -0.192189872 -0.016567906 0.009491810 0.981172025
1403636590213555456.000000 -0.269485682 0.115568712 -0.053823117 -0.189889595 -0.017746318 0.008902347 0.981604755
1403636590263555584.000000 -0.269699931 0.114929132 -0.055017103 -0.189300820 -0.017988212 0.008148524 0.981720567
1403636590313555456.000000 -0.267274231 0.114301920 -0.056316935 -0.190194011 -0.017146001 0.006467675 0.981575489
1403636590363555584.000000 -0.261486053 0.113600291 -0.057728011 -0.191201270 -0.014859794 0.006523869 0.981416702
1403636590413555456.000000 -0.252890408 0.113096647 -0.059019096 -0.191752076 -0.012231505 0.005511679 0.981351793
1403636590463555584.000000 -0.241321906 0.111821435 -0.060088523 -0.191644683 -0.008263015 0.005113510 0.981416285
1403636590513555456.000000 -0.227592394 0.110209621 -0.061624132 -0.190404803 -0.004680931 0.003784085 0.981687248
1403636590563555584.000000 -0.211213946 0.108231544 -0.062773176 -0.188890204 -0.000916502 0.003013250 0.981993198
1403636590613555456.000000 -0.193494320 0.105860718 -0.064213894 -0.187604845 0.001985438 0.002679928 0.982238948
1403636590663555584.000000 -0.174627841 0.104877055 -0.064674072 -0.186495915 0.005634856 0.002697238 0.982435882
1403636590713555456.000000 -0.153726876 0.103423975 -0.065010756 -0.186802387 0.008364583 0.003016020 0.982357264
1403636590763555584.000000 -0.131888986 0.102550469 -0.065045834 -0.188235402 0.010981557 0.004457740 0.982052445
1403636590813555456.000000 -0.109694891 0.102009729 -0.064360745 -0.190857023 0.011882097 0.006475985 0.981524587
1403636590863555584.000000 -0.086329319 0.102078900 -0.062743805 -0.193819731 0.012961327 0.008809956 0.980911970
1403636590913555456.000000 -0.062944986 0.102168754 -0.061414305 -0.196275860 0.014397366 0.010117033 0.980390847
1403636590963555584.000000 -0.039089512 0.101838082 -0.059108566 -0.197889104 0.016387137 0.010280441 0.980033517
1403636591013555456.000000 -0.015848737 0.102019764 -0.057284959 -0.197730526 0.017088106 0.010589141 0.980050266
1403636591063555584.000000 0.007631006 0.102142647 -0.055541046 -0.196572438 0.015925983 0.011388273 0.980293810
1403636591113555456.000000 0.029530525 0.101575360 -0.052997530 -0.195794106 0.015313154 0.012365775 0.980447531
1403636591163555584.000000 0.051298343 0.100797355 -0.051000129 -0.195846155 0.015308511 0.013788027 0.980418205
1403636591213555456.000000 0.073109366 0.100049138 -0.048017107 -0.196839884 0.015556994 0.015340487 0.980192184
1403636591263555584.000000 0.093406394 0.100805163 -0.044872746 -0.197635978 0.016667513 0.016112154 0.980001390
1403636591313555456.000000 0.111797705 0.101549231 -0.042579908 -0.199069500 0.018198118 0.016971607 0.979669452
1403636591363555584.000000 0.126691371 0.102488965 -0.039903235 -0.200604334 0.021034177 0.017978795 0.979281485
1403636591413555456.000000 0.140326381 0.104973868 -0.036445245 -0.201310292 0.023032248 0.018852882 0.979075253
1403636591463555584.000000 0.151768178 0.108154729 -0.032199085 -0.200915664 0.024246965 0.020652486 0.979090691
1403636591513555456.000000 0.161656782 0.110671856 -0.028680857 -0.200056598 0.027092300 0.020328587 0.979198813
1403636591563555584.000000 0.170972347 0.112911478 -0.024095636 -0.196605802 0.032994412 0.021021988 0.979701877
1403636591613555456.000000 0.179456830 0.114676237 -0.018451888 -0.190778896 0.040799912 0.021810394 0.980542243
1403636591663555584.000000 0.185338542 0.116257958 -0.012467364 -0.181767225 0.047998216 0.021922950 0.981924772
1403636591713555456.000000 0.190213606 0.117339373 -0.008032534 -0.171405897 0.053252406 0.020923803 0.983537734
1403636591763555584.000000 0.193928391 0.117452510 -0.003110282 -0.161049202 0.059153534 0.019436793 0.984980345
1403636591813555456.000000 0.197434634 0.116335884 0.001396665 -0.150406629 0.065210260 0.018701255 0.986293972
1403636591863555584.000000 0.200197831 0.115317605 0.005238420 -0.141410574 0.070198074 0.018901423 0.987278104
1403636591913555456.000000 0.203384802 0.113227457 0.009071816 -0.136063755 0.075135492 0.020502662 0.987634003
1403636591963555584.000000 0.206590831 0.111687250 0.013438765 -0.135592252 0.079099603 0.023640765 0.987319171
1403636592013555456.000000 0.211453870 0.109673537 0.018111829 -0.139093593 0.083282471 0.026990000 0.986401856
1403636592063555584.000000 0.217691675 0.107781932 0.025519805 -0.142576903 0.088544704 0.031177640 0.985322177
1403636592113555456.000000 0.224416822 0.105402477 0.034061015 -0.146198943 0.093777291 0.035105962 0.984174430
1403636592163555584.000000 0.231805146 0.103162639 0.043829758 -0.150206238 0.098402373 0.039058026 0.982969820
1403636592213555456.000000 0.238873065 0.100873515 0.054661006 -0.154982790 0.101974331 0.041789580 0.981751144
1403636592263555584.000000 0.245731771 0.098012537 0.065221593 -0.159321889 0.103583165 0.043415230 0.980817080
1403636592313555456.000000 0.250695229 0.094781950 0.076921321 -0.163392708 0.103428826 0.044205818 0.980128109
1403636592363555584.000000 0.254126310 0.090711959 0.090283498 -0.166860670 0.101300851 0.047133673 0.979629576
1403636592413555456.000000 0.254978091 0.085793614 0.103734702 -0.169614434 0.097398810 0.047434419 0.979537845
1403636592463555584.000000 0.253950894 0.080483191 0.118195571 -0.170097470 0.091850333 0.047415856 0.979990900
1403636592513555456.000000 0.249786809 0.074934140 0.133551821 -0.167404220 0.084727742 0.045155939 0.981202364
1403636592563555584.000000 0.243556857 0.069133230 0.148716077 -0.162981227 0.077446982 0.041990194 0.982688129
1403636592613555456.000000 0.234933883 0.063595295 0.163404301 -0.158437639 0.068800822 0.037493307 0.984255195
1403636592663555584.000000 0.224453479 0.060071062 0.178797930 -0.154301599 0.060360719 0.031972803 0.985659897
1403636592713555456.000000 0.211416289 0.055959910 0.192459062 -0.152187735 0.050964240 0.026912034 0.986669838
1403636592763555584.000000 0.194882497 0.053201698 0.205776155 -0.151570916 0.039852858 0.022384843 0.987388968
1403636592813555456.000000 0.176233217 0.050976176 0.216699421 -0.151983812 0.026348904 0.018598523 0.987856627
1403636592863555584.000000 0.152859733 0.049053811 0.222439915 -0.153889418 0.011558973 0.016024558 0.987890542
1403636592913555456.000000 0.127856001 0.050165907 0.228240788 -0.156430021 -0.003054631 0.012400177 0.987606466
1403636592963555584.000000 0.100351609 0.051182006 0.228234977 -0.159557328 -0.017385805 0.009324798 0.986991525
1403636593013555456.000000 0.070742019 0.052808881 0.223658204 -0.162487999 -0.032008559 0.006133173 0.986172140
1403636593063555584.000000 0.040352121 0.056251910 0.217843324 -0.165100023 -0.045887150 0.001786881 0.985207200
1403636593113555456.000000 0.009602485 0.059854940 0.207677290 -0.167049974 -0.058921564 -0.003087481 0.984181464
1403636593163555584.000000 -0.022140339 0.064625122 0.193728790 -0.167918041 -0.071923748 -0.005067571 0.983160675
1403636593213555456.000000 -0.052416403 0.069425337 0.177313745 -0.168522805 -0.083520532 -0.005803902 0.982135832
1403636593263555584.000000 -0.081462346 0.073635258 0.158281177 -0.169231802 -0.094769828 -0.003790020 0.981002033
1403636593313555456.000000 -0.106156431 0.079181485 0.138058141 -0.171179458 -0.102920920 -0.003872965 0.979841828
1403636593363555584.000000 -0.126632437 0.085696049 0.116665758 -0.173621699 -0.107660271 -0.005040202 0.978897095
1403636593413555456.000000 -0.143300846 0.094678253 0.096478760 -0.175351217 -0.110213540 -0.005396376 0.978302598
1403636593463555584.000000 -0.155292869 0.103483625 0.074562192 -0.176917836 -0.109577224 -0.007171519 0.978080511
1403636593513555456.000000 -0.162478358 0.112765588 0.051721763 -0.178570390 -0.106139481 -0.007023997 0.978160381
1403636593563555584.000000 -0.165523142 0.122413114 0.029924985 -0.180698082 -0.102155663 -0.004528549 0.978208542
1403636593613555456.000000 -0.164706349 0.132191092 0.008164771 -0.184313446 -0.095705032 -0.000792929 0.978196621
1403636593663555584.000000 -0.158816963 0.141704455 -0.012861939 -0.188874796 -0.088899426 0.004702299 0.977957666
1403636593713555456.000000 -0.150113717 0.152088910 -0.031046659 -0.192743778 -0.078281149 0.009434070 0.978076100
1403636593763555584.000000 -0.137815028 0.160747424 -0.047305342 -0.195904121 -0.064793825 0.015513824 0.978357136
1403636593813555456.000000 -0.120403484 0.167816311 -0.065563180 -0.197228327 -0.048741903 0.023213102 0.978869915
1403636593863555584.000000 -0.100296557 0.174036145 -0.079884954 -0.195215315 -0.030274628 0.029973643 0.979834735
1403636593913555456.000000 -0.078734532 0.177903801 -0.093703449 -0.191056117 -0.009959517 0.038154431 0.980786741
1403636593963555584.000000 -0.052136585 0.181394920 -0.104959264 -0.185286328 0.008856705 0.044550620 0.981634259
1403636594013555456.000000 -0.026718091 0.183230728 -0.113475099 -0.179610193 0.029755563 0.050197724 0.982005656
1403636594063555584.000000 0.000856812 0.183885142 -0.119040087 -0.175212801 0.050122593 0.055551313 0.981683433
1403636594113555456.000000 0.029268567 0.183486581 -0.121637464 -0.172705129 0.067913540 0.061398610 0.980709434
1403636594163555584.000000 0.057106484 0.181699321 -0.121587589 -0.172512889 0.085020922 0.067196004 0.979027808
1403636594213555456.000000 0.087569386 0.180277243 -0.115757242 -0.173219159 0.098610975 0.071950950 0.977289140
1403636594263555584.000000 0.116791859 0.178653464 -0.106595188 -0.173606649 0.110849924 0.074183047 0.975740731
1403636594313555456.000000 0.144712135 0.175049752 -0.095000677 -0.174314767 0.120947085 0.073896743 0.974435985
1403636594363555584.000000 0.173749074 0.170745581 -0.079845615 -0.173867777 0.128915370 0.073080659 0.973555386
1403636594413555456.000000 0.202469900 0.165159971 -0.060399257 -0.171547562 0.134974867 0.071553469 0.973259151
1403636594463555584.000000 0.228017345 0.157996923 -0.041364472 -0.167990848 0.138913259 0.068224236 0.973564386
1403636594513555456.000000 0.251454413 0.151728705 -0.019199463 -0.162263602 0.141099244 0.064535566 0.974472523
1403636594563555584.000000 0.271780401 0.143802747 0.006330874 -0.156276092 0.141696706 0.064245895 0.975383162
1403636594613555456.000000 0.286152095 0.135981187 0.030120127 -0.151697844 0.140924841 0.064246789 0.976217389
1403636594663555584.000000 0.294753850 0.128432751 0.053194754 -0.147923514 0.139283925 0.065533705 0.976946235
1403636594713555456.000000 0.296800315 0.121844426 0.075551368 -0.145296171 0.135833845 0.064765394 0.977877140
1403636594763555584.000000 0.292492658 0.115376472 0.096078344 -0.143683419 0.129388168 0.063581116 0.979066551
1403636594813555456.000000 0.279961914 0.111689493 0.116419457 -0.141558111 0.119972199 0.059095774 0.980854571
1403636594863555584.000000 0.261354774 0.108143598 0.135052875 -0.139558077 0.109052673 0.054091088 0.982703030
1403636594913555456.000000 0.238059208 0.105861895 0.152395234 -0.137666211 0.094920017 0.047320243 0.984783709
1403636594963555584.000000 0.207230777 0.104097314 0.163536564 -0.136300713 0.078693159 0.039348945 0.986752868
1403636595013555456.000000 0.171492428 0.103154816 0.170792058 -0.135122731 0.058479760 0.032354534 0.988572299
1403636595063555584.000000 0.134716719 0.102609940 0.173600703 -0.136156723 0.038289547 0.024546497 0.989642799
1403636595113555456.000000 0.093914859 0.105290376 0.176771581 -0.138292879 0.018062428 0.017258970 0.990076244
1403636595163555584.000000 0.054362047 0.108745255 0.175984949 -0.141073182 -0.000716184 0.011602771 0.989930928
1403636595213555456.000000 0.015651254 0.112397723 0.170652434 -0.143908098 -0.019350827 0.008075775 0.989368916
1403636595263555584.000000 -0.017395109 0.117494427 0.165079415 -0.146438047 -0.036916696 0.004108882 0.988522232
1403636595313555456.000000 -0.047137402 0.122622833 0.155732259 -0.149263948 -0.052185699 0.000956965 0.987418890
1403636595363555584.000000 -0.071944997 0.128938228 0.143322513 -0.150879100 -0.063365512 -0.003583067 0.986512780
1403636595413555456.000000 -0.089922220 0.134413540 0.130449608 -0.152484387 -0.071289137 -0.005022438 0.985718608
1403636595463555584.000000 -0.100897133 0.139363855 0.115818821 -0.154066771 -0.076544784 -0.006885180 0.985067010
1403636595513555456.000000 -0.104774833 0.144211754 0.099729314 -0.156245679 -0.079339109 -0.006431400 0.984505594
1403636595563555584.000000 -0.102900535 0.149980396 0.083991557 -0.158637181 -0.080949858 -0.008112862 0.983979523
1403636595613555456.000000 -0.093148656 0.155957043 0.068700761 -0.160861239 -0.080384359 -0.008189321 0.983664095
1403636595663555584.000000 -0.079062611 0.162047073 0.053746160 -0.163241118 -0.076171555 -0.008873539 0.983601272
1403636595713555456.000000 -0.059239395 0.168050513 0.039464287 -0.164530382 -0.069069698 -0.008378930 0.983915091
1403636595763555584.000000 -0.035481848 0.174746484 0.026293050 -0.165188551 -0.058799289 -0.008949059 0.984467089
1403636595813555456.000000 -0.007925360 0.181010589 0.013565455 -0.165005520 -0.044289798 -0.008134382 0.985264182
1403636595863555584.000000 0.019879401 0.188091591 0.001292401 -0.164509356 -0.028566167 -0.005850922 0.985944450
1403636595913555456.000000 0.047904298 0.193908870 -0.010970055 -0.164860189 -0.012145622 -0.001936299 0.986240327
1403636595963555584.000000 0.075836398 0.200908631 -0.020980621 -0.165741995 0.003248516 0.002584787 0.986160457
1403636596013555456.000000 0.100424081 0.207272679 -0.034871437 -0.167768836 0.018773954 0.006285365 0.985627532
1403636596063555584.000000 0.120456204 0.212809891 -0.049702398 -0.170056805 0.034108501 0.010278564 0.984790206
1403636596113555456.000000 0.134714052 0.219295606 -0.064347990 -0.171888009 0.046944249 0.014755494 0.983886719
1403636596163555584.000000 0.143668965 0.223837003 -0.080190204 -0.173236504 0.055441923 0.019365253 0.983127892
1403636596213555456.000000 0.144227892 0.227309078 -0.095620170 -0.173115417 0.061048917 0.023439728 0.982728243
1403636596263555584.000000 0.137065068 0.229283050 -0.112276383 -0.172223762 0.064178340 0.027496986 0.982580304
1403636596313555456.000000 0.124640703 0.229910016 -0.129854009 -0.170500308 0.065602034 0.030442385 0.982699990
1403636596363555584.000000 0.109040149 0.230804428 -0.148498073 -0.167954296 0.066543899 0.031842429 0.983030677
1403636596413555456.000000 0.090000704 0.231471553 -0.168088824 -0.165130973 0.067441545 0.030572543 0.983488083
1403636596463555584.000000 0.069425434 0.231476709 -0.188645527 -0.162635759 0.067037188 0.028233688 0.984001279
1403636596513555456.000000 0.049411841 0.232497081 -0.207339063 -0.159966230 0.065780260 0.025032721 0.984610140
1403636596563555584.000000 0.031176476 0.232765719 -0.224246442 -0.157970220 0.063862622 0.021894857 0.985133350
1403636596613555456.000000 0.014847042 0.234592304 -0.238255307 -0.157606184 0.063573994 0.019881384 0.985252917
1403636596663555584.000000 0.000219440 0.234822169 -0.248914719 -0.159108922 0.063422151 0.018767510 0.985043108
1403636596713555456.000000 -0.011470860 0.235948086 -0.256496012 -0.160438821 0.062426891 0.018132247 0.984902859
1403636596763555584.000000 -0.018599009 0.236872479 -0.258027881 -0.160216302 0.061016124 0.015710283 0.985069036
1403636596813555456.000000 -0.022170981 0.236578047 -0.254332900 -0.158024043 0.060935508 0.013496362 0.985460877
1403636596863555584.000000 -0.021628231 0.234889090 -0.245977730 -0.155116200 0.060965046 0.010095332 0.985961676
1403636596913555456.000000 -0.018363401 0.231843084 -0.232062951 -0.152604207 0.061496340 0.007823798 0.986341238
1403636596963555584.000000 -0.012200471 0.228149906 -0.212901533 -0.152365983 0.062303443 0.004565048 0.986347914
1403636597013555456.000000 -0.005145242 0.222300217 -0.190362737 -0.154938474 0.063516207 0.004246976 0.985871077
1403636597063555584.000000 0.003718393 0.216920599 -0.163885549 -0.160067663 0.063535184 0.003127842 0.985054255
1403636597113555456.000000 0.012045361 0.209210232 -0.136257753 -0.166331410 0.061159160 0.003613327 0.984164894
1403636597163555584.000000 0.021536106 0.200644135 -0.106380038 -0.171458796 0.056024093 0.002521259 0.983593881
1403636597213555456.000000 0.030190611 0.190145865 -0.076221555 -0.174603939 0.049803533 0.000451266 0.983378291
1403636597263555584.000000 0.039839067 0.178516105 -0.044116851 -0.175087586 0.042526014 -0.002080358 0.983631849
1403636597313555456.000000 0.047581986 0.165201753 -0.015310144 -0.174060777 0.035237569 -0.005864769 0.984086871
1403636597363555584.000000 0.052939560 0.152871430 0.017129865 -0.171629757 0.027418705 -0.008981986 0.984739006
1403636597413555456.000000 0.057932597 0.140848070 0.047671955 -0.169650555 0.019687764 -0.013952706 0.985208809
1403636597463555584.000000 0.060667876 0.130102575 0.076275028 -0.167551309 0.011011774 -0.017580075 0.985645115
1403636597513555456.000000 0.060689762 0.121211596 0.102225691 -0.165414065 0.001535152 -0.023149794 0.985951304
1403636597563555584.000000 0.057608746 0.114611454 0.123819642 -0.162096590 -0.009488396 -0.025473349 0.986400425
1403636597613555456.000000 0.051323917 0.108996622 0.140118122 -0.158287510 -0.021537436 -0.027236391 0.986782432
1403636597663555584.000000 0.043652635 0.106469817 0.151535660 -0.153953180 -0.034418020 -0.028111959 0.987078309
1403636597713555456.000000 0.032985236 0.105545044 0.155435026 -0.149349928 -0.045868438 -0.028771684 0.987300813
1403636597763555584.000000 0.021439765 0.106747404 0.154478922 -0.145085499 -0.055368263 -0.030195091 0.987407148
1403636597813555456.000000 0.008793466 0.109976418 0.148588568 -0.141101852 -0.062468439 -0.032474119 0.987488449
1403636597863555584.000000 -0.002167386 0.114514261 0.138776749 -0.138180375 -0.067608237 -0.036085881 0.987437665
1403636597913555456.000000 -0.011818388 0.120727941 0.124605924 -0.136372030 -0.072126552 -0.040189572 0.987210870
1403636597963555584.000000 -0.019724697 0.127707571 0.107454926 -0.136645690 -0.075068660 -0.043748185 0.986802280
1403636598013555456.000000 -0.025699217 0.135825634 0.088417858 -0.138806164 -0.077098899 -0.046721380 0.986207783
1403636598063555584.000000 -0.030608289 0.145096377 0.067718469 -0.142357290 -0.077540584 -0.048649296 0.985573530
1403636598113555456.000000 -0.033854231 0.154618114 0.046705820 -0.148342460 -0.078089125 -0.047892895 0.984684229
1403636598163555584.000000 -0.035206288 0.165123865 0.026912954 -0.155960128 -0.076214567 -0.048853464 0.983606219
1403636598213555456.000000 -0.033907879 0.176285550 0.009325691 -0.165564120 -0.073839121 -0.049202591 0.982199311
1403636598263555584.000000 -0.031227214 0.187479272 -0.006242911 -0.175214007 -0.071196564 -0.051600758 0.980596006
1403636598313555456.000000 -0.028371502 0.198292226 -0.016693832 -0.182215884 -0.067226142 -0.052280307 0.979563594
1403636598363555584.000000 -0.022913817 0.207991555 -0.023206282 -0.186781317 -0.062983923 -0.054549988 0.978861630
1403636598413555456.000000 -0.017173052 0.215919510 -0.024323266 -0.188938186 -0.058525562 -0.055099528 0.978693664
1403636598463555584.000000 -0.010093892 0.223759264 -0.020096732 -0.188107386 -0.056866899 -0.057063807 0.978838861
1403636598513555456.000000 -0.004611976 0.228626788 -0.012109822 -0.185350895 -0.055809848 -0.057396479 0.979405940
1403636598563555584.000000 0.000428648 0.230996549 -0.000532766 -0.180162624 -0.057618283 -0.057829089 0.980243564
1403636598613555456.000000 0.007133846 0.232402369 0.015370789 -0.173246130 -0.061855413 -0.056825735 0.981290221
1403636598663555584.000000 0.012689110 0.233112961 0.032937694 -0.165125325 -0.066937104 -0.056965001 0.982348204
1403636598713555456.000000 0.017153066 0.234630555 0.052034326 -0.155755445 -0.072630301 -0.056404263 0.983505845
1403636598763555584.000000 0.021948799 0.237437606 0.071138367 -0.144548699 -0.080131486 -0.055231508 0.984700024
1403636598813555456.000000 0.025831336 0.241036296 0.089997470 -0.133439094 -0.085915670 -0.053571995 0.985871494
1403636598863555584.000000 0.029850613 0.246198729 0.108415842 -0.121274479 -0.089615464 -0.052103315 0.987191379
1403636598913555456.000000 0.033667415 0.252311170 0.126363248 -0.110731781 -0.091248840 -0.049692392 0.988404155
1403636598963555584.000000 0.037963443 0.259533137 0.143336326 -0.101143867 -0.091516234 -0.050034463 0.989389360
1403636599013555456.000000 0.040929049 0.266995132 0.158385426 -0.093547292 -0.092359297 -0.050122987 0.990053713
1403636599063555584.000000 0.042997114 0.272798151 0.171090230 -0.085058533 -0.094277292 -0.048013475 0.990742922
1403636599113555456.000000 0.044991963 0.277850032 0.182101816 -0.075356856 -0.098561287 -0.045369025 0.991235971
1403636599163555584.000000 0.046297964 0.281097382 0.190947369 -0.062996849 -0.103100680 -0.041847467 0.991791546
1403636599213555456.000000 0.047552522 0.283759624 0.199891612 -0.046393987 -0.103827864 -0.040998530 0.992666423
1403636599263555584.000000 0.048098419 0.285402030 0.208659545 -0.030691950 -0.104197197 -0.037707403 0.993367612
1403636599313555456.000000 0.048497766 0.286957026 0.215907589 -0.017458884 -0.104191281 -0.034880269 0.993792117
1403636599363555584.000000 0.048911560 0.288959891 0.222926438 -0.008044458 -0.102782458 -0.033522058 0.994106293
1403636599413555456.000000 0.049951717 0.292134732 0.230336159 -0.002066241 -0.100104392 -0.034363888 0.994381249
1403636599463555584.000000 0.050692566 0.295460910 0.236351907 0.000148376 -0.096603259 -0.035507943 0.994689405
1403636599513555456.000000 0.050854046 0.298608720 0.241389707 -0.001274527 -0.092184357 -0.033849485 0.995165646
1403636599563555584.000000 0.051177867 0.301976621 0.246179521 -0.004028090 -0.087869801 -0.032754879 0.995585144
1403636599613555456.000000 0.051746842 0.305505097 0.249478921 -0.007343395 -0.085409060 -0.031517718 0.995820343
1403636599663555584.000000 0.052528046 0.309190422 0.251998097 -0.009720970 -0.083204076 -0.032019369 0.995970607
1403636599713555456.000000 0.053523369 0.312175125 0.254301280 -0.008120401 -0.082696468 -0.031558096 0.996041894
1403636599763555584.000000 0.054670554 0.312279701 0.254166901 0.000710987 -0.083972208 -0.031618044 0.995966077
1403636599813555456.000000 0.055777084 0.312176108 0.254437923 0.008912050 -0.084274746 -0.030247385 0.995943546
1403636599863555584.000000 0.056414727 0.312542617 0.253823221 0.015107752 -0.084534615 -0.028837603 0.995888591
1403636599913555456.000000 0.057131406 0.312940806 0.253400415 0.017230121 -0.085388280 -0.027271379 0.995825469
1403636599963555584.000000 0.057546284 0.313175887 0.253532648 0.016297203 -0.084246486 -0.025243672 0.995991826
1403636600013555456.000000 0.057960749 0.313502520 0.253604829 0.015839253 -0.083507702 -0.024447121 0.996081293
1403636600063555584.000000 0.058900770 0.314106762 0.253659904 0.015840910 -0.084350266 -0.022180695 0.996063352
1403636600113555456.000000 0.059595786 0.314023316 0.253860474 0.019009160 -0.085209779 -0.019892907 0.995983064
1403636600163555584.000000 0.060067847 0.314088106 0.253232211 0.019553931 -0.084881306 -0.021214625 0.995973349
1403636600213555456.000000 0.059713989 0.314118952 0.253094137 0.019354949 -0.085374795 -0.019947067 0.995961189
1403636600263555584.000000 0.059637625 0.314074308 0.252971143 0.019237213 -0.085587204 -0.019735487 0.995949447
1403636600313555456.000000 0.059423599 0.314101666 0.252907425 0.019345764 -0.085652038 -0.019495331 0.995946527
1403636600363555584.000000 0.059428949 0.313973874 0.252938926 0.019370252 -0.085852399 -0.018725922 0.995943546
1403636600413555456.000000 0.059460498 0.314024240 0.253046423 0.019498430 -0.086027920 -0.018802825 0.995924413
1403636600463555584.000000 0.059201937 0.314034671 0.252822846 0.019420134 -0.086239219 -0.018268637 0.995917618
1403636600513555456.000000 0.059319679 0.314043194 0.252884209 0.019674236 -0.085920438 -0.018458182 0.995936692
1403636600563555584.000000 0.059507225 0.313964814 0.253055364 0.019674679 -0.086051889 -0.018703584 0.995920837
1403636600613555456.000000 0.059205960 0.313874155 0.252553433 0.019509990 -0.086096816 -0.018320166 0.995927274
1403636600663555584.000000 0.059408855 0.313936830 0.253065288 0.019518515 -0.086034380 -0.018339578 0.995932102
1403636600713555456.000000 0.059381578 0.313999891 0.252853036 0.019486764 -0.086052172 -0.018335436 0.995931268
1403636600763555584.000000 0.059220828 0.313942373 0.252726287 0.019429833 -0.086007722 -0.018381350 0.995935440
1403636600813555456.000000 0.059393898 0.314010561 0.253200918 0.019493695 -0.085889108 -0.018620063 0.995939970
1403636600863555584.000000 0.059232958 0.313985705 0.252967656 0.019383062 -0.086136408 -0.018150894 0.995929420
1403636600913555456.000000 0.059480481 0.313947260 0.253295362 0.019472837 -0.085997753 -0.018502783 0.995933175
1403636600963555584.000000 0.059142359 0.313923717 0.252791196 0.019396525 -0.086022362 -0.018287851 0.995936513
1403636601013555456.000000 0.059482712 0.313958645 0.253138185 0.019426670 -0.085894890 -0.018531723 0.995942414
1403636601063555584.000000 0.059172839 0.313946873 0.252741307 0.019363942 -0.085911185 -0.018364765 0.995945334
1403636601113555456.000000 0.059357677 0.314002931 0.253318161 0.019441664 -0.085881226 -0.018537266 0.995943189
1403636601163555584.000000 0.059222158 0.313955247 0.253136724 0.019374838 -0.085973650 -0.018308708 0.995940745
1403636601213555456.000000 0.059384059 0.313992769 0.252867520 0.019407192 -0.085888542 -0.018553762 0.995942950
1403636601263555584.000000 0.059239615 0.313961446 0.252991140 0.019347988 -0.085968599 -0.018309610 0.995941699
1403636601313555456.000000 0.059377898 0.314020783 0.253394723 0.019410878 -0.085907191 -0.018494474 0.995942354
1403636601363555584.000000 0.059293631 0.313906044 0.253131896 0.019370025 -0.085963428 -0.018226668 0.995943248
1403636601413555456.000000 0.059244912 0.313967109 0.253128320 0.019374680 -0.085827149 -0.018569941 0.995948553
1403636601463555584.000000 0.059302270 0.313947260 0.253167361 0.019322164 -0.085903898 -0.018351577 0.995947003
1403636601513555456.000000 0.059323013 0.314019054 0.253246218 0.019400867 -0.085938320 -0.018388648 0.995941818
1403636601563555584.000000 0.059274562 0.313960582 0.253213882 0.019446516 -0.085905321 -0.018259102 0.995946169
1403636601613555456.000000 0.059233699 0.314031273 0.253258407 0.019367760 -0.085861817 -0.018401071 0.995948851
1403636601663555584.000000 0.059220202 0.314008653 0.253268123 0.019430878 -0.085829251 -0.018380513 0.995950818
1403636601713555456.000000 0.059228726 0.314045310 0.253320992 0.019365294 -0.085894920 -0.018339710 0.995947182
1403636601763555584.000000 0.059268992 0.314004183 0.253603280 0.019396964 -0.085812360 -0.018492544 0.995950878
1403636601813555456.000000 0.059156548 0.314011574 0.252975792 0.019326970 -0.085787028 -0.018476747 0.995954692
1403636601863555584.000000 0.059282418 0.313965946 0.253265917 0.019352302 -0.085842595 -0.018425677 0.995950341
1403636601913555456.000000 0.059303455 0.313998193 0.253092051 0.019336566 -0.085909307 -0.018260740 0.995947957
1403636601963555584.000000 0.059265353 0.313953966 0.253528774 0.019326614 -0.085852906 -0.018382516 0.995950758
1403636602013555456.000000 0.059201930 0.313859195 0.252820224 0.019316787 -0.085927971 -0.018139118 0.995948970
1403636602063555584.000000 0.059300944 0.314003259 0.253340781 0.019360606 -0.085869655 -0.018420946 0.995947957
1403636602113555456.000000 0.059225548 0.313914776 0.253170073 0.019332966 -0.085871659 -0.018208129 0.995952249
1403636602163555584.000000 0.059235662 0.314013422 0.253099144 0.019325271 -0.085838564 -0.018401109 0.995951653
1403636602213555456.000000 0.059191339 0.313936412 0.253095537 0.019386075 -0.085866593 -0.018248368 0.995950878
1403636602263555584.000000 0.059303198 0.314052910 0.253148884 0.019386493 -0.085821584 -0.018500302 0.995950103
1403636602313555456.000000 0.059177611 0.314026743 0.253267854 0.019380493 -0.085829906 -0.018369181 0.995951951
1403636602363555584.000000 0.059248846 0.314015687 0.253222555 0.019354664 -0.085796118 -0.018437680 0.995954096
1403636602413555456.000000 0.059272349 0.314012408 0.252930969 0.019354478 -0.085870892 -0.018284939 0.995950460
1403636602463555584.000000 0.059250653 0.314012736 0.253165245 0.019395621 -0.085817181 -0.018408595 0.995952010
1403636602513555456.000000 0.059186302 0.314021647 0.253235042 0.019406678 -0.085805751 -0.018345473 0.995953977
1403636602563555584.000000 0.059245877 0.313974321 0.253238916 0.019361753 -0.085845701 -0.018300233 0.995952189
1403636602613555456.000000 0.059259418 0.314019859 0.252966464 0.019319400 -0.085817434 -0.018407268 0.995953500
1403636602663555584.000000 0.059183892 0.314060658 0.253199756 0.019396288 -0.085782915 -0.018504268 0.995953143
1403636602713555456.000000 0.059237622 0.314014941 0.253223807 0.019398971 -0.085850805 -0.018353147 0.995950043
1403636602763555584.000000 0.059259120 0.313967437 0.253271252 0.019351900 -0.085885964 -0.018254837 0.995949745
1403636602813555456.000000 0.059362423 0.314084470 0.253158897 0.019405095 -0.085823394 -0.018460017 0.995950341
1403636602863555584.000000 0.059204441 0.314022362 0.253306329 0.019420337 -0.085839055 -0.018394919 0.995949924
1403636602913555456.000000 0.059205562 0.314072192 0.253159851 0.019396624 -0.085842408 -0.018380124 0.995950341
1403636602963555584.000000 0.059205174 0.314090937 0.253321469 0.019404735 -0.085788690 -0.018369216 0.995954990
1403636603013555456.000000 0.059224851 0.314108580 0.253161609 0.019409252 -0.085797675 -0.018472640 0.995952249
1403636603063555584.000000 0.059225604 0.314085066 0.253058910 0.019408032 -0.085748665 -0.018472780 0.995956481
1403636603113555456.000000 0.059215002 0.314061522 0.253178537 0.019431299 -0.085826091 -0.018400079 0.995950699
1403636603163555584.000000 0.059214618 0.314038455 0.253231227 0.019453153 -0.085836835 -0.018291788 0.995951355
1403636603213555456.000000 0.059291422 0.314085424 0.252948821 0.019457156 -0.085778989 -0.018498966 0.995952427
1403636603263555584.000000 0.059228785 0.314055830 0.253212065 0.019424431 -0.085828938 -0.018323509 0.995952010
1403636603313555456.000000 0.059212044 0.314079344 0.253251880 0.019423401 -0.085817710 -0.018402433 0.995951533
1403636603363555584.000000 0.059287533 0.314045638 0.253380895 0.019416397 -0.085872307 -0.018287290 0.995949090
1403636603413555456.000000 0.059221927 0.314047366 0.253305465 0.019457726 -0.085796364 -0.018359909 0.995953500
1403636603463555584.000000 0.059261724 0.314072818 0.252907991 0.019423930 -0.085823067 -0.018346526 0.995952129
1403636603513555456.000000 0.059195358 0.314090580 0.253156036 0.019454017 -0.085788518 -0.018399235 0.995953500
1403636603563555584.000000 0.059311535 0.314065516 0.252812654 0.019430786 -0.085853361 -0.018381396 0.995948732
1403636603613555456.000000 0.059240744 0.314107478 0.253259093 0.019438401 -0.085842304 -0.018377844 0.995949566
1403636603663555584.000000 0.059247270 0.314025402 0.253185689 0.019394498 -0.085889608 -0.018327910 0.995947301
1403636603713555456.000000 0.059231758 0.314093143 0.253133684 0.019435052 -0.085754961 -0.018515524 0.995954633
1403636603763555584.000000 0.059333682 0.314122498 0.253076166 0.019397099 -0.085820124 -0.018414317 0.995951593
1403636603813555456.000000 0.059246451 0.314070255 0.253246486 0.019342694 -0.085787222 -0.018431813 0.995955169
1403636603863555584.000000 0.059317503 0.314081728 0.253199548 0.019511668 -0.085806809 -0.018268950 0.995953202
1403636603913555456.000000 0.059273731 0.314102143 0.253048867 0.019403812 -0.085911743 -0.018342271 0.995944917
1403636603963555584.000000 0.059213839 0.314059049 0.253179312 0.019471418 -0.085734628 -0.018406544 0.995957673
1403636604013555456.000000 0.059304070 0.314076394 0.253003061 0.019463060 -0.085831366 -0.018304951 0.995951414
1403636604063555584.000000 0.059244048 0.314058304 0.253204852 0.019460682 -0.085800149 -0.018378057 0.995952785
1403636604113555456.000000 0.059218682 0.314042836 0.253249019 0.019471237 -0.085855402 -0.018190263 0.995951235
1403636604163555584.000000 0.059289958 0.314070970 0.252711326 0.019402394 -0.085794412 -0.018371379 0.995954514
1403636604213555456.000000 0.059312105 0.314113498 0.253048658 0.019469054 -0.085764945 -0.018378479 0.995955646
1403636604263555584.000000 0.059346996 0.314043820 0.252788037 0.019422060 -0.085814260 -0.018405674 0.995951772
1403636604313555456.000000 0.059317540 0.314092934 0.252704173 0.019444896 -0.085768998 -0.018436626 0.995954633
1403636604363555584.000000 0.059209157 0.314090580 0.252919048 0.019379599 -0.085765719 -0.018388340 0.995957136
1403636604413555456.000000 0.059272427 0.314092070 0.253422678 0.019439606 -0.085797779 -0.018361704 0.995953679
1403636604463555584.000000 0.059248202 0.314048856 0.253358096 0.019421656 -0.085809834 -0.018318083 0.995953798
1403636604513555456.000000 0.059300091 0.314005584 0.253333837 0.019423584 -0.085883304 -0.018194130 0.995949686
1403636604563555584.000000 0.059380755 0.314007401 0.253080517 0.019388724 -0.085865438 -0.018202027 0.995951772
1403636604613555456.000000 0.059322897 0.313984275 0.253010452 0.019379428 -0.085804239 -0.018239865 0.995956540
1403636604663555584.000000 0.059369802 0.313988745 0.253032446 0.019338064 -0.085876875 -0.018299699 0.995950043
1403636604713555456.000000 0.059287183 0.314077497 0.253355563 0.019444892 -0.085771620 -0.018412685 0.995954931
1403636604763555584.000000 0.059250064 0.314027011 0.253254235 0.019407408 -0.085857421 -0.018257381 0.995951116
1403636604813555456.000000 0.059183065 0.314102858 0.253149480 0.019463979 -0.085775405 -0.018454384 0.995953381
1403636604863555584.000000 0.059190974 0.314062744 0.253051192 0.019408278 -0.085765541 -0.018393124 0.995956481
1403636604913555456.000000 0.059167594 0.314098656 0.252863735 0.019398607 -0.085672230 -0.018520342 0.995962381
1403636604963555584.000000 0.059230812 0.314127535 0.252944291 0.019424541 -0.085757330 -0.018500889 0.995954931
1403636605013555456.000000 0.059328884 0.314094067 0.253185958 0.019415868 -0.085818022 -0.018312789 0.995953321
1403636605063555584.000000 0.059236862 0.314112961 0.252718896 0.019394754 -0.085750185 -0.018472632 0.995956659
1403636605113555456.000000 0.059358347 0.314012319 0.253073841 0.019406646 -0.085791551 -0.018407367 0.995954037
1403636605163555584.000000 0.059374806 0.314020276 0.253063202 0.019430988 -0.085840262 -0.018316275 0.995950997
1403636605213555456.000000 0.059313599 0.314135641 0.252833784 0.019396316 -0.085804194 -0.018375603 0.995953679
1403636605263555584.000000 0.059233382 0.314064562 0.253317237 0.019396719 -0.085748680 -0.018403728 0.995957971
1403636605313555456.000000 0.059198331 0.314033598 0.253126472 0.019407257 -0.085727006 -0.018497130 0.995957911
1403636605363555584.000000 0.059344195 0.314084470 0.253230780 0.019403571 -0.085790187 -0.018418524 0.995953977
1403636605413555456.000000 0.059301727 0.314127505 0.252950549 0.019380370 -0.085749216 -0.018533124 0.995955825
1403636605463555584.000000 0.059285410 0.314078778 0.252936453 0.019371746 -0.085746042 -0.018478533 0.995957255
1403636605513555456.000000 0.059264448 0.314079970 0.252837479 0.019372918 -0.085708715 -0.018462420 0.995960772
1403636605563555584.000000 0.059202015 0.314095855 0.252870470 0.019379739 -0.085732087 -0.018532597 0.995957375
1403636605613555456.000000 0.059225429 0.314104855 0.252838910 0.019410441 -0.085655220 -0.018657830 0.995961070
1403636605663555584.000000 0.059340619 0.314039856 0.252894431 0.019323137 -0.085805036 -0.018330585 0.995955884
1403636605713555456.000000 0.059409801 0.314031392 0.252881169 0.019360339 -0.085841432 -0.018402424 0.995950699
1403636605763555584.000000 0.059273440 0.314016879 0.253276795 0.019373806 -0.085819073 -0.018347245 0.995953381
1403636605813555456.000000 0.059253968 0.314073384 0.253161609 0.019465458 -0.085731342 -0.018544380 0.995955527
1403636605863555584.000000 0.059298374 0.314089030 0.253544062 0.019463878 -0.085751094 -0.018513644 0.995954394
1403636605913555456.000000 0.059224118 0.314094365 0.253210843 0.019433198 -0.085805409 -0.018405780 0.995952368
1403636605963555584.000000 0.059302747 0.314109564 0.253107339 0.019458277 -0.085749798 -0.018498028 0.995954931
1403636606013555456.000000 0.059351377 0.314114869 0.253169566 0.019427622 -0.085750118 -0.018500231 0.995955467
1403636606063555584.000000 0.059317447 0.314121693 0.252992153 0.019391578 -0.085737988 -0.018478848 0.995957613
1403636606113555456.000000 0.059201166 0.314131171 0.253445208 0.019426048 -0.085714556 -0.018457284 0.995959342
1403636606163555584.000000 0.059361480 0.314092129 0.253069520 0.019391255 -0.085790083 -0.018472081 0.995953262
1403636606213555456.000000 0.059292138 0.314103574 0.253013879 0.019395191 -0.085779026 -0.018388288 0.995955706
1403636606263555584.000000 0.059413873 0.314088494 0.253012300 0.019411068 -0.085849732 -0.018302375 0.995950878
1403636606313555456.000000 0.059277650 0.314014047 0.253246158 0.019398021 -0.085821919 -0.018375712 0.995952129
1403636606363555584.000000 0.059265114 0.314098537 0.253199339 0.019439716 -0.085794099 -0.018412126 0.995953023
1403636606413555456.000000 0.059272531 0.314082026 0.253337860 0.019459689 -0.085773066 -0.018395828 0.995954752
1403636606463555584.000000 0.059286181 0.314105600 0.253087640 0.019422827 -0.085804492 -0.018440377 0.995951951
1403636606513555456.000000 0.059355032 0.314085782 0.253252536 0.019362980 -0.085822523 -0.018384013 0.995952606
1403636606563555584.000000 0.059365213 0.314076275 0.252997667 0.019376097 -0.085838333 -0.018346421 0.995951712
1403636606613555456.000000 0.059268169 0.314085782 0.253181994 0.019427994 -0.085792907 -0.018369352 0.995954156
1403636606663555584.000000 0.059315555 0.314095467 0.253309369 0.019424411 -0.085778445 -0.018388299 0.995955169
1403636606713555456.000000 0.059256393 0.314074337 0.252831310 0.019429609 -0.085785553 -0.018356171 0.995954990
1403636606763555584.000000 0.059379887 0.314068556 0.253041208 0.019377412 -0.085792728 -0.018449143 0.995953679
1403636606813555456.000000 0.059342001 0.314068794 0.253078103 0.019416947 -0.085767597 -0.018345295 0.995957077
1403636606863555584.000000 0.059355717 0.314100921 0.253106147 0.019429279 -0.085820518 -0.018384485 0.995951474
1403636606913555456.000000 0.059301034 0.314086407 0.252861440 0.019397864 -0.085796595 -0.018383967 0.995954156
1403636606963555584.000000 0.059336461 0.314128786 0.253036022 0.019427344 -0.085750826 -0.018469706 0.995956004
1403636607013555456.000000 0.059208874 0.314103901 0.253216535 0.019410865 -0.085738562 -0.018394032 0.995958745
1403636607063555584.000000 0.059291497 0.314064622 0.252788186 0.019375069 -0.085746951 -0.018408705 0.995958507
1403636607113555456.000000 0.059189305 0.314065218 0.253192306 0.019436201 -0.085735917 -0.018405657 0.995958328
1403636607163555584.000000 0.059205156 0.314055711 0.253210157 0.019409467 -0.085720718 -0.018497471 0.995958447
1403636607213555456.000000 0.059347898 0.314103067 0.253038734 0.019395432 -0.085821442 -0.018353429 0.995952606
1403636607263555584.000000 0.059313159 0.314067036 0.253070593 0.019382844 -0.085824095 -0.018281845 0.995953977
1403636607313555456.000000 0.059262868 0.314068288 0.253084302 0.019392593 -0.085738279 -0.018385798 0.995959282
1403636607363555584.000000 0.059266414 0.314136177 0.253008276 0.019429550 -0.085693605 -0.018537136 0.995959640
1403636607413555456.000000 0.059313856 0.314048707 0.252994984 0.019312654 -0.085878782 -0.018180463 0.995952487
1403636607463555584.000000 0.059196834 0.314116329 0.253313601 0.019393185 -0.085753001 -0.018456068 0.995956719
1403636607513555456.000000 0.059314217 0.314084679 0.253036469 0.019385064 -0.085803516 -0.018430369 0.995952964
1403636607563555584.000000 0.059355430 0.314061761 0.253139377 0.019347705 -0.085835077 -0.018317735 0.995953023
1403636607613555456.000000 0.059241705 0.314087301 0.253154784 0.019398060 -0.085790254 -0.018359862 0.995955169
1403636607663555584.000000 0.059392057 0.314093202 0.252993017 0.019396082 -0.085813388 -0.018353764 0.995953321
1403636607713555456.000000 0.059195220 0.314137995 0.253239810 0.019406861 -0.085737489 -0.018440766 0.995958090
1403636607763555584.000000 0.059334803 0.314118654 0.252950698 0.019423246 -0.085779652 -0.018363388 0.995955527
1403636607813555456.000000 0.059356045 0.314096004 0.253103048 0.019369449 -0.085841149 -0.018319670 0.995952070
1403636607863555584.000000 0.059303470 0.314094484 0.252897978 0.019417956 -0.085789144 -0.018364556 0.995954752
1403636607913555456.000000 0.059207521 0.314139903 0.253315717 0.019448824 -0.085690588 -0.018562414 0.995958984
1403636607963555584.000000 0.059353765 0.314096242 0.252929896 0.019399246 -0.085830919 -0.018326810 0.995952249
1403636608013555456.000000 0.059374779 0.314097077 0.253096104 0.019441701 -0.085786134 -0.018441172 0.995953143
1403636608063555584.000000 0.059215907 0.314064801 0.253139645 0.019365037 -0.085824668 -0.018341206 0.995953202
1403636608113555456.000000 0.059221949 0.314103514 0.253265709 0.019350803 -0.085821986 -0.018438900 0.995951891
1403636608163555584.000000 0.059241582 0.314089596 0.253321677 0.019419657 -0.085724741 -0.018480806 0.995958209
1403636608213555456.000000 0.059277885 0.314028323 0.253284961 0.019370181 -0.085826881 -0.018377239 0.995952249
1403636608263555584.000000 0.059257928 0.314100295 0.253076464 0.019394781 -0.085772902 -0.018369529 0.995956600
1403636608313555456.000000 0.059235882 0.314111143 0.252994299 0.019411542 -0.085744530 -0.018413508 0.995957851
1403636608363555584.000000 0.059264094 0.314106017 0.253155172 0.019409798 -0.085736379 -0.018472711 0.995957553
1403636608413555456.000000 0.059279617 0.314098358 0.253096819 0.019415058 -0.085745819 -0.018475110 0.995956540
1403636608463555584.000000 0.059305478 0.314107686 0.252952009 0.019398153 -0.085756727 -0.018456234 0.995956302
1403636608513555456.000000 0.059294183 0.314079344 0.253031969 0.019355414 -0.085890703 -0.018298782 0.995948493
1403636608563555584.000000 0.059295699 0.314091474 0.252832443 0.019350141 -0.085803300 -0.018345598 0.995955288
1403636608613555456.000000 0.059346724 0.314114720 0.253073484 0.019408843 -0.085795313 -0.018306641 0.995955527
1403636608663555584.000000 0.059284028 0.314066201 0.252930135 0.019357299 -0.085755728 -0.018451346 0.995957255
1403636608713555456.000000 0.059332140 0.314086229 0.252900958 0.019368440 -0.085818112 -0.018306991 0.995954335
1403636608763555584.000000 0.059261370 0.314052075 0.253388941 0.019363258 -0.085847959 -0.018290108 0.995952129
1403636608813555456.000000 0.059426986 0.314093292 0.253245175 0.019381475 -0.085887842 -0.018297259 0.995948255
1403636608863555584.000000 0.059345700 0.314051390 0.252944827 0.019377058 -0.085806206 -0.018365892 0.995954096
1403636608913555456.000000 0.059288152 0.314058095 0.252906471 0.019376300 -0.085787266 -0.018428368 0.995954573
1403636608963555584.000000 0.059308030 0.314133197 0.253090322 0.019397315 -0.085841969 -0.018269125 0.995952427
1403636609013555456.000000 0.059313014 0.314068079 0.252876133 0.019372094 -0.085734867 -0.018453799 0.995958745
1403636609063555584.000000 0.059314609 0.314099014 0.253079206 0.019391783 -0.085804671 -0.018351385 0.995954216
1403636609113555456.000000 0.059269000 0.314140230 0.253035307 0.019374423 -0.085783936 -0.018476002 0.995954037
1403636609163555584.000000 0.059251823 0.314091623 0.253189057 0.019373948 -0.085731842 -0.018443268 0.995959163
1403636609213555456.000000 0.059249196 0.314075530 0.253264219 0.019411828 -0.085777111 -0.018329082 0.995956600
1403636609263555584.000000 0.059321899 0.314099312 0.253232598 0.019412028 -0.085843392 -0.018350782 0.995950520
1403636609313555456.000000 0.059341211 0.314057559 0.252981991 0.019355476 -0.085849218 -0.018341428 0.995951235
1403636609363555584.000000 0.059370384 0.314094096 0.253141910 0.019351939 -0.085794866 -0.018362733 0.995955646
1403636609413555456.000000 0.059202697 0.314107478 0.253212243 0.019406972 -0.085793734 -0.018425357 0.995953441
1403636609463555584.000000 0.059324425 0.314069271 0.252958179 0.019389054 -0.085777894 -0.018368170 0.995956242
1403636609513555456.000000 0.059292179 0.314107150 0.253034621 0.019429805 -0.085810781 -0.018341202 0.995953143
1403636609563555584.000000 0.059351575 0.314096063 0.253030002 0.019395122 -0.085866727 -0.018311806 0.995949507
1403636609613555456.000000 0.059236005 0.314093798 0.253047317 0.019360235 -0.085789211 -0.018370695 0.995955825
1403636609663555584.000000 0.059286550 0.314116567 0.253069878 0.019321624 -0.085857652 -0.018323913 0.995951474
1403636609713555456.000000 0.059229575 0.314113557 0.253209054 0.019432681 -0.085751310 -0.018393464 0.995957196
1403636609763555584.000000 0.059393171 0.314098597 0.253221959 0.019473786 -0.085832894 -0.018268859 0.995951712
1403636609813555456.000000 0.059304658 0.314113408 0.253139526 0.019358663 -0.085881285 -0.018231366 0.995950460
1403636609863555584.000000 0.059242081 0.314067274 0.252919346 0.019401519 -0.085741088 -0.018320240 0.995960116
1403636609913555456.000000 0.059328590 0.314126581 0.253227472 0.019431217 -0.085819274 -0.018373163 0.995951772
1403636609963555584.000000 0.059284352 0.314156681 0.252878755 0.019389754 -0.085733697 -0.018406503 0.995959342
1403636610013555456.000000 0.059295151 0.314097971 0.253354520 0.019443400 -0.085796140 -0.018361434 0.995953739
1403636610063555584.000000 0.059340350 0.314121962 0.252989888 0.019423094 -0.085769281 -0.018313317 0.995957375
1403636610113555456.000000 0.059312161 0.314126313 0.253479511 0.019506887 -0.085799411 -0.018266948 0.995953977
1403636610163555584.000000 0.059345257 0.314141929 0.253018349 0.019452004 -0.085762240 -0.018415112 0.995955527
1403636610213555456.000000 0.059293658 0.314067781 0.253171921 0.019399265 -0.085794993 -0.018319910 0.995955467
1403636610263555584.000000 0.059409026 0.314089537 0.252974749 0.019349491 -0.085778728 -0.018436003 0.995955706
1403636610313555456.000000 0.059250049 0.314064801 0.253107071 0.019401280 -0.085745320 -0.018452218 0.995957315
1403636610363555584.000000 0.059264399 0.314143747 0.252997100 0.019420324 -0.085705377 -0.018492425 0.995959640
1403636610413555456.000000 0.059301216 0.314049274 0.252760708 0.019394800 -0.085736781 -0.018356200 0.995959938
1403636610463555584.000000 0.059290826 0.314086497 0.252993166 0.019402565 -0.085815996 -0.018237388 0.995955169
1403636610513555456.000000 0.059253104 0.314133823 0.252627194 0.019348232 -0.085801952 -0.018347153 0.995955408
1403636610563555584.000000 0.059341010 0.314085007 0.252882510 0.019396346 -0.085877098 -0.018161990 0.995951355
1403636610613555456.000000 0.059268218 0.314177722 0.252622724 0.019422408 -0.085749671 -0.018436488 0.995956779
1403636610663555584.000000 0.059265949 0.314106882 0.253248900 0.019411746 -0.085761361 -0.018315399 0.995958269
1403636610713555456.000000 0.059340425 0.314049065 0.253091663 0.019341899 -0.085699119 -0.018410616 0.995963216
1403636610763555584.000000 0.059219673 0.314040691 0.252732545 0.019223381 -0.085663915 -0.018537970 0.995966136
1403636610813555456.000000 0.059239279 0.313996792 0.253337741 0.019268895 -0.085645154 -0.018660320 0.995964587
1403636610863555584.000000 0.059203137 0.314143062 0.252974898 0.019237492 -0.085792758 -0.018701918 0.995951772
1403636610913555456.000000 0.059233420 0.314026475 0.253370315 0.019349856 -0.085701853 -0.018725578 0.995956957
1403636610963555584.000000 0.059236031 0.314096391 0.252801657 0.019195676 -0.085817918 -0.018396057 0.995956063
1403636611013555456.000000 0.059203707 0.313991100 0.253056705 0.019403704 -0.085732214 -0.018514492 0.995957255
1403636611063555584.000000 0.059309203 0.314062595 0.253014266 0.019238153 -0.085822806 -0.018347459 0.995955765
1403636611113555456.000000 0.059250981 0.313948303 0.253200948 0.019295840 -0.085767910 -0.018518481 0.995956182
1403636611163555584.000000 0.059321329 0.314010441 0.253164113 0.019221321 -0.085844658 -0.018385727 0.995953441
1403636611213555456.000000 0.059281047 0.313970536 0.252998501 0.019216305 -0.085788615 -0.018538635 0.995955527
1403636611263555584.000000 0.059333581 0.313985854 0.253203988 0.019245628 -0.085845165 -0.018424930 0.995952249
1403636611313555456.000000 0.059333164 0.313940436 0.252776414 0.019227015 -0.085744046 -0.018507406 0.995959699
1403636611363555584.000000 0.059000801 0.313933492 0.252631009 0.019004527 -0.086389467 -0.017754151 0.995921969
1403636611413555456.000000 0.059085980 0.313979924 0.252606660 0.019280553 -0.085931234 -0.018371325 0.995945096
1403636611463555584.000000 0.059406638 0.314156473 0.252946556 0.019049658 -0.086110964 -0.017659530 0.995946884
1403636611513555456.000000 0.059928548 0.314229965 0.252658784 0.019406388 -0.085375756 -0.018923484 0.995980084
1403636611563555584.000000 0.059831176 0.314180791 0.252744645 0.019076707 -0.085873879 -0.017959531 0.995961428
1403636611613555456.000000 0.059799291 0.314223439 0.253095835 0.019297920 -0.085635416 -0.018606238 0.995965898
1403636611663555584.000000 0.059768241 0.314157009 0.252923548 0.019210601 -0.086006202 -0.017784366 0.995950699
1403636611713555456.000000 0.059948809 0.314270526 0.252842695 0.019586397 -0.085603170 -0.018527206 0.995964527
1403636611763555584.000000 0.059721164 0.314191997 0.252839088 0.019336021 -0.085878134 -0.018046714 0.995954573
1403636611813555456.000000 0.059711844 0.314209819 0.252852917 0.019389931 -0.085965760 -0.017698174 0.995952189
1403636611863555584.000000 0.060049713 0.314186335 0.253262818 0.019757364 -0.085577972 -0.018212086 0.995969117
1403636611913555456.000000 0.059790477 0.314287961 0.252875566 0.019352783 -0.085686639 -0.018422093 0.995963871
1403636611963555584.000000 0.059682228 0.314217478 0.253018051 0.019380016 -0.086009607 -0.017945612 0.995944142
1403636612013555456.000000 0.059544761 0.314028829 0.253253192 0.019515222 -0.086147003 -0.017474091 0.995938003
1403636612063555584.000000 0.059849989 0.314191520 0.252952754 0.019361157 -0.085637510 -0.018610066 0.995964408
1403636612113555456.000000 0.059462290 0.314077199 0.252953291 0.019289201 -0.086321399 -0.017198296 0.995932162
1403636612163555584.000000 0.059419587 0.313923001 0.252911806 0.019487975 -0.086355783 -0.017276401 0.995923936
1403636612213555456.000000 0.059446525 0.314183474 0.253178030 0.019241842 -0.086253695 -0.017387789 0.995935619
1403636612263555584.000000 0.060380626 0.314299524 0.253129423 0.019782925 -0.085312642 -0.019868882 0.995959699
1403636612313555456.000000 0.059351891 0.314058512 0.252551526 0.019362999 -0.086348318 -0.017102895 0.995930016
1403636612363555584.000000 0.060179904 0.314254582 0.252925992 0.019544773 -0.085398108 -0.019641582 0.995961547
1403636612413555456.000000 0.059485104 0.314113826 0.252770633 0.019425636 -0.086175002 -0.017309630 0.995940268
1403636612463555584.000000 0.060136743 0.314305514 0.253306240 0.019632177 -0.085549340 -0.019232884 0.995954871
1403636612513555456.000000 0.059708767 0.314088285 0.252856553 0.019470805 -0.086149640 -0.017590251 0.995936632
1403636612563555584.000000 0.060016587 0.314159155 0.252814889 0.019541690 -0.085632078 -0.018922724 0.995955467
1403636612613555456.000000 0.059823591 0.314212620 0.253002793 0.019544203 -0.085960768 -0.017996617 0.995944262
1403636612663555584.000000 0.059921224 0.314235419 0.252770066 0.019487629 -0.085618556 -0.018942736 0.995957255
1403636612713555456.000000 0.059816796 0.314134568 0.252746791 0.019549856 -0.086057954 -0.017934872 0.995936871
1403636612763555584.000000 0.059955474 0.314228565 0.252961934 0.019550981 -0.085614949 -0.018760003 0.995959818
1403636612813555456.000000 0.059783023 0.314187676 0.252812028 0.019595621 -0.085767865 -0.018217832 0.995955884
1403636612863555584.000000 0.059767235 0.314167976 0.252795607 0.019549139 -0.085736282 -0.018419858 0.995955765
1403636612913555456.000000 0.059849638 0.314236552 0.252776831 0.019572470 -0.085672349 -0.018567692 0.995958090
1403636612963555584.000000 0.059850141 0.314212978 0.252818018 0.019623756 -0.085765503 -0.018143790 0.995956898
1403636613013555456.000000 0.059976228 0.314241350 0.252796352 0.019711338 -0.085718475 -0.018417133 0.995954156
1403636613063555584.000000 0.059787162 0.314220518 0.252870142 0.019695932 -0.085902326 -0.017851930 0.995948911
1403636613113555456.000000 0.059874430 0.314232558 0.253090352 0.019628344 -0.085562430 -0.018882254 0.995960534
1403636613163555584.000000 0.059652861 0.314114004 0.252673894 0.019743815 -0.085775003 -0.017687881 0.995961845
1403636613213555456.000000 0.059987307 0.314269990 0.253225863 0.019722128 -0.085694455 -0.018445808 0.995955467
1403636613263555584.000000 0.059823807 0.314236253 0.252931923 0.019717939 -0.085893407 -0.017834546 0.995949566
1403636613313555456.000000 0.059935592 0.314208686 0.252945691 0.019781554 -0.085722931 -0.018304905 0.995954394
1403636613363555584.000000 0.059720848 0.314192802 0.252871215 0.019697774 -0.085834779 -0.017861778 0.995954514
1403636613413555456.000000 0.060049634 0.314216882 0.253031433 0.019702846 -0.085766599 -0.018287754 0.995952547
1403636613463555584.000000 0.059761450 0.314215183 0.252745658 0.019765265 -0.085751444 -0.017885264 0.995959938
1403636613513555456.000000 0.059923436 0.314264953 0.253021091 0.019797869 -0.085669406 -0.018384906 0.995957255
1403636613563555584.000000 0.059724756 0.314219654 0.252598673 0.019763213 -0.085792117 -0.017891455 0.995956421
1403636613613555456.000000 0.059901126 0.314234853 0.252831668 0.019755160 -0.085714348 -0.018197276 0.995957673
1403636613663555584.000000 0.059806760 0.314257652 0.252853870 0.019750390 -0.085851952 -0.017871864 0.995951831
1403636613713555456.000000 0.059874810 0.314216971 0.252862632 0.019781305 -0.085748106 -0.017951209 0.995958745
1403636613763555584.000000 0.059871379 0.314261675 0.252924830 0.019832905 -0.085782856 -0.017892305 0.995955825
1403636613813555456.000000 0.059799992 0.314218223 0.252848208 0.019794902 -0.085732140 -0.017947830 0.995959878
1403636613863555584.000000 0.059867661 0.314227164 0.253009021 0.019771885 -0.085724749 -0.017993156 0.995960176
1403636613913555456.000000 0.059827548 0.314196736 0.252764136 0.019760050 -0.085734442 -0.017959313 0.995960176
1403636613963555584.000000 0.059804149 0.314250141 0.252827734 0.019749785 -0.085715301 -0.018047001 0.995960414
1403636614013555456.000000 0.059779644 0.314239085 0.252873659 0.019796131 -0.085772090 -0.017930662 0.995956779
1403636614063555584.000000 0.059871644 0.314229518 0.253104776 0.019786086 -0.085728027 -0.017980125 0.995959818
1403636614113555456.000000 0.059858490 0.314239651 0.252739429 0.019773521 -0.085750870 -0.017944543 0.995958805
1403636614163555584.000000 0.059865471 0.314251751 0.252893656 0.019781740 -0.085720360 -0.018071694 0.995958924
1403636614213555456.000000 0.059793971 0.314248204 0.252844602 0.019774707 -0.085703239 -0.018028909 0.995961368
1403636614263555584.000000 0.059901562 0.314227521 0.252996206 0.019746779 -0.085744008 -0.018120352 0.995956659
1403636614313555456.000000 0.059942439 0.314219832 0.253230691 0.019824181 -0.085827947 -0.017795444 0.995953798
1403636614363555584.000000 0.060009114 0.314173847 0.252849817 0.019805679 -0.085733987 -0.018007748 0.995958447
1403636614413555456.000000 0.059799887 0.314244270 0.252843142 0.019760914 -0.085742347 -0.017929824 0.995959997
1403636614463555584.000000 0.059871264 0.314281762 0.252876788 0.019785186 -0.085703172 -0.018236576 0.995957375
1403636614513555456.000000 0.059844669 0.314194471 0.252887696 0.019752815 -0.085890532 -0.017786028 0.995949984
1403636614563555584.000000 0.059878957 0.314252555 0.252844989 0.019787276 -0.085697956 -0.018196819 0.995958507
1403636614613555456.000000 0.059895348 0.314255714 0.253149301 0.019784246 -0.085736051 -0.018008312 0.995958686
1403636614663555584.000000 0.059820652 0.314230293 0.252994388 0.019771772 -0.085734047 -0.018178722 0.995956004
1403636614713555456.000000 0.059844326 0.314228088 0.252970874 0.019786775 -0.085753053 -0.017985735 0.995957553
1403636614763555584.000000 0.059933264 0.314189136 0.253204495 0.019729173 -0.085786641 -0.018057277 0.995954573
1403636614813555456.000000 0.059792686 0.314235568 0.253067791 0.019794542 -0.085783504 -0.017975673 0.995954990
1403636614863555584.000000 0.059832010 0.314285368 0.252798319 0.019794764 -0.085738376 -0.018163757 0.995955467
1403636614913555456.000000 0.059862107 0.314223617 0.252909660 0.019760514 -0.085739873 -0.018086221 0.995957375
1403636614963555584.000000 0.059857745 0.314178765 0.252858937 0.019736113 -0.085723087 -0.018081423 0.995959401
1403636615013555456.000000 0.059710979 0.314200372 0.253149271 0.019774863 -0.085751742 -0.017954493 0.995958507
1403636615063555584.000000 0.059866954 0.314192414 0.252815813 0.019751159 -0.085735679 -0.018049622 0.995958567
1403636615113555456.000000 0.059824597 0.314175367 0.252854466 0.019723384 -0.085731000 -0.018079853 0.995958984
1403636615163555584.000000 0.059791099 0.314216524 0.252787501 0.019713735 -0.085727900 -0.018087491 0.995959401
1403636615213555456.000000 0.059815768 0.314224720 0.253123730 0.019752817 -0.085738130 -0.018105287 0.995957375
1403636615263555584.000000 0.059786838 0.314216763 0.252945662 0.019770818 -0.085747287 -0.017976183 0.995958567
1403636615313555456.000000 0.059899446 0.314210802 0.252996176 0.019736858 -0.085744314 -0.018157287 0.995956242
1403636615363555584.000000 0.059782848 0.314236760 0.252950370 0.019768560 -0.085680455 -0.018015588 0.995963633
1403636615413555456.000000 0.059776817 0.314249814 0.252969354 0.019765595 -0.085714966 -0.018012054 0.995960772
1403636615463555584.000000 0.059853364 0.314215392 0.253188789 0.019754985 -0.085771784 -0.018056311 0.995955348
1403636615513555456.000000 0.059880890 0.314251661 0.253097355 0.019757528 -0.085755266 -0.018136129 0.995955229
1403636615563555584.000000 0.059873816 0.314206481 0.252930194 0.019728448 -0.085762851 -0.018030405 0.995957077
1403636615613555456.000000 0.059816699 0.314214855 0.252973109 0.019764896 -0.085749909 -0.018097771 0.995956242
1403636615663555584.000000 0.059869319 0.314231098 0.253031075 0.019798541 -0.085755847 -0.017999914 0.995956838
1403636615713555456.000000 0.059849724 0.314209819 0.252942473 0.019754175 -0.085757732 -0.018070798 0.995956302
1403636615763555584.000000 0.059842583 0.314229161 0.252957702 0.019754939 -0.085735768 -0.018124983 0.995957196
1403636615813555456.000000 0.059875622 0.314216346 0.252881259 0.019782307 -0.085753143 -0.018052941 0.995956421
1403636615863555584.000000 0.059804868 0.314271629 0.253121048 0.019757528 -0.085710302 -0.018062530 0.995960414
1403636615913555456.000000 0.059899122 0.314258128 0.252859384 0.019768458 -0.085707568 -0.018110130 0.995959580
1403636615963555584.000000 0.059811883 0.314241916 0.253101617 0.019767998 -0.085732311 -0.018020727 0.995959103
1403636616013555456.000000 0.059912588 0.314228326 0.253074855 0.019787272 -0.085718296 -0.018060079 0.995959163
1403636616063555584.000000 0.059798580 0.314253360 0.252799332 0.019747578 -0.085707240 -0.018098632 0.995960236
1403636616113555456.000000 0.059903573 0.314196706 0.253086001 0.019779269 -0.085717015 -0.018108953 0.995958567
1403636616163555584.000000 0.059807822 0.314224541 0.252744555 0.019737136 -0.085699208 -0.018126233 0.995960653
1403636616213555456.000000 0.059836578 0.314238429 0.253070354 0.019771308 -0.085746109 -0.017982008 0.995958567
1403636616263555584.000000 0.059804544 0.314249367 0.252858251 0.019757641 -0.085726254 -0.018038860 0.995959520
1403636616313555456.000000 0.059808943 0.314209789 0.252790123 0.019746292 -0.085707709 -0.018096955 0.995960236
1403636616363555584.000000 0.059819814 0.314195007 0.252896994 0.019751351 -0.085719444 -0.018088641 0.995959282
1403636616413555456.000000 0.059844323 0.314194947 0.252832323 0.019696714 -0.085755169 -0.018039791 0.995958209
1403636616463555584.000000 0.059888683 0.314242899 0.253190935 0.019764120 -0.085747361 -0.018082749 0.995956779
1403636616513555456.000000 0.059857108 0.314227611 0.252924502 0.019750049 -0.085714579 -0.018124474 0.995959103
1403636616563555584.000000 0.059879605 0.314246386 0.253042638 0.019778123 -0.085738502 -0.018018031 0.995958388
1403636616613555456.000000 0.059887353 0.314264208 0.252784252 0.019760031 -0.085725538 -0.018063273 0.995959044
1403636616663555584.000000 0.059841946 0.314225018 0.252903700 0.019749148 -0.085708454 -0.018127741 0.995959580
1403636616713555456.000000 0.059808604 0.314269960 0.253040642 0.019738989 -0.085709505 -0.018095870 0.995960236
1403636616763555584.000000 0.059922203 0.314262092 0.252824247 0.019763069 -0.085749418 -0.018082198 0.995956600
1403636616813555456.000000 0.059879966 0.314260393 0.253014714 0.019729130 -0.085713081 -0.018090503 0.995960236
1403636616863555584.000000 0.059885018 0.314244926 0.253095150 0.019738806 -0.085749656 -0.018050071 0.995957613
1403636616913555456.000000 0.059825443 0.314258009 0.253109634 0.019765809 -0.085709736 -0.018087741 0.995959878
1403636616963555584.000000 0.059827857 0.314234823 0.253000289 0.019739375 -0.085707337 -0.018110106 0.995960176
1403636617013555456.000000 0.059862319 0.314235955 0.253090113 0.019719815 -0.085732885 -0.018030802 0.995959818
1403636617063555584.000000 0.059873659 0.314187288 0.253024757 0.019755373 -0.085763440 -0.017970745 0.995957553
1403636617113555456.000000 0.059863675 0.314286351 0.252981931 0.019788632 -0.085689195 -0.018103823 0.995960891
1403636617163555584.000000 0.059792683 0.314247310 0.252982646 0.019737376 -0.085695036 -0.018068526 0.995962024
1403636617213555456.000000 0.059864216 0.314240396 0.253141314 0.019757146 -0.085723758 -0.018021572 0.995960057
1403636617263555584.000000 0.059882987 0.314262450 0.253135830 0.019758124 -0.085688755 -0.018101240 0.995961547
1403636617313555456.000000 0.059857693 0.314220220 0.253010929 0.019758612 -0.085708357 -0.018119372 0.995959580
1403636617363555584.000000 0.059880741 0.314252436 0.253112137 0.019750498 -0.085746005 -0.018055890 0.995957673
1403636617413555456.000000 0.059852980 0.314260185 0.253066808 0.019732032 -0.085678689 -0.018114433 0.995962739
1403636617463555584.000000 0.059849784 0.314248621 0.253064096 0.019771256 -0.085762694 -0.017967355 0.995957434
1403636617513555456.000000 0.059803445 0.314234793 0.252869129 0.019753322 -0.085742339 -0.018011525 0.995958686
1403636617563555584.000000 0.059846848 0.314255297 0.253061712 0.019748515 -0.085719608 -0.018083466 0.995959401
1403636617613555456.000000 0.059908994 0.314171463 0.252947688 0.019742064 -0.085751474 -0.017964056 0.995958984
1403636617663555584.000000 0.059901111 0.314199626 0.252954483 0.019773379 -0.085749932 -0.018034518 0.995957255
1403636617713555456.000000 0.059851322 0.314259589 0.252920151 0.019728867 -0.085709453 -0.018115159 0.995960176
1403636617763555584.000000 0.059898585 0.314263642 0.252978057 0.019746589 -0.085734531 -0.018049734 0.995958805
1403636617813555456.000000 0.059836179 0.314236850 0.252767563 0.019759988 -0.085720696 -0.018092604 0.995958924
1403636617863555584.000000 0.059805967 0.314199805 0.252887189 0.019736197 -0.085739754 -0.017910957 0.995961070
1403636617913555456.000000 0.059860684 0.314275891 0.252968788 0.019721685 -0.085706823 -0.018116914 0.995960474
1403636617963555584.000000 0.059808921 0.314222783 0.252775848 0.019732272 -0.085702941 -0.018010436 0.995962560
1403636618013555456.000000 0.059903879 0.314243048 0.253065675 0.019777022 -0.085680164 -0.018149029 0.995961070
1403636618063555584.000000 0.059876792 0.314237118 0.253114253 0.019774705 -0.085733995 -0.018018028 0.995958865
1403636618113555456.000000 0.059876967 0.314243197 0.252981484 0.019752074 -0.085661292 -0.018147662 0.995963216
1403636618163555584.000000 0.059840530 0.314250916 0.252963066 0.019739201 -0.085761599 -0.018014804 0.995957255
1403636618213555456.000000 0.059824437 0.314250678 0.253053933 0.019748941 -0.085719064 -0.018156499 0.995958149
1403636618263555584.000000 0.059883315 0.314241648 0.252815634 0.019727327 -0.085774668 -0.018010857 0.995956481
1403636618313555456.000000 0.059801213 0.314239889 0.252911836 0.019731922 -0.085701264 -0.018135700 0.995960355
1403636618363555584.000000 0.059933908 0.314238816 0.253168404 0.019775072 -0.085747413 -0.018048033 0.995957196
1403636618413555456.000000 0.059821554 0.314288586 0.252799720 0.019781558 -0.085641220 -0.018178925 0.995963812
1403636618463555584.000000 0.059867628 0.314223081 0.252963096 0.019729307 -0.085724570 -0.018140724 0.995958388
1403636618513555456.000000 0.059776083 0.314208299 0.252753645 0.019696664 -0.085984260 -0.018269172 0.995934248
1403636618563555584.000000 0.059804615 0.314176232 0.252821118 0.019723110 -0.085940592 -0.018063992 0.995941281
1403636618613555456.000000 0.059703439 0.314270586 0.252751023 0.019704863 -0.085787244 -0.018104529 0.995954096
1403636618663555584.000000 0.059792571 0.314212322 0.252906799 0.019719033 -0.085822329 -0.018033069 0.995952129
1403636618713555456.000000 0.059806161 0.314229280 0.252856702 0.019762333 -0.085624218 -0.017926695 0.995970249
1403636618763555584.000000 0.059852134 0.314212322 0.252838731 0.019786743 -0.085739665 -0.017869521 0.995960772
1403636618813555456.000000 0.059859704 0.314171761 0.252988845 0.019713605 -0.085722871 -0.017907649 0.995963037
1403636618863555584.000000 0.059831683 0.314149767 0.252859801 0.019775588 -0.085718073 -0.017973250 0.995961070
1403636618913555456.000000 0.059595715 0.314120412 0.252688080 0.019684914 -0.086029992 -0.017883183 0.995937526
1403636618963555584.000000 0.059757203 0.314160705 0.252699703 0.019784775 -0.086007424 -0.017983073 0.995935738
1403636619013555456.000000 0.059761643 0.314162254 0.252786845 0.019761469 -0.086051978 -0.017798046 0.995935678
1403636619063555584.000000 0.059686430 0.314203173 0.252763212 0.019693442 -0.085884012 -0.017957030 0.995948672
1403636619113555456.000000 0.059732258 0.314143658 0.252737820 0.019744014 -0.085795157 -0.017771330 0.995958626
1403636619163555584.000000 0.059879541 0.314171672 0.252995312 0.019732067 -0.085792765 -0.017667802 0.995960891
1403636619213555456.000000 0.059802100 0.314161122 0.252913862 0.019741923 -0.085708834 -0.017588761 0.995969355
1403636619263555584.000000 0.059910368 0.314163685 0.252909988 0.019756665 -0.085714936 -0.017742176 0.995965838
1403636619313555456.000000 0.059775043 0.314258248 0.253050119 0.019776158 -0.085630514 -0.018064409 0.995966911
1403636619363555584.000000 0.059739806 0.314207256 0.252771407 0.019672384 -0.086003080 -0.017979607 0.995938361
1403636619413555456.000000 0.059714861 0.314200968 0.252527922 0.019779580 -0.085989378 -0.017996581 0.995937109
1403636619463555584.000000 0.059766512 0.314150393 0.252772957 0.019679263 -0.086019158 -0.017967036 0.995937049
1403636619513555456.000000 0.059743240 0.314235091 0.252748281 0.019729508 -0.085911296 -0.017945005 0.995945811
1403636619563555584.000000 0.059807621 0.314201862 0.252682894 0.019749660 -0.085747316 -0.017924290 0.995959938
1403636619613555456.000000 0.059768394 0.314225823 0.253082633 0.019736907 -0.085760318 -0.017987689 0.995957911
1403636619663555584.000000 0.059788272 0.314207762 0.252900511 0.019775677 -0.085746832 -0.017972954 0.995958567
1403636619713555456.000000 0.059885647 0.314167738 0.252771020 0.019782519 -0.085703224 -0.017928269 0.995962977
1403636619763555584.000000 0.059976239 0.314202785 0.253050953 0.019795908 -0.085736990 -0.017906606 0.995960176
1403636619813555456.000000 0.059903424 0.314242691 0.252852023 0.019782534 -0.085696183 -0.018029610 0.995961726
1403636619863555584.000000 0.059804548 0.314226151 0.252997130 0.019772563 -0.085670337 -0.018021822 0.995964289
1403636619913555456.000000 0.059860215 0.314173102 0.252896458 0.019748097 -0.085712731 -0.017988335 0.995961785
1403636619963555584.000000 0.059797499 0.314189464 0.252914548 0.019766768 -0.085754432 -0.017914109 0.995959163
1403636620013555456.000000 0.059773244 0.314208746 0.253032148 0.019731671 -0.085758939 -0.017938737 0.995959044
1403636620063555584.000000 0.059828281 0.314231634 0.252884388 0.019750122 -0.085735597 -0.018036181 0.995958865
1403636620113555456.000000 0.059914794 0.314268678 0.253149807 0.019785615 -0.085692242 -0.018218314 0.995958567
1403636620163555584.000000 0.059839256 0.314230949 0.253042668 0.019770961 -0.085694961 -0.018230064 0.995958447
1403636620213555456.000000 0.059782870 0.314200729 0.252722293 0.019719502 -0.085706651 -0.018198814 0.995959044
1403636620263555584.000000 0.059802189 0.314219177 0.252806515 0.019723132 -0.085677154 -0.018246017 0.995960593
1403636620313555456.000000 0.059967771 0.314222366 0.253149122 0.019757854 -0.085766822 -0.018012697 0.995956481
1403636620363555584.000000 0.059817679 0.314285755 0.253092498 0.019756945 -0.085658379 -0.018248187 0.995961547
1403636620413555456.000000 0.059795246 0.314240932 0.252952754 0.019741518 -0.085668132 -0.018131275 0.995963156
1403636620463555584.000000 0.059823193 0.314240962 0.252873480 0.019783925 -0.085677147 -0.018222874 0.995959878
1403636620513555456.000000 0.059856858 0.314225227 0.252645165 0.019737473 -0.085710131 -0.018085606 0.995960474
1403636620563555584.000000 0.059893068 0.314160794 0.252938330 0.019766701 -0.085731246 -0.017998694 0.995959580
1403636620613555456.000000 0.059952427 0.314182341 0.253084242 0.019700266 -0.085713439 -0.018061241 0.995961308
1403636620663555584.000000 0.059846014 0.314261913 0.252889663 0.019771768 -0.085662782 -0.018234285 0.995961070
1403636620713555456.000000 0.059794210 0.314241290 0.252747446 0.019750327 -0.085717343 -0.018091122 0.995959461
1403636620763555584.000000 0.059850100 0.314217478 0.252854407 0.019749805 -0.085668914 -0.018162971 0.995962262
1403636620813555456.000000 0.059826389 0.314208686 0.252908230 0.019739091 -0.085710697 -0.018083265 0.995960355
1403636620863555584.000000 0.059850812 0.314193875 0.252874672 0.019747507 -0.085740060 -0.017995432 0.995959282
1403636620913555456.000000 0.059875112 0.314212441 0.253208727 0.019764325 -0.085753016 -0.017975651 0.995958149
1403636620963555584.000000 0.059979189 0.314229608 0.252863169 0.019756654 -0.085718744 -0.018107304 0.995958924
1403636621013555456.000000 0.059806481 0.314238310 0.252993315 0.019776672 -0.085671671 -0.018102514 0.995962620
1403636621063555584.000000 0.059999552 0.314174384 0.253098726 0.019841155 -0.085618638 -0.018308626 0.995962143
1403636621113555456.000000 0.059903875 0.314164996 0.252830058 0.019746395 -0.085698195 -0.017942695 0.995963871
1403636621163555584.000000 0.060051005 0.314181298 0.253039360 0.019773073 -0.085637435 -0.018424753 0.995959759
1403636621213555456.000000 0.059873339 0.314172536 0.253080428 0.019798713 -0.085697226 -0.018119641 0.995959699
1403636621263555584.000000 0.060050525 0.314215124 0.253069609 0.019767007 -0.085641585 -0.018319298 0.995961428
1403636621313555456.000000 0.059901830 0.314195633 0.252947539 0.019754803 -0.085738502 -0.018003758 0.995959103
1403636621363555584.000000 0.060010508 0.314220846 0.252912134 0.019810848 -0.085725598 -0.018283797 0.995954037
1403636621413555456.000000 0.059779398 0.314212322 0.252752692 0.019766837 -0.085659496 -0.018078988 0.995964289
1403636621463555584.000000 0.059931036 0.314212233 0.252818555 0.019808443 -0.085668534 -0.018297434 0.995958745
1403636621513555456.000000 0.059877682 0.314224511 0.252758533 0.019781256 -0.085701212 -0.018091822 0.995960236
1403636621563555584.000000 0.059977319 0.314203262 0.253018945 0.019783935 -0.085648797 -0.018389793 0.995959222
1403636621613555456.000000 0.059955992 0.314197034 0.252871126 0.019752258 -0.085618444 -0.018222060 0.995965540
1403636621663555584.000000 0.059949059 0.314230978 0.252945065 0.019817706 -0.085666887 -0.018298302 0.995958626
1403636621713555456.000000 0.059909515 0.314147711 0.252802849 0.019741690 -0.085706264 -0.018083459 0.995960772
1403636621763555584.000000 0.059947696 0.314204872 0.252922714 0.019762471 -0.085669167 -0.018350754 0.995958626
1403636621813555456.000000 0.059916727 0.314174324 0.253008544 0.019785516 -0.085685700 -0.018153761 0.995960355
1403636621863555584.000000 0.059917923 0.314182788 0.252928287 0.019787714 -0.085679784 -0.018318277 0.995957792
1403636621913555456.000000 0.059930485 0.314190447 0.253058881 0.019744702 -0.085680127 -0.018235438 0.995960116
1403636621963555584.000000 0.059893865 0.314188272 0.252930015 0.019766765 -0.085745528 -0.018111827 0.995956302
1403636622013555456.000000 0.059912652 0.314190358 0.253046125 0.019774403 -0.085681431 -0.018297158 0.995958269
1403636622063555584.000000 0.059840810 0.314197898 0.253146142 0.019792870 -0.085655853 -0.018213820 0.995961666
1403636622113555456.000000 0.059917044 0.314171433 0.252877772 0.019771611 -0.085664757 -0.018295955 0.995959818
1403636622163555584.000000 0.060006600 0.314229786 0.253232896 0.019777838 -0.085722812 -0.018340351 0.995953858
1403636622213555456.000000 0.059917759 0.314238906 0.252984643 0.019815117 -0.085682802 -0.018257029 0.995958149
1403636622263555584.000000 0.059872393 0.314175785 0.252961338 0.019778714 -0.085670814 -0.018290989 0.995959282
1403636622313555456.000000 0.059982542 0.314178079 0.253096730 0.019822432 -0.085739754 -0.018152703 0.995954931
1403636622363555584.000000 0.059890468 0.314167857 0.253053367 0.019805418 -0.085662939 -0.018242063 0.995960295
1403636622413555456.000000 0.059907500 0.314138979 0.252951235 0.019767968 -0.085710570 -0.018206423 0.995957613
1403636622463555584.000000 0.059981458 0.314219326 0.252757311 0.019769756 -0.085688844 -0.018227039 0.995959044
1403636622513555456.000000 0.059911333 0.314183056 0.252800584 0.019736517 -0.085705958 -0.018201035 0.995958686
1403636622563555584.000000 0.059841700 0.314207315 0.252930969 0.019747308 -0.085655831 -0.018298456 0.995961010
1403636622613555456.000000 0.059976190 0.314209789 0.252875030 0.019773787 -0.085705891 -0.018236581 0.995957375
1403636622663555584.000000 0.059965633 0.314162582 0.252996355 0.019782275 -0.085678264 -0.018273611 0.995958805
1403636622713555456.000000 0.059934013 0.314201266 0.252794683 0.019788515 -0.085673548 -0.018244680 0.995959699
1403636622763555584.000000 0.059982959 0.314203948 0.252889365 0.019784942 -0.085692681 -0.018177170 0.995959342
1403636622813555456.000000 0.060013901 0.314166218 0.253036708 0.019812047 -0.085694231 -0.018103937 0.995959938
1403636622863555584.000000 0.060049113 0.314100236 0.252888739 0.019836413 -0.085617945 -0.017982177 0.995968223
1403636622913555456.000000 0.060055424 0.314098060 0.253134251 0.019957978 -0.085525662 -0.017952414 0.995974302
1403636622963555584.000000 0.059964698 0.314046592 0.252901673 0.019894207 -0.085476957 -0.017923662 0.995980322
1403636623013555456.000000 0.060002878 0.314029396 0.252975464 0.019987332 -0.085401379 -0.018091479 0.995981812
1403636623063555584.000000 0.060001649 0.314044446 0.252827495 0.020003211 -0.085409045 -0.018073291 0.995981216
1403636623113555456.000000 0.059920162 0.314044535 0.252799749 0.020154852 -0.085270084 -0.018272586 0.995986402
1403636623163555584.000000 0.059852071 0.314046651 0.252722919 0.020069569 -0.085198946 -0.018364491 0.995992601
1403636623213555456.000000 0.059957895 0.314038932 0.252964616 0.020093421 -0.085256808 -0.018183587 0.995990455
1403636623263555584.000000 0.060001582 0.314049512 0.253008038 0.020058814 -0.085310988 -0.018150251 0.995987117
1403636623313555456.000000 0.059906989 0.314000458 0.252849281 0.020180833 -0.085157149 -0.018397117 0.995993257
1403636623363555584.000000 0.060001891 0.313987881 0.252864897 0.020097649 -0.085209139 -0.018059233 0.995996654
1403636623413555456.000000 0.060053118 0.313938111 0.252780378 0.020120395 -0.085151725 -0.018163934 0.995999217
1403636623463555584.000000 0.059947744 0.313947618 0.252860218 0.020137155 -0.085131116 -0.018221887 0.995999634
1403636623513555456.000000 0.060088988 0.313952416 0.253046721 0.020134896 -0.085153304 -0.018114215 0.995999753
1403636623563555584.000000 0.060043816 0.313890725 0.253119111 0.020020777 -0.085034229 -0.017894419 0.996016204
1403636623613555456.000000 0.060225014 0.313930005 0.253551304 0.020048469 -0.084971331 -0.017975058 0.996019542
1403636623663555584.000000 0.060074266 0.313914120 0.252877146 0.019865446 -0.084972829 -0.018046215 0.996021807
1403636623713555456.000000 0.060263321 0.313861758 0.253139347 0.019897293 -0.084843256 -0.017955303 0.996033847
1403636623763555584.000000 0.060173150 0.313834131 0.253006637 0.019941172 -0.084649302 -0.017802231 0.996052206
1403636623813555456.000000 0.060274299 0.313847095 0.253021777 0.019672299 -0.084427312 -0.017805316 0.996076345
1403636623863555584.000000 0.060274050 0.313789666 0.252922654 0.019784631 -0.084278226 -0.017384924 0.996094108
1403636623913555456.000000 0.060207926 0.313901544 0.252947867 0.019667784 -0.084146611 -0.017515510 0.996105373
1403636623963555584.000000 0.060116932 0.313850164 0.252851695 0.019509885 -0.083921090 -0.017421165 0.996129096
1403636624013555456.000000 0.060158532 0.313785374 0.252907664 0.019654803 -0.083900794 -0.017552063 0.996125698
1403636624063555584.000000 0.060124706 0.313819826 0.253032267 0.019578548 -0.083713584 -0.017588692 0.996142268
1403636624113555456.000000 0.060255460 0.313800365 0.252884626 0.019214842 -0.082918376 -0.017777011 0.996212542
1403636624163555584.000000 0.060245033 0.313680619 0.253018796 0.018982936 -0.082860932 -0.017047247 0.996234536
1403636624213555456.000000 0.060279217 0.313661605 0.252837837 0.018720178 -0.082787029 -0.017122835 0.996244311
1403636624263555584.000000 0.060624644 0.313634425 0.252929211 0.018472994 -0.083030440 -0.017003329 0.996230721
1403636624313555456.000000 0.060970794 0.313772589 0.252740115 0.015893281 -0.081790775 -0.017929906 0.996361554
1403636624363555584.000000 0.062411670 0.314292997 0.252423674 0.011245640 -0.080545366 -0.018356986 0.996518493
1403636624413555456.000000 0.064303800 0.314742595 0.251035780 0.007714845 -0.078601129 -0.019272154 0.996689975
1403636624463555584.000000 0.066885009 0.315208465 0.249172196 0.002782756 -0.077241719 -0.018654475 0.996833980
1403636624513555456.000000 0.070106342 0.315883309 0.247294992 -0.001802119 -0.075390279 -0.018764911 0.996975899
1403636624563555584.000000 0.073614404 0.316357136 0.244841978 -0.005071197 -0.073463984 -0.019171910 0.997100711
1403636624613555456.000000 0.077956446 0.316911995 0.242306545 -0.005868555 -0.071931817 -0.021184154 0.997167349
1403636624663555584.000000 0.083148509 0.317494512 0.240606666 -0.003876848 -0.070811145 -0.022823527 0.997221053
1403636624713555456.000000 0.089091942 0.319802225 0.236810923 -0.003358186 -0.069006145 -0.027600853 0.997228742
1403636624763555584.000000 0.095632307 0.321233273 0.233013973 -0.000494240 -0.068123996 -0.030248493 0.997218132
1403636624813555456.000000 0.103238173 0.323245108 0.228777587 -0.003743108 -0.065876819 -0.037721816 0.997107506
1403636624863555584.000000 0.111307248 0.323948115 0.222981811 -0.007111419 -0.064027622 -0.044677574 0.996922195
1403636624913555456.000000 0.119887248 0.323534638 0.215405673 -0.013509479 -0.061399762 -0.052992254 0.996614039
1403636624963555584.000000 0.127849519 0.320888698 0.207366616 -0.019714680 -0.059259344 -0.060707688 0.996199965
1403636625013555456.000000 0.135447815 0.315661073 0.197322920 -0.025618905 -0.057933774 -0.066075131 0.995801926
1403636625063555584.000000 0.140988737 0.308527350 0.187663391 -0.031713530 -0.056757897 -0.069753207 0.995443285
1403636625113555456.000000 0.145171463 0.299335182 0.178822249 -0.036944915 -0.057064459 -0.070337243 0.995204210
1403636625163555584.000000 0.147951171 0.287823677 0.168780252 -0.039792135 -0.058671050 -0.066370763 0.995273471
1403636625213555456.000000 0.149080142 0.274620116 0.161409870 -0.038171582 -0.060436159 -0.062094495 0.995507240
1403636625263555584.000000 0.149386406 0.260747731 0.154777661 -0.034631483 -0.061668690 -0.058828782 0.995759487
1403636625313555456.000000 0.149860412 0.249836162 0.150088996 -0.030834334 -0.063426904 -0.056053076 0.995933950
1403636625363555584.000000 0.150285780 0.243351325 0.146269947 -0.028934134 -0.064851195 -0.054179121 0.996002913
1403636625413555456.000000 0.150448799 0.242326170 0.146043912 -0.030448867 -0.065368056 -0.054090690 0.995928764
1403636625463555584.000000 0.150666788 0.244822994 0.146676898 -0.033503611 -0.065739609 -0.054835014 0.995765507
1403636625513555456.000000 0.150632307 0.248565078 0.148460612 -0.034826133 -0.066148557 -0.054842807 0.995692670
1403636625563555584.000000 0.150045708 0.252250612 0.151990369 -0.036034606 -0.066750474 -0.055265002 0.995586157
1403636625613555456.000000 0.149140701 0.253016502 0.155094564 -0.036079302 -0.067106336 -0.056638163 0.995483398
1403636625663555584.000000 0.147297695 0.250110328 0.159446120 -0.034437314 -0.067338854 -0.057187218 0.995494485
1403636625713555456.000000 0.144303173 0.241838351 0.161717013 -0.031487226 -0.068309389 -0.056778051 0.995549440
1403636625763555584.000000 0.140966535 0.228680298 0.164797351 -0.026424196 -0.069028914 -0.056473680 0.995664418
1403636625813555456.000000 0.137171268 0.212078765 0.166301593 -0.021278011 -0.069831960 -0.055724423 0.995773911
1403636625863555584.000000 0.133212104 0.191094488 0.167085037 -0.015479203 -0.071060650 -0.054209732 0.995877564
1403636625913555456.000000 0.127755284 0.167637914 0.169310912 -0.011753741 -0.071919098 -0.052446783 0.995961308
1403636625963555584.000000 0.123614676 0.141945213 0.168624356 -0.008885165 -0.072790436 -0.051607940 0.995971501
1403636626013555456.000000 0.119270116 0.115913652 0.168499395 -0.006576220 -0.073532030 -0.050542790 0.995989621
1403636626063555584.000000 0.113187172 0.090902127 0.168500647 -0.005378013 -0.075040810 -0.046575584 0.996077657
1403636626113555456.000000 0.107597969 0.066570535 0.167628735 -0.005089660 -0.076900251 -0.041692227 0.996153712
1403636626163555584.000000 0.103088856 0.043635000 0.167577460 -0.004567476 -0.078753442 -0.036755785 0.996205807
1403636626213555456.000000 0.099532671 0.022419028 0.165791258 -0.004402697 -0.080310307 -0.032609686 0.996226668
1403636626263555584.000000 0.097770050 0.004638175 0.167329684 -0.004329966 -0.081436880 -0.029817006 0.996223032
1403636626313555456.000000 0.095664427 -0.009122555 0.167411342 -0.004245464 -0.081993960 -0.028947655 0.996203303
1403636626363555584.000000 0.096269891 -0.018991780 0.169572055 -0.003975255 -0.082008302 -0.029023129 0.996201038
1403636626413555456.000000 0.095709331 -0.026720811 0.169612318 -0.003471578 -0.081445597 -0.030864753 0.996193707
1403636626463555584.000000 0.098036766 -0.031690218 0.175387144 -0.002159418 -0.080883332 -0.033690706 0.996151745
1403636626513555456.000000 0.101475425 -0.034690827 0.180008799 0.001624937 -0.080272861 -0.037035748 0.996083319
1403636626563555584.000000 0.104872510 -0.038236406 0.180272192 0.005299996 -0.079612605 -0.040994637 0.995968461
1403636626613555456.000000 0.108914763 -0.039684594 0.183522925 0.008965968 -0.079439200 -0.044159036 0.995820761
1403636626663555584.000000 0.113672361 -0.038448617 0.186992973 0.012126715 -0.079358794 -0.047190566 0.995654643
1403636626713555456.000000 0.118852898 -0.038947139 0.185543746 0.011684185 -0.079753481 -0.048693746 0.995556056
1403636626763555584.000000 0.124737829 -0.035966124 0.185773134 0.009244728 -0.080762058 -0.049434207 0.995463848
1403636626813555456.000000 0.128878087 -0.032249663 0.184613943 0.006432365 -0.081203997 -0.050439965 0.995399594
1403636626863555584.000000 0.134948730 -0.027522190 0.183865413 0.002581032 -0.081913255 -0.050952304 0.995332837
1403636626913555456.000000 0.140493214 -0.020816449 0.184076488 -0.001545551 -0.082069419 -0.051844336 0.995276093
1403636626963555584.000000 0.146307573 -0.014925780 0.178663805 -0.006365645 -0.081886455 -0.052632090 0.995230615
1403636627013555456.000000 0.151335374 -0.007348251 0.178181320 -0.010669780 -0.081817962 -0.053592574 0.995148122
1403636627063555584.000000 0.156715319 -0.000215737 0.177459434 -0.014706600 -0.081471935 -0.054378968 0.995082378
1403636627113555456.000000 0.162053287 0.005088352 0.173445240 -0.019515391 -0.081453644 -0.054826010 0.994976699
1403636627163555584.000000 0.166476399 0.006758577 0.171610102 -0.018544134 -0.081823438 -0.054375660 0.994989634
1403636627213555456.000000 0.170876220 0.006344819 0.169571206 -0.015714362 -0.081819765 -0.054630112 0.995024681
1403636627263555584.000000 0.176201075 0.001942528 0.165492490 -0.011628238 -0.082082897 -0.054615915 0.995059967
1403636627313555456.000000 0.179535747 -0.003315640 0.161027342 -0.008203116 -0.082917891 -0.053249434 0.995098889
1403636627363555584.000000 0.183329865 -0.012313518 0.153903395 -0.007062988 -0.083317079 -0.052202605 0.995129764
1403636627413555456.000000 0.188858882 -0.022780156 0.146320596 -0.006820406 -0.083946049 -0.051218595 0.995129764
1403636627463555584.000000 0.191161498 -0.034086052 0.140047014 -0.005730789 -0.083519056 -0.049971968 0.995235920
1403636627513555456.000000 0.196071610 -0.045660473 0.132747412 -0.006751336 -0.081998833 -0.047797129 0.995462775
1403636627563555584.000000 0.200206682 -0.054688539 0.126202941 -0.007787274 -0.078522436 -0.046379659 0.995802462
1403636627613555456.000000 0.206266671 -0.058531370 0.124247387 -0.009049665 -0.074593246 -0.044470321 0.996180892
1403636627663555584.000000 0.213033929 -0.059379429 0.119632073 -0.012125691 -0.071083598 -0.043353744 0.996454000
1403636627713555456.000000 0.218412697 -0.056211591 0.114650309 -0.016997818 -0.065955214 -0.042973299 0.996751904
1403636627763555584.000000 0.225743279 -0.050792705 0.113866225 -0.023011057 -0.060385149 -0.042339928 0.997011244
1403636627813555456.000000 0.233218893 -0.044265233 0.114379525 -0.028339213 -0.054053616 -0.041647792 0.997266591
1403636627863555584.000000 0.240724817 -0.037850022 0.113588348 -0.033659849 -0.047048811 -0.040336717 0.997510135
1403636627913555456.000000 0.248133436 -0.032657806 0.114590004 -0.038570903 -0.041279491 -0.039923422 0.997604370
1403636627963555584.000000 0.254744262 -0.030296421 0.116433494 -0.041296870 -0.036183827 -0.039966401 0.997691333
1403636628013555456.000000 0.261155546 -0.030860629 0.118322000 -0.042159159 -0.031800915 -0.039367478 0.997828424
1403636628063555584.000000 0.267591894 -0.034248441 0.121333331 -0.039847162 -0.028702658 -0.038472835 0.998052239
1403636628113555456.000000 0.271935135 -0.041731954 0.124433331 -0.033317458 -0.026100662 -0.037174813 0.998412132
1403636628163555584.000000 0.275851786 -0.052322850 0.126797110 -0.024260299 -0.024272710 -0.034999177 0.998798013
1403636628213555456.000000 0.280394703 -0.063391395 0.131952882 -0.015821846 -0.023493597 -0.032034978 0.999085367
1403636628263555584.000000 0.285454750 -0.077285103 0.136597231 -0.009794005 -0.023332721 -0.027749732 0.999294579
1403636628313555456.000000 0.290070266 -0.091472901 0.139491603 -0.005794868 -0.023990238 -0.023073919 0.999429107
1403636628363555584.000000 0.294973910 -0.105859868 0.141586736 -0.004085175 -0.024237316 -0.020447673 0.999488831
1403636628413555456.000000 0.300082952 -0.120311446 0.142063126 -0.003912593 -0.024662662 -0.017964020 0.999526739
1403636628463555584.000000 0.306309849 -0.131376743 0.147220045 -0.003624092 -0.025279725 -0.016715169 0.999534070
1403636628513555456.000000 0.313008517 -0.141346633 0.150319889 -0.004103567 -0.026028896 -0.015676552 0.999529839
1403636628563555584.000000 0.320366204 -0.149651930 0.152468055 -0.004754422 -0.026775975 -0.014587460 0.999523759
1403636628613555456.000000 0.328970015 -0.156101286 0.152613088 -0.005383240 -0.027933182 -0.013988649 0.999497414
1403636628663555584.000000 0.339166105 -0.162577391 0.156171769 -0.005554802 -0.028689908 -0.013984838 0.999475062
1403636628713555456.000000 0.349537879 -0.167626515 0.159551114 -0.005791040 -0.027481096 -0.015873086 0.999479532
1403636628763555584.000000 0.361928284 -0.169501781 0.161547452 -0.008079552 -0.024173958 -0.018635552 0.999501407
1403636628813555456.000000 0.375496089 -0.169795632 0.167126685 -0.011531914 -0.019758675 -0.020899374 0.999519825
1403636628863555584.000000 0.390196294 -0.169033885 0.171093613 -0.015765848 -0.015070590 -0.022651207 0.999505520
1403636628913555456.000000 0.405024976 -0.172376692 0.174446404 -0.020142673 -0.010784974 -0.023545742 0.999461651
1403636628963555584.000000 0.417766571 -0.171550348 0.180363581 -0.023426360 -0.007095787 -0.023832241 0.999416292
1403636629013555456.000000 0.427775085 -0.177573308 0.183497250 -0.026471518 -0.003918257 -0.023521530 0.999365151
1403636629063555584.000000 0.444924474 -0.186623245 0.188675910 -0.027964985 -0.001142129 -0.023360763 0.999335289
1403636629113555456.000000 0.455770105 -0.192881480 0.190382496 -0.028192816 0.002189211 -0.023676191 0.999319673
1403636629163555584.000000 0.470601350 -0.202662379 0.195505515 -0.028469481 0.006223140 -0.022309899 0.999326289
1403636629213555456.000000 0.485277325 -0.209929705 0.201474234 -0.027373616 0.011591366 -0.020439278 0.999349117
1403636629263555584.000000 0.499184579 -0.217580497 0.207833961 -0.025444023 0.016595550 -0.018417399 0.999368846
1403636629313555456.000000 0.511013746 -0.225244790 0.215091303 -0.023285000 0.021014685 -0.015477879 0.999388158
1403636629363555584.000000 0.524763584 -0.228385746 0.229577422 -0.020487316 0.024177514 -0.011791045 0.999428272
1403636629413555456.000000 0.543211281 -0.235475361 0.235733315 -0.017628675 0.026403567 -0.007355447 0.999468863
1403636629463555584.000000 0.557670355 -0.239264190 0.245641202 -0.013972688 0.030324368 -0.001643339 0.999441087
1403636629513555456.000000 0.572921097 -0.238350660 0.256983012 -0.011501124 0.035291106 0.003729169 0.999303997
1403636629563555584.000000 0.585433960 -0.238407582 0.264388084 -0.012139981 0.042010281 0.007641417 0.999014199
1403636629613555456.000000 0.604268134 -0.235672399 0.279930472 -0.014889024 0.050433964 0.009990347 0.998566449
1403636629663555584.000000 0.622076273 -0.231083646 0.287733465 -0.020022687 0.059672583 0.011924686 0.997945964
1403636629713555456.000000 0.640512884 -0.225348338 0.300619185 -0.024902986 0.069758356 0.013315865 0.997164190
1403636629763555584.000000 0.661144376 -0.220342159 0.314645529 -0.029611016 0.080666676 0.015229319 0.996184826
1403636629813555456.000000 0.682236552 -0.213699743 0.328261375 -0.032630261 0.091970272 0.018062690 0.995063066
1403636629863555584.000000 0.704757571 -0.206903338 0.343157500 -0.035144456 0.103183031 0.021186827 0.993815541
1403636629913555456.000000 0.724880695 -0.199187562 0.362205625 -0.036569379 0.113583341 0.024610849 0.992550194
1403636629963555584.000000 0.749280453 -0.196424797 0.374685854 -0.037442230 0.122666121 0.026057471 0.991399109
1403636630013555456.000000 0.771478355 -0.191239208 0.396534115 -0.036987320 0.130192071 0.028358161 0.990392745
1403636630063555584.000000 0.795491874 -0.193088487 0.409744114 -0.035248976 0.136283919 0.029559039 0.989601254
1403636630113555456.000000 0.816994727 -0.195456237 0.426620752 -0.030501571 0.141526192 0.030830935 0.988984048
1403636630163555584.000000 0.839411139 -0.200625435 0.447054029 -0.023230251 0.146036148 0.031298503 0.988511205
1403636630213555456.000000 0.860454559 -0.207357720 0.467626393 -0.016328167 0.150123805 0.031365462 0.988034666
1403636630263555584.000000 0.883010149 -0.216939479 0.483380139 -0.010240767 0.152912170 0.031832296 0.987673879
1403636630313555456.000000 0.905710697 -0.226284280 0.500228763 -0.006568659 0.155069962 0.031815376 0.987369180
1403636630363555584.000000 0.927751422 -0.236943573 0.518196404 -0.007136267 0.156295583 0.031810425 0.987172186
1403636630413555456.000000 0.949293256 -0.250915259 0.533744335 -0.008626986 0.157098323 0.031623460 0.987038851
1403636630463555584.000000 0.974685490 -0.263538778 0.544937372 -0.011791841 0.157248825 0.030338334 0.987022460
1403636630513555456.000000 0.995978117 -0.275003880 0.560256541 -0.013043290 0.157210633 0.029223921 0.987046480
1403636630563555584.000000 1.018327832 -0.292666703 0.574428320 -0.015300002 0.157195628 0.026205927 0.987101197
1403636630613555456.000000 1.039127350 -0.305625945 0.589212775 -0.015790317 0.156781420 0.023409581 0.987229586
1403636630663555584.000000 1.059181571 -0.322249979 0.604033053 -0.017555967 0.155966774 0.021083562 0.987381220
1403636630713555456.000000 1.079717159 -0.335498422 0.617013514 -0.018524546 0.154817238 0.019624319 0.987574518
1403636630763555584.000000 1.103858590 -0.346394479 0.632837057 -0.018161606 0.152879938 0.020357512 0.987868130
1403636630813555456.000000 1.121672630 -0.357519478 0.651192904 -0.018697439 0.150989577 0.021602936 0.988122404
1403636630863555584.000000 1.142256260 -0.366688192 0.666373491 -0.018542843 0.149177521 0.023072664 0.988367319
1403636630913555456.000000 1.162456632 -0.373628438 0.680826247 -0.018119195 0.147144735 0.024644885 0.988641918
1403636630963555584.000000 1.179739475 -0.384054214 0.705011666 -0.018091368 0.145912871 0.025843102 0.988794386
1403636631013555456.000000 1.200751305 -0.385860562 0.726560891 -0.017547937 0.145169780 0.026405662 0.988898695
1403636631063555584.000000 1.216428638 -0.393218189 0.747386038 -0.016605185 0.144428194 0.026526282 0.989020288
1403636631113555456.000000 1.235180736 -0.401541531 0.770755410 -0.015034809 0.144115180 0.026314933 0.989096761
1403636631163555584.000000 1.254636526 -0.405957848 0.785285950 -0.013476104 0.143598244 0.026155289 0.989198625
1403636631213555456.000000 1.273362517 -0.411055207 0.809855282 -0.011570703 0.143027708 0.026084131 0.989307284
1403636631263555584.000000 1.293407321 -0.417194873 0.825995326 -0.010357077 0.142845035 0.024923522 0.989377022
1403636631313555456.000000 1.311071038 -0.420610994 0.846190274 -0.010262343 0.142377168 0.025179548 0.989439011
1403636631363555584.000000 1.330137968 -0.424064070 0.867596745 -0.010374823 0.142204478 0.024429850 0.989481449
1403636631413555456.000000 1.350762248 -0.424986869 0.888509154 -0.010365583 0.141506776 0.024395708 0.989582419
1403636631463555584.000000 1.366783023 -0.422760993 0.913218319 -0.010487996 0.141506165 0.023537485 0.989601970
1403636631513555456.000000 1.387565732 -0.422023207 0.932323098 -0.010878867 0.141147554 0.022134241 0.989681363
1403636631563555584.000000 1.406043053 -0.417836547 0.955597579 -0.010666308 0.141100064 0.020758115 0.989720285
1403636631613555456.000000 1.424510717 -0.415639877 0.974824548 -0.011140824 0.140750259 0.019318407 0.989793956
1403636631663555584.000000 1.441733360 -0.414743870 0.999755561 -0.011897077 0.140219897 0.018294597 0.989879906
1403636631713555456.000000 1.458416343 -0.413813889 1.020787358 -0.012121339 0.139853880 0.017800454 0.989938021
1403636631763555584.000000 1.473324180 -0.417898089 1.043343306 -0.012880182 0.139682382 0.016944300 0.989967585
1403636631813555456.000000 1.492870808 -0.419157714 1.057994366 -0.012432967 0.138733819 0.016689578 0.990110993
1403636631863555584.000000 1.505694151 -0.427882224 1.080977559 -0.013395711 0.139139712 0.015364606 0.990062952
1403636631913555456.000000 1.523780107 -0.431181282 1.099525571 -0.014317592 0.138990462 0.014474392 0.990084469
1403636631963555584.000000 1.538347363 -0.437483817 1.119833350 -0.014720960 0.139112592 0.013805654 0.990070939
1403636632013555456.000000 1.553028107 -0.443665713 1.134685278 -0.014334301 0.139115483 0.014164591 0.990071118
1403636632063555584.000000 1.566573381 -0.451711833 1.155777931 -0.012902440 0.139566556 0.013658343 0.990034521
1403636632113555456.000000 1.577085972 -0.458280772 1.175744891 -0.011377425 0.140236124 0.012219438 0.989977300
1403636632163555584.000000 1.591204166 -0.466216356 1.193303823 -0.010143244 0.141683787 0.009027052 0.989818871
1403636632213555456.000000 1.606377363 -0.475635678 1.211591125 -0.010666657 0.142246664 0.008124387 0.989740491
1403636632263555584.000000 1.615379333 -0.480612963 1.229076624 -0.009803976 0.142683968 0.008996837 0.989678919
1403636632313555456.000000 1.625375628 -0.484822661 1.243130803 -0.009562982 0.142902821 0.010297988 0.989636958
1403636632363555584.000000 1.632933497 -0.491527557 1.266787052 -0.009328739 0.143145442 0.011155767 0.989594877
1403636632413555456.000000 1.646501780 -0.490871102 1.284677625 -0.010015600 0.143317625 0.011778409 0.989556015
1403636632463555584.000000 1.652800202 -0.488793641 1.307522058 -0.012668204 0.142795086 0.015151137 0.989555240
1403636632513555456.000000 1.660184979 -0.489355713 1.328276753 -0.015910290 0.140357420 0.018961789 0.989791512
1403636632563555584.000000 1.670610070 -0.480990112 1.347585678 -0.020588173 0.135821119 0.024308350 0.990221202
1403636632613555456.000000 1.675070405 -0.479308605 1.372464538 -0.025401276 0.130438253 0.028437313 0.990723014
1403636632663555584.000000 1.683375001 -0.478758126 1.398706317 -0.029079366 0.123680845 0.030593483 0.991424024
1403636632713555456.000000 1.691467524 -0.473579109 1.417852044 -0.031033916 0.115302533 0.031082848 0.992358863
1403636632763555584.000000 1.702698588 -0.468952596 1.433838606 -0.031666372 0.105556309 0.029946929 0.993457735
1403636632813555456.000000 1.709847689 -0.470878601 1.458476305 -0.031355891 0.095654249 0.024864366 0.994609952
1403636632863555584.000000 1.719746351 -0.470178664 1.477634192 -0.028137947 0.085500017 0.016892605 0.995797575
1403636632913555456.000000 1.729640484 -0.476728052 1.500195980 -0.024148162 0.075341538 0.007889495 0.996834159
1403636632963555584.000000 1.739858270 -0.484425575 1.523669958 -0.021660473 0.066552535 -0.000515956 0.997547686
1403636633013555456.000000 1.751046419 -0.488803029 1.545969844 -0.018953834 0.058780156 -0.007445177 0.998063266
1403636633063555584.000000 1.761972785 -0.499856949 1.569399834 -0.018512033 0.051632073 -0.012877251 0.998411536
1403636633113555456.000000 1.771693468 -0.507521093 1.591847539 -0.017627763 0.045284834 -0.016557556 0.998681366
1403636633163555584.000000 1.782895446 -0.516116738 1.614138722 -0.017536379 0.039861429 -0.019864298 0.998853862
1403636633213555456.000000 1.792709231 -0.523723900 1.637943745 -0.017547917 0.035535384 -0.021516414 0.998982668
1403636633263555584.000000 1.800352931 -0.528837621 1.664556861 -0.018816244 0.031947799 -0.021662634 0.999077618
1403636633313555456.000000 1.808266521 -0.534356534 1.689931631 -0.020324999 0.028954383 -0.021230947 0.999148548
1403636633363555584.000000 1.816767812 -0.535098851 1.718097568 -0.021911591 0.026144067 -0.018762475 0.999241889
1403636633413555456.000000 1.827246785 -0.536597967 1.745139956 -0.024063716 0.024336852 -0.016674669 0.999275029
1403636633463555584.000000 1.836034656 -0.538941681 1.771811485 -0.026028374 0.023124726 -0.014569365 0.999287546
1403636633513555456.000000 1.845759034 -0.540252268 1.800566196 -0.027704766 0.022901300 -0.013316723 0.999265075
1403636633563555584.000000 1.852284789 -0.539868891 1.830882311 -0.029517166 0.023480028 -0.012109159 0.999215126
1403636633613555456.000000 1.860668898 -0.542294025 1.863782883 -0.031874776 0.024401987 -0.011273048 0.999130368
1403636633663555584.000000 1.871084690 -0.542248189 1.893765807 -0.033055861 0.025833178 -0.010844085 0.999060750
1403636633713555456.000000 1.882389307 -0.545037270 1.918150902 -0.032689422 0.027253233 -0.010302121 0.999040842
1403636633763555584.000000 1.889060855 -0.548840284 1.952497363 -0.031813290 0.028559741 -0.008864027 0.999046445
1403636633813555456.000000 1.900295854 -0.560487866 1.982306123 -0.032035988 0.029690521 -0.008033635 0.999013364
1403636633863555584.000000 1.908126950 -0.570151448 2.014962912 -0.030805159 0.030876564 -0.005781999 0.999031663
1403636633913555456.000000 1.920709372 -0.581692874 2.044944048 -0.029703062 0.030880626 -0.002025692 0.999079585
1403636633963555584.000000 1.931654572 -0.593027532 2.079485655 -0.027561652 0.031069370 0.002667678 0.999133587
1403636634013555456.000000 1.941372275 -0.606908083 2.113270044 -0.026052641 0.031625554 0.006417368 0.999139607
1403636634063555584.000000 1.956132889 -0.614535689 2.143391371 -0.025504081 0.032193556 0.008723984 0.999118149
1403636634113555456.000000 1.967881918 -0.625225902 2.179634094 -0.026013283 0.032088142 0.009020526 0.999105752
1403636634163555584.000000 1.979671597 -0.636358321 2.214682817 -0.027206605 0.032332141 0.007849924 0.999076009
1403636634213555456.000000 1.995651603 -0.648052037 2.246460915 -0.028583340 0.032596719 0.004952619 0.999047518
1403636634263555584.000000 2.011995792 -0.664320767 2.278702974 -0.028546453 0.033182420 0.000299152 0.999041557
1403636634313555456.000000 2.027424335 -0.681345940 2.313888788 -0.025338907 0.033478282 -0.003263138 0.999112844
1403636634363555584.000000 2.043013811 -0.696580768 2.346398354 -0.020427797 0.033694800 -0.006312833 0.999203444
1403636634413555456.000000 2.060006857 -0.713415146 2.380684614 -0.016172407 0.033715829 -0.009822989 0.999252319
1403636634463555584.000000 2.076896906 -0.728270113 2.414900541 -0.013164355 0.033530585 -0.012330052 0.999274969
1403636634513555456.000000 2.093210697 -0.740117490 2.453051805 -0.009492486 0.033001628 -0.013818340 0.999314725
1403636634563555584.000000 2.110482216 -0.751751781 2.486205339 -0.007467352 0.032274321 -0.015499556 0.999330997
1403636634613555456.000000 2.125112772 -0.762091517 2.520895243 -0.006290073 0.030967668 -0.017392484 0.999349296
1403636634663555584.000000 2.140431881 -0.769239843 2.557478189 -0.005587169 0.027704040 -0.019272018 0.999414802
1403636634713555456.000000 2.155781031 -0.778714478 2.592953444 -0.005332944 0.024414053 -0.022479301 0.999434948
1403636634763555584.000000 2.167733192 -0.783603907 2.626324415 -0.006757794 0.020959683 -0.024550421 0.999456048
1403636634813555456.000000 2.183212996 -0.795855582 2.655537844 -0.009366955 0.017314738 -0.025511343 0.999480665
1403636634863555584.000000 2.195061445 -0.806926310 2.689152956 -0.011638412 0.014175971 -0.026376959 0.999483824
1403636634913555456.000000 2.209393501 -0.819249988 2.719776154 -0.013236609 0.010491946 -0.027321050 0.999484003
1403636634963555584.000000 2.221852064 -0.832371473 2.749022245 -0.015782850 0.007577566 -0.028725646 0.999434054
1403636635013555456.000000 2.236464739 -0.845413446 2.777124643 -0.016100829 0.004865077 -0.030443683 0.999394953
1403636635063555584.000000 2.247668266 -0.858882904 2.807700396 -0.017506270 0.002712385 -0.031835321 0.999336183
1403636635113555456.000000 2.258755684 -0.874096096 2.838829279 -0.019231739 0.001001135 -0.033301257 0.999259830
1403636635163555584.000000 2.268957138 -0.885049760 2.870923758 -0.020145968 -0.000613293 -0.033729523 0.999227762
1403636635213555456.000000 2.278624773 -0.895684421 2.903154850 -0.021891750 -0.001997341 -0.033947971 0.999181807
1403636635263555584.000000 2.287638664 -0.905163467 2.935870647 -0.022800364 -0.003800033 -0.032199401 0.999214172
1403636635313555456.000000 2.297538042 -0.913034737 2.969050884 -0.024279883 -0.005397073 -0.030341325 0.999230087
1403636635363555584.000000 2.310521364 -0.922936738 3.001736641 -0.026441941 -0.007689499 -0.026892066 0.999258995
1403636635413555456.000000 2.319921732 -0.930563033 3.035334349 -0.027379340 -0.008815708 -0.025372356 0.999264181
1403636635463555584.000000 2.330485106 -0.941056490 3.070422649 -0.027173271 -0.009515119 -0.023686770 0.999304771
1403636635513555456.000000 2.339898825 -0.951196969 3.103491306 -0.027320310 -0.010488634 -0.020622373 0.999358952
1403636635563555584.000000 2.350157499 -0.964925170 3.138786793 -0.027341630 -0.010549030 -0.019664150 0.999377072
1403636635613555456.000000 2.360087872 -0.980574489 3.172666073 -0.026769163 -0.010739003 -0.018639846 0.999410152
1403636635663555584.000000 2.374265432 -1.001358151 3.204904318 -0.025973087 -0.010860819 -0.017886940 0.999443591
1403636635713555456.000000 2.386637688 -1.022790432 3.238206863 -0.025003467 -0.010631748 -0.017527372 0.999477208
1403636635763555584.000000 2.397867918 -1.043721557 3.270566225 -0.021541381 -0.010779010 -0.015025547 0.999596953
1403636635813555456.000000 2.409816265 -1.070491910 3.304340124 -0.017838759 -0.011591240 -0.011136178 0.999711692
1403636635863555584.000000 2.421412706 -1.097354650 3.338625431 -0.015550873 -0.011827881 -0.007714509 0.999779344
1403636635913555456.000000 2.435259342 -1.120764852 3.370034695 -0.016443321 -0.012607462 -0.003563984 0.999778986
1403636635963555584.000000 2.451310635 -1.149088264 3.401802540 -0.020257037 -0.012480808 -0.003016544 0.999712408
1403636636013555456.000000 2.467499733 -1.172109365 3.434549332 -0.025225917 -0.011226810 -0.004692961 0.999607742
1403636636063555584.000000 2.484466553 -1.196738243 3.467028856 -0.029213442 -0.009317567 -0.008949162 0.999489725
1403636636113555456.000000 2.501322746 -1.221967697 3.500251055 -0.032102577 -0.007300606 -0.013959537 0.999360502
1403636636163555584.000000 2.520302057 -1.245696545 3.535015345 -0.030396039 -0.005967270 -0.017807921 0.999361515
1403636636213555456.000000 2.538700819 -1.274548292 3.568299294 -0.025337731 -0.004652498 -0.022442050 0.999416232
1403636636263555584.000000 2.554443359 -1.301788092 3.606266737 -0.019078115 -0.003405649 -0.026455155 0.999462187
1403636636313555456.000000 2.573746681 -1.332911611 3.637691259 -0.013556450 -0.002914037 -0.027762977 0.999518394
1403636636363555584.000000 2.592712402 -1.370190263 3.668805122 -0.006970752 -0.002419418 -0.029196531 0.999546468
1403636636413555456.000000 2.612065077 -1.402397156 3.699480772 0.001485957 -0.002452622 -0.030152023 0.999541223
1403636636463555584.000000 2.628191710 -1.428957105 3.731924295 0.008660163 -0.002431660 -0.030740295 0.999486983
1403636636513555456.000000 2.644953012 -1.454618454 3.764837980 0.011430029 -0.001260449 -0.034035999 0.999354482
1403636636563555584.000000 2.664166212 -1.473564982 3.795026541 0.012931374 -0.000390257 -0.037187591 0.999224603
1403636636613555456.000000 2.678263903 -1.497939944 3.828748703 0.013294974 0.001234220 -0.041564632 0.999046624
1403636636663555584.000000 2.696600914 -1.515100360 3.853304386 0.012939830 0.002567773 -0.045833055 0.998861969
1403636636713555456.000000 2.709825277 -1.527195692 3.882287502 0.013124636 0.003976331 -0.049550984 0.998677492
1403636636763555584.000000 2.725005627 -1.541791797 3.909313440 0.012399811 0.005131103 -0.053713169 0.998466313
1403636636813555456.000000 2.738574505 -1.554066658 3.938330889 0.012022939 0.006503653 -0.058945719 0.998167634
1403636636863555584.000000 2.747442484 -1.558876634 3.966923475 0.010719546 0.007985229 -0.063377813 0.997900128
1403636636913555456.000000 2.753059626 -1.564620018 4.000073433 0.007861942 0.006936822 -0.060943086 0.998086214
1403636636963555584.000000 2.762006521 -1.570601225 4.022693157 0.005649900 0.004162244 -0.055426877 0.998438120
1403636637013555456.000000 2.765186310 -1.575681567 4.044874191 0.002885073 0.001081641 -0.048399907 0.998823345
1403636637063555584.000000 2.769128323 -1.576221347 4.072603703 0.001254183 -0.001728892 -0.042421386 0.999097526
1403636637113555456.000000 2.773783445 -1.577003479 4.092325211 -0.001348625 -0.004147402 -0.037535030 0.999285758
1403636637163555584.000000 2.779940128 -1.576335907 4.115996361 -0.004838186 -0.005698806 -0.034682851 0.999370396
1403636637213555456.000000 2.780306578 -1.574063778 4.141743183 -0.009263492 -0.006139786 -0.033915251 0.999362946
1403636637263555584.000000 2.783652067 -1.574144483 4.161518574 -0.012285036 -0.007109440 -0.033167984 0.999348998
1403636637313555456.000000 2.791904211 -1.574959159 4.179531574 -0.015180928 -0.008093159 -0.033438597 0.999292791
1403636637363555584.000000 2.792182684 -1.578942776 4.206170082 -0.016862869 -0.008005363 -0.034034844 0.999246359
1403636637413555456.000000 2.798521280 -1.582897663 4.219287395 -0.017674895 -0.009476927 -0.033276808 0.999244928
1403636637463555584.000000 2.800366640 -1.589349151 4.240275383 -0.019629749 -0.009966616 -0.034256473 0.999170601
1403636637513555456.000000 2.801629543 -1.598891497 4.259634972 -0.020149883 -0.010679235 -0.033506088 0.999178350
1403636637563555584.000000 2.802833319 -1.608645916 4.281025410 -0.021581091 -0.011338681 -0.033284560 0.999148548
1403636637613555456.000000 2.803032875 -1.621324778 4.300647736 -0.021834429 -0.012357633 -0.032431122 0.999159098
1403636637663555584.000000 2.803277254 -1.636690259 4.319810390 -0.022983165 -0.012836762 -0.031951372 0.999142706
1403636637713555456.000000 2.802797079 -1.652631164 4.338749886 -0.022294071 -0.013167623 -0.032572772 0.999133945
1403636637763555584.000000 2.803388596 -1.669086337 4.358523369 -0.020775614 -0.013716582 -0.032777745 0.999152541
1403636637813555456.000000 2.803973913 -1.686756730 4.378919125 -0.018146049 -0.013970858 -0.033008438 0.999192715
1403636637863555584.000000 2.803366423 -1.710036159 4.395922661 -0.016749386 -0.014356209 -0.033172000 0.999206185
1403636637913555456.000000 2.804527521 -1.732249975 4.415386200 -0.014704936 -0.014893214 -0.032992192 0.999236465
1403636637963555584.000000 2.803120136 -1.751242518 4.435524940 -0.012162006 -0.015091127 -0.033187896 0.999261200
1403636638013555456.000000 2.804994822 -1.769458652 4.453545094 -0.010595440 -0.015508464 -0.033261232 0.999270201
1403636638063555584.000000 2.805201769 -1.783167601 4.475494385 -0.008999243 -0.015962230 -0.033151448 0.999282360
1403636638113555456.000000 2.803068399 -1.791010618 4.499721527 -0.006706526 -0.016080445 -0.033193339 0.999297082
1403636638163555584.000000 2.803147554 -1.794354677 4.524070740 -0.005216278 -0.016556734 -0.032954510 0.999306142
1403636638213555456.000000 2.804646254 -1.799248815 4.543625832 -0.005010259 -0.016953385 -0.032919783 0.999301672
1403636638263555584.000000 2.806792736 -1.800676942 4.565540314 -0.004271258 -0.017042417 -0.033225883 0.999293506
1403636638313555456.000000 2.806443214 -1.801133275 4.590700626 -0.006227768 -0.017944608 -0.031656824 0.999318302
1403636638363555584.000000 2.806473494 -1.800639033 4.613292694 -0.012329331 -0.019409498 -0.027451841 0.999358654
1403636638413555456.000000 2.807811260 -1.798084617 4.634624958 -0.022549361 -0.021178020 -0.021888081 0.999281704
1403636638463555584.000000 2.808963537 -1.793303251 4.657036304 -0.032780729 -0.022657098 -0.018027756 0.999043167
1403636638513555456.000000 2.809121847 -1.790893912 4.681712151 -0.041418791 -0.023905480 -0.013566530 0.998763740
1403636638563555584.000000 2.814660788 -1.790634513 4.707345486 -0.046648093 -0.024535658 -0.012493100 0.998531878
1403636638613555456.000000 2.818050146 -1.787202835 4.729563236 -0.048057232 -0.023733288 -0.014285237 0.998460412
1403636638663555584.000000 2.821046114 -1.789550900 4.760593414 -0.046310116 -0.022387633 -0.019841291 0.998479068
1403636638713555456.000000 2.827286005 -1.795432925 4.789092064 -0.043244965 -0.021200255 -0.023322493 0.998567224
1403636638763555584.000000 2.832425833 -1.805485725 4.819073200 -0.038556509 -0.020499421 -0.026394734 0.998697460
1403636638813555456.000000 2.836664915 -1.817537069 4.848125935 -0.033327118 -0.020339785 -0.028107220 0.998842120
1403636638863555584.000000 2.843097448 -1.832133532 4.880640030 -0.028795272 -0.020651761 -0.027671568 0.998988807
1403636638913555456.000000 2.847446918 -1.848007321 4.908077240 -0.025484756 -0.021560034 -0.026038473 0.999103487
1403636638963555584.000000 2.854239464 -1.865308404 4.937487125 -0.023001222 -0.022670720 -0.023383299 0.999204755
1403636639013555456.000000 2.859061480 -1.882455468 4.966249943 -0.022352431 -0.024520090 -0.017950386 0.999288201
1403636639063555584.000000 2.866992235 -1.903374672 4.996142864 -0.021938989 -0.026740065 -0.012467224 0.999323905
1403636639113555456.000000 2.874025822 -1.918177247 5.024580956 -0.021569654 -0.028345603 -0.007507506 0.999337256
1403636639163555584.000000 2.880764961 -1.930390954 5.058995724 -0.022118054 -0.029561913 -0.003241844 0.999312997
1403636639213555456.000000 2.890924692 -1.939807892 5.094846725 -0.022489298 -0.030498473 -0.000275707 0.999281764
1403636639263555584.000000 2.905018330 -1.945925713 5.125688076 -0.023403157 -0.031130217 0.001091899 0.999240696
1403636639313555456.000000 2.918700933 -1.949637175 5.162499428 -0.023775462 -0.029541066 -0.003479993 0.999274731
1403636639363555584.000000 2.934130907 -1.949893117 5.204353809 -0.023666034 -0.027517378 -0.009339094 0.999297500
1403636639413555456.000000 2.949345827 -1.949300051 5.242757320 -0.024038777 -0.025335114 -0.015905589 0.999263406
1403636639463555584.000000 2.961233854 -1.944584608 5.278365612 -0.023529906 -0.022971176 -0.022087999 0.999215126
1403636639513555456.000000 2.984726429 -1.946596384 5.317630768 -0.022443574 -0.021280477 -0.028731758 0.999108553
1403636639563555584.000000 3.000131369 -1.942378044 5.357282162 -0.019968227 -0.018814711 -0.036014814 0.998974562
1403636639613555456.000000 3.018460274 -1.942455411 5.405186176 -0.018043928 -0.017317453 -0.041436303 0.998828113
1403636639663555584.000000 3.035338879 -1.940409541 5.442528248 -0.014498451 -0.017108690 -0.043185744 0.998815358
1403636639713555456.000000 3.050810575 -1.941324472 5.481684208 -0.010501974 -0.017792877 -0.042123489 0.998898804
1403636639763555584.000000 3.066913366 -1.944077134 5.519562721 -0.006668678 -0.019240918 -0.038884956 0.999036252
1403636639813555456.000000 3.078330040 -1.946542263 5.558348656 -0.004686865 -0.019713631 -0.037124664 0.999105215
1403636639863555584.000000 3.090613127 -1.950926185 5.595429897 -0.003361576 -0.020812158 -0.034318935 0.999188602
1403636639913555456.000000 3.104845047 -1.955834746 5.626589775 -0.002630825 -0.022189578 -0.031965159 0.999239206
1403636639963555584.000000 3.120810986 -1.965155602 5.660332203 -0.002296771 -0.022730846 -0.031638242 0.999238253
1403636640013555456.000000 3.132739305 -1.973233819 5.693751335 -0.001800894 -0.023350248 -0.031520154 0.999228716
1403636640063555584.000000 3.144041777 -1.983803391 5.725573063 -0.001496240 -0.025322456 -0.033186398 0.999127209
1403636640113555456.000000 3.152977467 -1.994314671 5.754403591 -0.001034015 -0.028038945 -0.036701381 0.998932362
1403636640163555584.000000 3.166183472 -2.007436991 5.779809952 -0.000907715 -0.032505505 -0.038536970 0.998727918
1403636640213555456.000000 3.177020788 -2.018484354 5.808883667 -0.000572436 -0.036748085 -0.040193245 0.998515844
1403636640263555584.000000 3.194865942 -2.036112785 5.831722260 -0.002127058 -0.040744495 -0.042719569 0.998253763
1403636640313555456.000000 3.210048914 -2.048540115 5.854504108 -0.002569767 -0.044250116 -0.043634661 0.998063803
1403636640363555584.000000 3.218350649 -2.065687418 5.881471634 -0.003164880 -0.046693034 -0.045607276 0.997862577
1403636640413555456.000000 3.221518993 -2.074011087 5.907824039 -0.002782165 -0.048520967 -0.046182115 0.997750103
1403636640463555584.000000 3.234824419 -2.080303192 5.931364059 -0.002392709 -0.050545793 -0.047499750 0.997588694
1403636640513555456.000000 3.242776394 -2.089224815 5.957436562 -0.003902787 -0.052132312 -0.047963124 0.997480154
1403636640563555584.000000 3.256506681 -2.093698502 5.980814934 -0.003627819 -0.053717643 -0.048887670 0.997352183
1403636640613555456.000000 3.266781330 -2.098439455 6.005454063 -0.003581038 -0.054905958 -0.048992041 0.997282505
1403636640663555584.000000 3.275689602 -2.103791475 6.028465271 -0.003345512 -0.055610336 -0.049584400 0.997214973
1403636640713555456.000000 3.287632465 -2.103810310 6.052319050 -0.003898554 -0.056531221 -0.049798492 0.997150540
1403636640763555584.000000 3.297493935 -2.107390881 6.076167107 -0.005551829 -0.057252228 -0.049654160 0.997108817
1403636640813555456.000000 3.308556080 -2.108679295 6.099440575 -0.006622839 -0.057787683 -0.050355505 0.997036219
1403636640863555584.000000 3.317008018 -2.112829924 6.121838570 -0.008279065 -0.058018267 -0.050835934 0.996986032
1403636640913555456.000000 3.326184034 -2.117238283 6.142842293 -0.008752750 -0.058159232 -0.050886072 0.996971190
1403636640963555584.000000 3.337134600 -2.125118256 6.161771774 -0.009302248 -0.058197938 -0.051336788 0.996940911
1403636641013555456.000000 3.342745066 -2.134746552 6.183626652 -0.008909221 -0.057740323 -0.051644254 0.996955216
1403636641063555584.000000 3.352066755 -2.139164925 6.201090813 -0.007517237 -0.057784341 -0.050788574 0.997008026
1403636641113555456.000000 3.362144232 -2.145138979 6.222695351 -0.006793234 -0.057355948 -0.050860856 0.997034252
1403636641163555584.000000 3.372831821 -2.147956848 6.238253117 -0.007014969 -0.057132196 -0.051077183 0.997034550
1403636641213555456.000000 3.376589060 -2.151635170 6.258641720 -0.006112866 -0.056345344 -0.051193487 0.997079313
1403636641263555584.000000 3.385113716 -2.153284788 6.279298306 -0.005150354 -0.056766007 -0.049479153 0.997147381
1403636641313555456.000000 3.390585899 -2.151903391 6.299225330 -0.005435426 -0.057122648 -0.045669813 0.997307301
1403636641363555584.000000 3.397536516 -2.152740240 6.322582245 -0.006199631 -0.058146905 -0.041464884 0.997427285
1403636641413555456.000000 3.405108213 -2.149735689 6.339177608 -0.006613044 -0.059288833 -0.037864964 0.997500598
1403636641463555584.000000 3.411460876 -2.145970106 6.355766296 -0.006324755 -0.059085816 -0.037119560 0.997542560
1403636641513555456.000000 3.421062708 -2.143539906 6.379686832 -0.005832641 -0.058252722 -0.038280603 0.997550666
1403636641563555584.000000 3.430504560 -2.144586563 6.396731853 -0.006275713 -0.057794467 -0.040350497 0.997493029
1403636641613555456.000000 3.434891462 -2.143658638 6.415575504 -0.006312196 -0.056240916 -0.042157009 0.997506917
1403636641663555584.000000 3.445762396 -2.145741224 6.430169582 -0.006580422 -0.055712953 -0.044262275 0.997443557
1403636641713555456.000000 3.453706503 -2.149705887 6.445227623 -0.005710037 -0.054961476 -0.045165170 0.997450113
1403636641763555584.000000 3.465003967 -2.155194759 6.462066650 -0.006175783 -0.054532535 -0.045792725 0.997442305
1403636641813555456.000000 3.473910570 -2.158876896 6.474175930 -0.004906898 -0.054327302 -0.045970522 0.997452378
1403636641863555584.000000 3.485042572 -2.166158676 6.486685753 -0.004160012 -0.054331504 -0.046028428 0.997452855
1403636641913555456.000000 3.490851641 -2.176230907 6.497553825 -0.004021632 -0.053095739 -0.045698348 0.997535110
1403636641963555584.000000 3.500333309 -2.187840223 6.506716728 -0.003552881 -0.050747737 -0.044221438 0.997725666
1403636642013555456.000000 3.501896381 -2.201074362 6.519719601 -0.002342247 -0.046184018 -0.042680729 0.998018026
1403636642063555584.000000 3.509998798 -2.214519501 6.527314663 -0.001625011 -0.041751187 -0.041241951 0.998275161
1403636642113555456.000000 3.518969297 -2.225373507 6.534850597 -0.000565814 -0.037273567 -0.040361580 0.998489559
1403636642163555584.000000 3.527579308 -2.236132383 6.542068481 -0.000037102 -0.033325583 -0.039649189 0.998657823
1403636642213555456.000000 3.530803442 -2.247875929 6.553804874 0.000582349 -0.029777959 -0.038462285 0.998816133
1403636642263555584.000000 3.536867142 -2.254647255 6.560532093 0.001028037 -0.026756180 -0.036897641 0.998960316
1403636642313555456.000000 3.545201063 -2.258449316 6.567251205 0.001505275 -0.023264034 -0.034787972 0.999122798
1403636642363555584.000000 3.553716183 -2.262018681 6.576170921 0.002114087 -0.018444074 -0.033181518 0.999276936
1403636642413555456.000000 3.559157133 -2.266959906 6.585050106 0.002696221 -0.013958070 -0.031269778 0.999409914
1403636642463555584.000000 3.566632748 -2.264419556 6.594140530 0.002776249 -0.010090373 -0.029556490 0.999508321
1403636642513555456.000000 3.576939821 -2.262473345 6.599622726 0.001599391 -0.007225081 -0.028133981 0.999576807
1403636642563555584.000000 3.583996058 -2.260587215 6.606785297 -0.001862935 -0.004094275 -0.027599690 0.999608934
1403636642613555456.000000 3.591332436 -2.254855156 6.614461899 -0.005839578 -0.002262557 -0.026358269 0.999633014
1403636642663555584.000000 3.598367214 -2.250815630 6.623772621 -0.010437013 -0.000422390 -0.025174685 0.999628544
1403636642713555456.000000 3.606867790 -2.244771719 6.631673813 -0.014539617 0.001076566 -0.024859449 0.999584675
1403636642763555584.000000 3.612284660 -2.239747763 6.638953209 -0.018360054 0.002061123 -0.024229776 0.999535739
1403636642813555456.000000 3.617653847 -2.234532356 6.646517277 -0.021056598 0.002813057 -0.023215519 0.999504805
1403636642863555584.000000 3.624614716 -2.232359409 6.653926849 -0.022882361 0.003028844 -0.022461031 0.999481261
1403636642913555456.000000 3.632128000 -2.231183767 6.663042068 -0.024709467 0.003098817 -0.022219429 0.999442935
1403636642963555584.000000 3.638894320 -2.232274055 6.669487000 -0.025146043 0.002942245 -0.021498287 0.999448359
1403636643013555456.000000 3.642951488 -2.240634680 6.678643703 -0.024884297 0.002977852 -0.021202117 0.999461055
1403636643063555584.000000 3.650045872 -2.246354818 6.686400414 -0.021197056 0.002771181 -0.021085303 0.999549150
1403636643113555456.000000 3.658688545 -2.251382828 6.691511631 -0.016796030 0.002367416 -0.020487312 0.999646306
1403636643163555584.000000 3.665406466 -2.256202936 6.702440739 -0.013604147 0.001880581 -0.019601995 0.999713600
1403636643213555456.000000 3.673793554 -2.258309126 6.710811615 -0.010964504 0.001652295 -0.019188458 0.999754429
1403636643263555584.000000 3.683639050 -2.257518291 6.720452309 -0.009597324 0.001108299 -0.019089250 0.999771118
1403636643313555456.000000 3.690315962 -2.258318663 6.731405735 -0.010052810 0.001064808 -0.019718677 0.999754488
1403636643363555584.000000 3.695870876 -2.262788534 6.742380142 -0.012491409 0.001116021 -0.020108411 0.999719203
1403636643413555456.000000 3.704268694 -2.262356520 6.754175186 -0.014620430 0.000595168 -0.019815512 0.999696612
1403636643463555584.000000 3.711190462 -2.267447472 6.762277603 -0.018538240 0.000090479 -0.018895211 0.999649584
1403636643513555456.000000 3.723811388 -2.267261028 6.766588688 -0.022026632 -0.000641398 -0.019050056 0.999575675
1403636643563555584.000000 3.732552528 -2.273792267 6.774543285 -0.025373748 -0.001167304 -0.019388545 0.999489367
1403636643613555456.000000 3.738430500 -2.285212040 6.786135674 -0.029355796 -0.001054161 -0.020446185 0.999359369
1403636643663555584.000000 3.747106552 -2.295656919 6.794883728 -0.032539915 -0.001814665 -0.021200132 0.999243915
1403636643713555456.000000 3.758146286 -2.308492899 6.803412914 -0.035333015 -0.002460253 -0.022172673 0.999126554
1403636643763555584.000000 3.766046047 -2.318461418 6.812717438 -0.036443815 -0.002318428 -0.022728916 0.999074578
1403636643813555456.000000 3.772663355 -2.332495213 6.826394558 -0.039256509 -0.002082043 -0.024266247 0.998932302
1403636643863555584.000000 3.786451101 -2.346850395 6.838954926 -0.042349916 -0.002683454 -0.024901381 0.998788893
1403636643913555456.000000 3.796591520 -2.360498428 6.852299213 -0.044296231 -0.002868601 -0.025344342 0.998692811
1403636643963555584.000000 3.802381039 -2.373789787 6.869383812 -0.046318714 -0.002236524 -0.026274666 0.998578668
1403636644013555456.000000 3.814454556 -2.384829998 6.886161327 -0.047273230 -0.002276097 -0.026910949 0.998516858
1403636644063555584.000000 3.824727297 -2.392164707 6.905640125 -0.047719367 -0.002495017 -0.026822729 0.998497546
1403636644113555456.000000 3.833024025 -2.400011539 6.927978039 -0.048487760 -0.002227001 -0.027014518 0.998455942
1403636644163555584.000000 3.841688395 -2.409313202 6.953477383 -0.047179032 -0.002078905 -0.027251322 0.998512506
1403636644213555456.000000 3.852185726 -2.420809031 6.979291439 -0.042147491 -0.002985601 -0.025031909 0.998793364
1403636644263555584.000000 3.855494022 -2.430626392 7.010483742 -0.035129528 -0.004192554 -0.019482199 0.999184072
1403636644313555456.000000 3.867264271 -2.440731287 7.040668964 -0.027174002 -0.006493686 -0.012871142 0.999526799
1403636644363555584.000000 3.875076294 -2.443695784 7.071048737 -0.019124420 -0.007636179 -0.006415286 0.999767363
1403636644413555456.000000 3.889461279 -2.445093870 7.094632149 -0.013080874 -0.009257176 -0.002748969 0.999867857
1403636644463555584.000000 3.898064852 -2.451302767 7.127678394 -0.008519383 -0.009875172 -0.000492671 0.999914825
1403636644513555456.000000 3.910674095 -2.453479767 7.160512447 -0.004087551 -0.011490798 0.004448363 0.999915779
1403636644563555584.000000 3.925836325 -2.450054884 7.190214634 -0.001245024 -0.013045397 0.008453457 0.999878466
1403636644613555456.000000 3.942734480 -2.447536945 7.222135067 0.000336524 -0.013326703 0.009810192 0.999863029
1403636644663555584.000000 3.960158110 -2.442208290 7.254090309 0.001239981 -0.011725259 0.005377237 0.999916077
1403636644713555456.000000 3.981706858 -2.432579041 7.284409046 0.002270794 -0.009310127 -0.001429010 0.999953091
1403636644763555584.000000 4.002430439 -2.421918154 7.313374043 0.001754337 -0.006123830 -0.010436670 0.999925256
1403636644813555456.000000 4.025338173 -2.409935474 7.344797611 0.002094603 -0.002756313 -0.018926051 0.999814928
1403636644863555584.000000 4.047654629 -2.399603605 7.371808529 -0.000052116 -0.000144643 -0.025115000 0.999684572
1403636644913555456.000000 4.069793701 -2.384876490 7.400040627 -0.002553557 0.001393171 -0.026997468 0.999631345
1403636644963555584.000000 4.094023228 -2.372461319 7.426144600 -0.005343954 0.001685859 -0.027126176 0.999616385
1403636645013555456.000000 4.114606380 -2.362892151 7.452488899 -0.013008864 0.002319028 -0.027340963 0.999538898
1403636645063555584.000000 4.131722450 -2.354780197 7.482967377 -0.024836160 0.002715178 -0.025341175 0.999366641
1403636645113555456.000000 4.154557228 -2.347187757 7.505789757 -0.036244344 0.002687321 -0.023334604 0.999066889
1403636645163555584.000000 4.174952030 -2.344612837 7.535366535 -0.046897367 0.003575000 -0.024578258 0.998590946
1403636645213555456.000000 4.194195271 -2.339900732 7.563570499 -0.055670653 0.003714547 -0.022807879 0.998181760
1403636645263555584.000000 4.213232994 -2.339268923 7.591653347 -0.060218185 0.004245151 -0.023193723 0.997906744
1403636645313555456.000000 4.234736443 -2.349099159 7.621540070 -0.060088396 0.004135648 -0.023023892 0.997918904
1403636645363555584.000000 4.256597996 -2.355879307 7.652567863 -0.055461884 0.004182215 -0.023581175 0.998173594
1403636645413555456.000000 4.270771027 -2.365145206 7.686373234 -0.050576448 0.005284102 -0.024399754 0.998408139
1403636645463555584.000000 4.287301064 -2.370192289 7.722805977 -0.046268005 0.005712811 -0.024199640 0.998619556
1403636645513555456.000000 4.310927868 -2.380454302 7.762663364 -0.043277580 0.005663057 -0.024053652 0.998757482
1403636645563555584.000000 4.329730034 -2.388630390 7.802331448 -0.042048559 0.005828639 -0.024939243 0.998787284
1403636645613555456.000000 4.347281933 -2.386748552 7.840581417 -0.039320145 0.006548236 -0.025302069 0.998884857
1403636645663555584.000000 4.368893623 -2.398471832 7.879862785 -0.038244780 0.006319946 -0.025761517 0.998916268
1403636645713555456.000000 4.385147572 -2.405454874 7.922879219 -0.036963440 0.006599641 -0.026157878 0.998952448
1403636645763555584.000000 4.404736519 -2.413385153 7.964024544 -0.035903852 0.006022368 -0.025419336 0.999013782
1403636645813555456.000000 4.420550823 -2.424951077 8.007649422 -0.035610829 0.005765224 -0.024415424 0.999050796
1403636645863555584.000000 4.438109398 -2.437519550 8.051784515 -0.036445744 0.005755332 -0.023733610 0.999037206
1403636645913555456.000000 4.456052303 -2.455246449 8.097115517 -0.037113585 0.005109840 -0.022757379 0.999038815
1403636645963555584.000000 4.473033905 -2.474365950 8.138614655 -0.032323405 0.006103159 -0.020832976 0.999241710
1403636646013555456.000000 4.492568016 -2.495157480 8.182047844 -0.027792821 0.008319378 -0.017514596 0.999425650
1403636646063555584.000000 4.509902000 -2.519079208 8.220331192 -0.024212504 0.011885970 -0.012176696 0.999562025
1403636646113555456.000000 4.530642033 -2.540750980 8.263649940 -0.020528957 0.017717825 -0.007209339 0.999606252
1403636646163555584.000000 4.551971912 -2.565035343 8.308809280 -0.016863052 0.025902353 -0.001809701 0.999520600
1403636646213555456.000000 4.572648048 -2.586871624 8.349170685 -0.013173878 0.035042346 0.004856986 0.999287248
1403636646263555584.000000 4.593324661 -2.614953995 8.397649765 -0.010358327 0.046172746 0.011525630 0.998813272
1403636646313555456.000000 4.618945599 -2.634282827 8.436089516 -0.005403742 0.058082361 0.018561177 0.998124599
1403636646363555584.000000 4.638560295 -2.660815477 8.487075806 -0.001536596 0.070921920 0.025571754 0.997152865
1403636646413555456.000000 4.669374943 -2.677002907 8.528707504 0.002105949 0.085077010 0.029968908 0.995921373
1403636646463555584.000000 4.693313122 -2.694470882 8.571197510 0.007152002 0.098595664 0.030696915 0.994628310
1403636646513555456.000000 4.719647884 -2.709159136 8.612091064 0.011891668 0.110811599 0.030077001 0.993315101
1403636646563555584.000000 4.751439571 -2.726115704 8.648745537 0.014593010 0.120811261 0.029277507 0.992136419
1403636646613555456.000000 4.775516987 -2.745877981 8.686242104 0.014263292 0.129355326 0.029690308 0.991051137
1403636646663555584.000000 4.799511909 -2.763759136 8.722177505 0.011908123 0.137166485 0.028785409 0.990058064
1403636646713555456.000000 4.828772068 -2.786466837 8.753281593 0.009620368 0.142322540 0.029414820 0.989336431
1403636646763555584.000000 4.853036404 -2.807391405 8.781973839 0.008636911 0.146938294 0.030286131 0.988644242
1403636646813555456.000000 4.881844044 -2.828585863 8.808917046 0.009102217 0.150148407 0.030387692 0.988154471
1403636646863555584.000000 4.903252602 -2.855957508 8.835699081 0.009119154 0.153640002 0.030628314 0.987610042
1403636646913555456.000000 4.926358700 -2.880141020 8.859232903 0.008168747 0.154975817 0.031596947 0.987379074
1403636646963555584.000000 4.949048042 -2.904204607 8.885299683 0.006423840 0.156467289 0.032224309 0.987136483
1403636647013555456.000000 4.972519398 -2.929579735 8.914006233 0.004794784 0.157668471 0.032388423 0.986949205
1403636647063555584.000000 5.000224113 -2.946326256 8.928723335 0.002558825 0.157300413 0.031371996 0.987049103
1403636647113555456.000000 5.023772240 -2.966012955 8.952409744 -0.001869285 0.157599643 0.031602215 0.986995578
1403636647163555584.000000 5.047640800 -2.993787050 8.986395836 -0.005802564 0.157673687 0.032199718 0.986949086
1403636647213555456.000000 5.071115017 -3.006846666 9.010645866 -0.007686455 0.157559574 0.031813372 0.986966968
1403636647263555584.000000 5.094356537 -3.021443844 9.033696175 -0.007648126 0.156762511 0.032030601 0.987087250
1403636647313555456.000000 5.117114067 -3.035670996 9.057219505 -0.006554369 0.155465677 0.033252973 0.987259746
1403636647363555584.000000 5.140589714 -3.044607878 9.079308510 -0.004432790 0.154210046 0.033786606 0.987450302
1403636647413555456.000000 5.165369511 -3.057494402 9.100716591 -0.002606996 0.152979121 0.034214392 0.987633526
1403636647463555584.000000 5.187141895 -3.067976475 9.127458572 -0.000678540 0.151670903 0.035138093 0.987806082
1403636647513555456.000000 5.211987495 -3.076083899 9.149117470 0.002804431 0.149891049 0.035615906 0.988056898
1403636647563555584.000000 5.236627579 -3.084865332 9.168929100 0.007284969 0.147885099 0.037046734 0.988283634
1403636647613555456.000000 5.259339809 -3.093675375 9.189466476 0.012832450 0.146285936 0.039432257 0.988372862
1403636647663555584.000000 5.285643101 -3.101005793 9.207842827 0.013930364 0.146893159 0.040013053 0.988244593
1403636647713555456.000000 5.307900906 -3.112819910 9.226177216 0.012682403 0.148349345 0.039430253 0.988067269
1403636647763555584.000000 5.333427906 -3.121764421 9.241616249 0.010399326 0.149790823 0.038384624 0.987917662
1403636647813555456.000000 5.357009888 -3.131678820 9.252027512 0.008974121 0.151863396 0.036847364 0.987673700
1403636647863555584.000000 5.387589455 -3.140787840 9.266674042 0.006988848 0.154658809 0.037311044 0.987238467
1403636647913555456.000000 5.411725521 -3.148646593 9.279844284 0.006549515 0.159424871 0.037512161 0.986475348
1403636647963555584.000000 5.439395428 -3.149921417 9.290672302 0.006955680 0.165270060 0.039283399 0.985441208
1403636648013555456.000000 5.471586704 -3.152806282 9.302244186 0.006440055 0.172856942 0.041273829 0.984060764
1403636648063555584.000000 5.498306751 -3.147772551 9.316916466 0.006463487 0.182452515 0.044246197 0.982197344
1403636648113555456.000000 5.522903919 -3.144592762 9.316024780 0.006505813 0.192849934 0.048357587 0.980014443
1403636648163555584.000000 5.543612957 -3.162566662 9.340349197 0.004677088 0.206273139 0.052364733 0.977081120
1403636648213555456.000000 5.578020573 -3.142086744 9.345107079 0.006735414 0.217367113 0.056435704 0.974433780
1403636648263555584.000000 5.609430790 -3.137688875 9.339220047 0.006977518 0.229075417 0.061297227 0.971451759
1403636648313555456.000000 5.654315472 -3.125838041 9.358964920 0.007449601 0.241413176 0.066028908 0.968144834
1403636648363555584.000000 5.678555489 -3.121182442 9.369971275 0.007848375 0.254920602 0.070145391 0.964382470
1403636648413555456.000000 5.708204269 -3.111148357 9.379526138 0.007639936 0.268173099 0.074184336 0.960479915
1403636648463555584.000000 5.734657288 -3.096556187 9.383301735 0.007735909 0.281530619 0.079074822 0.956257224
1403636648513555456.000000 5.765800953 -3.087193012 9.385660172 0.007679291 0.294025391 0.083733425 0.952091813
1403636648563555584.000000 5.791852951 -3.066635132 9.389551163 0.008896120 0.305331945 0.087746806 0.948152840
1403636648613555456.000000 5.821765423 -3.061448336 9.395707130 0.008356292 0.315341175 0.090579070 0.944608748
1403636648663555584.000000 5.844039440 -3.057509899 9.405401230 0.006603356 0.324368685 0.093193658 0.941305697
1403636648713555456.000000 5.868544579 -3.062565327 9.406395912 0.002612017 0.331982374 0.094627544 0.938523591
1403636648763555584.000000 5.893115520 -3.041750908 9.407535553 0.000468263 0.337466419 0.096426286 0.936385810
1403636648813555456.000000 5.895786285 -3.046835661 9.431126595 -0.007252614 0.343485326 0.099510871 0.933843136
1403636648863555584.000000 5.930167675 -3.032218218 9.413833618 -0.012895435 0.344616920 0.102870971 0.933000863
1403636648913555456.000000 5.954596519 -3.037918091 9.419639587 -0.020129682 0.346979380 0.104765572 0.931785524
1403636648963555584.000000 5.971430302 -3.043498039 9.424932480 -0.024850808 0.348955601 0.105753534 0.930821538
1403636649013555456.000000 5.976767540 -3.042981625 9.450181007 -0.025342785 0.352503389 0.105431907 0.929507017
1403636649063555584.000000 6.009349823 -3.059035540 9.427330017 -0.023003541 0.352130055 0.103859879 0.929886281
1403636649113555456.000000 6.018880367 -3.061422825 9.459998131 -0.015521239 0.355549157 0.100588642 0.929099560
1403636649163555584.000000 6.060435772 -3.079261541 9.437456131 -0.008038270 0.353965074 0.098248348 0.930049181
1403636649213555456.000000 6.073413849 -3.105866671 9.441406250 -0.002674128 0.355324686 0.095149346 0.929883838
1403636649263555584.000000 6.104069710 -3.105512619 9.439476013 0.003822606 0.354735821 0.092443854 0.930377424
1403636649313555456.000000 6.112618446 -3.120931149 9.446990013 0.005158565 0.355489731 0.090587117 0.930265844
1403636649363555584.000000 6.140741825 -3.147074223 9.443841934 0.003406962 0.354073972 0.090554118 0.930816829
1403636649413555456.000000 6.152039528 -3.149506330 9.446701050 0.002307187 0.353370816 0.090401046 0.931102276
1403636649463555584.000000 6.190168381 -3.159883976 9.422435760 -0.000725750 0.349630207 0.090407394 0.932515323
1403636649513555456.000000 6.225709438 -3.179047108 9.396730423 -0.000469217 0.345991999 0.089710824 0.933938622
1403636649563555584.000000 6.258953094 -3.211104631 9.378219604 0.001758768 0.342989802 0.089089692 0.935103238
1403636649613555456.000000 6.272912025 -3.235959768 9.372307777 0.005312357 0.342457801 0.090130687 0.935184956
1403636649663555584.000000 6.304349422 -3.262140751 9.358679771 0.009830327 0.342522442 0.091831870 0.934959233
1403636649713555456.000000 6.332980156 -3.272835732 9.340560913 0.012929422 0.344093770 0.093292065 0.934199631
1403636649763555584.000000 6.309452534 -3.290109873 9.368574142 0.015265824 0.352416158 0.093978651 0.930987597
1403636649813555456.000000 6.387193680 -3.324040174 9.320810318 0.014059880 0.351345927 0.094149910 0.931393683
1403636649863555584.000000 6.408520699 -3.345666170 9.312085152 0.014694577 0.355241030 0.094052471 0.929915071
1403636649913555456.000000 6.426178455 -3.356356621 9.301156044 0.015369131 0.358568549 0.093867123 0.928644955
1403636649963555584.000000 6.444291115 -3.370004416 9.294439316 0.015461314 0.361938715 0.093834609 0.927338362
1403636650013555456.000000 6.464847565 -3.374348164 9.280315399 0.015509498 0.364169508 0.093617380 0.926485777
1403636650063555584.000000 6.482563496 -3.384065866 9.273554802 0.015849939 0.366872549 0.094242141 0.925349593
1403636650113555456.000000 6.500317574 -3.381856918 9.266557693 0.016901193 0.370741487 0.095652282 0.923642695
1403636650163555584.000000 6.514944553 -3.391888142 9.254034996 0.016769277 0.376486242 0.097778149 0.921095252
1403636650213555456.000000 6.533762932 -3.382637024 9.244049072 0.016697835 0.384165943 0.099717803 0.917711377
1403636650263555584.000000 6.543683529 -3.380480528 9.238155365 0.016159628 0.394203335 0.103042252 0.913085461
1403636650313555456.000000 6.560007572 -3.386315823 9.226723671 0.015067537 0.404320866 0.107866451 0.908109307
1403636650363555584.000000 6.575325489 -3.378939867 9.217508316 0.013710960 0.415621877 0.112442829 0.902456224
1403636650413555456.000000 6.591808319 -3.346193075 9.199214935 0.013688416 0.426580071 0.116634630 0.896793425
1403636650463555584.000000 6.607007027 -3.349235773 9.187331200 0.010083699 0.438484848 0.122047924 0.890355945
1403636650513555456.000000 6.621003151 -3.339706898 9.177087784 0.006996669 0.449690521 0.127048433 0.884074807
1403636650563555584.000000 6.624314308 -3.332919598 9.179492950 0.003713039 0.460365772 0.132437468 0.877786934
1403636650613555456.000000 6.633859158 -3.313347578 9.159280777 0.002276783 0.468095839 0.136693731 0.873038352
1403636650663555584.000000 6.646413326 -3.292049408 9.146922112 0.001402719 0.474656492 0.139498532 0.869045198
1403636650713555456.000000 6.674346924 -3.267900944 9.116287231 0.000254779 0.479090869 0.141495004 0.866285801
1403636650763555584.000000 6.678749084 -3.275963783 9.120016098 -0.001303896 0.485320717 0.144261122 0.862351954
1403636650813555456.000000 6.664291859 -3.269764423 9.130447388 -0.000349402 0.491715282 0.145410717 0.858528852
1403636650863555584.000000 6.691148281 -3.263131618 9.099567413 0.001384802 0.493508011 0.145360291 0.857507050
1403636650913555456.000000 6.706060410 -3.252282381 9.071781158 0.005202414 0.495625049 0.143391833 0.856602371
1403636650963555584.000000 6.695746422 -3.268699884 9.095830917 0.007689085 0.500661969 0.142681643 0.853768408
1403636651013555456.000000 6.702492714 -3.246330738 9.075660706 0.011709814 0.501966834 0.140147805 0.853376150
1403636651063555584.000000 6.705018044 -3.243881702 9.056247711 0.013052825 0.502507329 0.138897896 0.853242993
1403636651113555456.000000 6.735741615 -3.273637772 9.025980949 0.012192681 0.500812173 0.139234379 0.854196966
1403636651163555584.000000 6.736407280 -3.263839722 9.007291794 0.012591120 0.500661016 0.138124079 0.854459941
1403636651213555456.000000 6.723400116 -3.253428459 9.017288208 0.012561863 0.501581192 0.139249310 0.853737831
1403636651263555584.000000 6.728816509 -3.274734497 8.993333817 0.008869422 0.500316262 0.140268669 0.854359210
1403636651313555456.000000 6.737389088 -3.281054020 8.958106995 0.005754033 0.497568816 0.140958518 0.855875552
1403636651363555584.000000 6.738423824 -3.291898251 8.958522797 0.002744987 0.497008204 0.142058641 0.856034279
1403636651413555456.000000 6.717398643 -3.296700001 8.953430176 0.001687831 0.497328967 0.142736629 0.855737865
1403636651463555584.000000 6.704668999 -3.272974491 8.939229965 0.002744118 0.496092409 0.142259851 0.856531978
1403636651513555456.000000 6.718969822 -3.264355421 8.912904739 0.003835376 0.493606836 0.141445264 0.858097196
1403636651563555584.000000 6.720050812 -3.271249294 8.902526855 0.005894665 0.492875814 0.140238717 0.858703554
1403636651613555456.000000 6.732832909 -3.270671368 8.885211945 0.008863866 0.491493762 0.137710303 0.859878659
1403636651663555584.000000 6.729979515 -3.248479843 8.859083176 0.013505335 0.489919692 0.136250138 0.860948443
1403636651713555456.000000 6.710606575 -3.248600483 8.859472275 0.016226610 0.490761310 0.136617184 0.860363781
1403636651763555584.000000 6.708150864 -3.277227163 8.856346130 0.016827976 0.491797209 0.139712825 0.859262824
1403636651813555456.000000 6.737893105 -3.252732754 8.813343048 0.021364836 0.490144640 0.142975435 0.859569609
1403636651863555584.000000 6.741594315 -3.232856750 8.783657074 0.026002681 0.492037594 0.146547854 0.857756793
1403636651913555456.000000 6.748099327 -3.255061388 8.765871048 0.025986016 0.497170448 0.151022285 0.854013264
1403636651963555584.000000 6.740706444 -3.219257355 8.759926796 0.030349743 0.504789829 0.154937834 0.848681629
1403636652013555456.000000 6.746342659 -3.237365723 8.741659164 0.028835122 0.513651192 0.157473445 0.842931330
1403636652063555584.000000 6.714219093 -3.228813410 8.719812393 0.026860463 0.525696397 0.161108151 0.834844947
1403636652113555456.000000 6.764331818 -3.165356159 8.649038315 0.025549373 0.533089399 0.161541760 0.830100715
1403636652163555584.000000 6.768648148 -3.150632858 8.621101379 0.020953842 0.546298444 0.164737269 0.820963264
1403636652213555456.000000 6.762433052 -3.122951508 8.593077660 0.016624730 0.560717225 0.169061765 0.810393631
1403636652263555584.000000 6.753470421 -3.108561277 8.576660156 0.012327711 0.575262785 0.175566152 0.798809886
1403636652313555456.000000 6.750284195 -3.088739872 8.554180145 0.006135444 0.589082479 0.183209330 0.787006140
1403636652363555584.000000 6.746678352 -3.065458059 8.539239883 0.001261510 0.602199018 0.191068217 0.775143743
1403636652413555456.000000 6.738085270 -3.033735991 8.502002716 -0.001429025 0.612799883 0.197231397 0.765228212
1403636652463555584.000000 6.736943245 -3.022037268 8.482165337 -0.004083952 0.622028768 0.203202590 0.756156206
1403636652513555456.000000 6.725026131 -2.998826742 8.461906433 -0.005767606 0.629700720 0.208493486 0.748314261
1403636652563555584.000000 6.728036880 -2.979054451 8.427411079 -0.008465366 0.635181427 0.214262724 0.742000341
1403636652613555456.000000 6.718408108 -2.968309879 8.417469978 -0.012055736 0.640902042 0.218959466 0.735633135
1403636652663555584.000000 6.723286152 -2.954319477 8.366024017 -0.016708696 0.643078506 0.223190323 0.732363939
1403636652713555456.000000 6.720734596 -2.948132753 8.345571518 -0.020447219 0.647008002 0.224162459 0.728501022
1403636652763555584.000000 6.722156525 -2.933537722 8.313086510 -0.020869369 0.648434520 0.225946948 0.726667166
1403636652813555456.000000 6.723098755 -2.927913189 8.289069176 -0.021530833 0.650410593 0.226002485 0.724862397
1403636652863555584.000000 6.728649139 -2.925139904 8.261005402 -0.020671681 0.651347220 0.226177007 0.723991334
1403636652913555456.000000 6.735353470 -2.926767349 8.237236023 -0.019798340 0.652590156 0.224374399 0.723457158
1403636652963555584.000000 6.740602493 -2.924618244 8.211165428 -0.018464474 0.653355181 0.221991539 0.723537028
1403636653013555456.000000 6.745753288 -2.922164679 8.189096451 -0.017094450 0.654073536 0.219717264 0.723615944
1403636653063555584.000000 6.753552914 -2.917082071 8.163841248 -0.015922485 0.654377520 0.216480628 0.724343002
1403636653113555456.000000 6.765880585 -2.911484957 8.136295319 -0.013284333 0.654030263 0.213756755 0.725517809
1403636653163555584.000000 6.775660515 -2.902853966 8.105846405 -0.010681530 0.653629482 0.210240528 0.726947963
1403636653213555456.000000 6.792104244 -2.891589642 8.082210541 -0.006963828 0.653692842 0.205529004 0.728282332
1403636653263555584.000000 6.796002865 -2.876982927 8.065887451 -0.002034637 0.653854609 0.200577080 0.729547083
1403636653313555456.000000 6.805089951 -2.876050472 8.042387962 0.000155053 0.653813243 0.196175843 0.730782747
1403636653363555584.000000 6.817065239 -2.869823456 8.022960663 0.001919184 0.652901351 0.193613335 0.732277334
1403636653413555456.000000 6.824698925 -2.865203619 8.002953529 0.002624162 0.651817858 0.191580042 0.733773649
1403636653463555584.000000 6.833636284 -2.849506617 7.974639416 0.003042024 0.649947226 0.189979807 0.735844493
1403636653513555456.000000 6.846020699 -2.849666357 7.944778442 0.002508573 0.647849441 0.190338537 0.737601638
1403636653563555584.000000 6.853525639 -2.858820438 7.925405025 0.001612233 0.646432996 0.190801948 0.738726199
1403636653613555456.000000 6.858116627 -2.866568089 7.908446789 0.003185027 0.645673335 0.190338582 0.739504576
1403636653663555584.000000 6.864757538 -2.859302998 7.879916191 0.005617685 0.644730568 0.187765658 0.740969002
1403636653713555456.000000 6.872364044 -2.868083477 7.859872818 0.006755413 0.644553840 0.185937941 0.741573930
1403636653763555584.000000 6.889146805 -2.858527184 7.825720787 0.009084461 0.643535554 0.183529913 0.743031800
1403636653813555456.000000 6.894434929 -2.863690376 7.802512169 0.009423063 0.643180728 0.182657853 0.743549526
1403636653863555584.000000 6.896359921 -2.855342388 7.782121658 0.010439877 0.643318117 0.180838436 0.743861794
1403636653913555456.000000 6.899572372 -2.855822325 7.766193867 0.010396966 0.643251240 0.181195140 0.743833423
1403636653963555584.000000 6.897827625 -2.846700191 7.750277519 0.010502566 0.642787457 0.183016777 0.743786871
1403636654013555456.000000 6.892289162 -2.836871386 7.732428551 0.010177932 0.641756475 0.185229406 0.744133830
1403636654063555584.000000 6.910838127 -2.809515953 7.709324837 0.011692563 0.640311539 0.187352791 0.744824409
1403636654113555456.000000 6.909275532 -2.797668457 7.694575787 0.012769437 0.640912831 0.188518748 0.743995011
1403636654163555584.000000 6.908314228 -2.785034418 7.677137852 0.014753075 0.642714977 0.189205661 0.742227137
1403636654213555456.000000 6.907987595 -2.777288437 7.659833431 0.015421685 0.645874023 0.189817846 0.739309192
1403636654263555584.000000 6.907857418 -2.768794060 7.641252518 0.013945129 0.649980724 0.190577984 0.735534370
1403636654313555456.000000 6.903343678 -2.763150692 7.622326374 0.012650519 0.654887855 0.192104965 0.730792522
1403636654363555584.000000 6.899865150 -2.753730297 7.601070404 0.010734622 0.659925640 0.194451034 0.725652695
1403636654413555456.000000 6.897262573 -2.750092983 7.579503059 0.008584742 0.665920496 0.197301328 0.719408393
1403636654463555584.000000 6.890972137 -2.751538038 7.562807083 0.007004690 0.672326624 0.200849563 0.712451696
1403636654513555456.000000 6.886688232 -2.753123283 7.542232513 0.005505846 0.679611742 0.203335032 0.704806805
1403636654563555584.000000 6.883054733 -2.757622480 7.518800735 0.004057520 0.686845303 0.206160456 0.696939766
1403636654613555456.000000 6.871946335 -2.752979279 7.493481159 0.003312659 0.692247391 0.210444510 0.690286756
1403636654663555584.000000 6.867653847 -2.752933979 7.469831467 0.003466610 0.696295738 0.216503903 0.684314549
1403636654713555456.000000 6.859226227 -2.756218433 7.448306084 0.002441980 0.700479031 0.220179752 0.678855002
1403636654763555584.000000 6.849678516 -2.754469395 7.429714203 0.001351141 0.704053760 0.223295763 0.674125731
1403636654813555456.000000 6.842966080 -2.749825716 7.409228802 0.000365632 0.707331777 0.224800527 0.670183837
1403636654863555584.000000 6.833470821 -2.740108967 7.394196987 -0.000198857 0.710301042 0.225933194 0.666653275
1403636654913555456.000000 6.827257156 -2.735524178 7.370027065 -0.000245491 0.712742984 0.226225227 0.663942397
1403636654963555584.000000 6.823534966 -2.724773169 7.355651379 0.001601277 0.715965509 0.223075390 0.661534786
1403636655013555456.000000 6.812472343 -2.721526384 7.336262226 0.005328082 0.718515575 0.220294446 0.659679770
1403636655063555584.000000 6.807715416 -2.720221281 7.326328278 0.008098345 0.720856786 0.217179537 0.658128381
1403636655113555456.000000 6.801430702 -2.710165501 7.311282158 0.010989658 0.722410202 0.215243936 0.657018125
1403636655163555584.000000 6.793470383 -2.698619604 7.297743320 0.013473406 0.723831952 0.212873131 0.656178951
1403636655213555456.000000 6.784196854 -2.691501617 7.287209034 0.016029563 0.724645019 0.211997509 0.655507267
1403636655263555584.000000 6.773755550 -2.680825472 7.273951530 0.018680325 0.725916803 0.211962163 0.654039681
1403636655313555456.000000 6.764838219 -2.670549870 7.257001400 0.020294541 0.727755010 0.212328374 0.651826262
1403636655363555584.000000 6.750600338 -2.656320572 7.243996143 0.022632791 0.730137944 0.213091016 0.648828626
1403636655413555456.000000 6.736771107 -2.649362087 7.231734276 0.024375740 0.732599497 0.214509204 0.645515084
1403636655463555584.000000 6.723410606 -2.637615204 7.215601921 0.025136072 0.735594988 0.214929655 0.641929507
1403636655513555456.000000 6.706773758 -2.628634930 7.199603558 0.025339440 0.739013135 0.216950357 0.637299061
1403636655563555584.000000 6.690415859 -2.621762753 7.184739113 0.022984559 0.741976857 0.221849576 0.632238030
1403636655613555456.000000 6.668050289 -2.612348557 7.174665451 0.019469839 0.745126069 0.228759497 0.626160741
1403636655663555584.000000 6.648124695 -2.599199057 7.158470154 0.017233493 0.747635186 0.235997468 0.620523870
1403636655713555456.000000 6.628057003 -2.592736483 7.144460678 0.014801804 0.749725580 0.243425637 0.615171969
1403636655763555584.000000 6.612339497 -2.578465700 7.127283573 0.012311624 0.752384663 0.248272628 0.610021710
1403636655813555456.000000 6.588950634 -2.566142082 7.123510361 0.011335829 0.756417990 0.252574205 0.603249311
1403636655863555584.000000 6.572897911 -2.537600040 7.101462364 0.011875477 0.760317445 0.257030457 0.596415758
1403636655913555456.000000 6.544332504 -2.522645473 7.092815399 0.012121512 0.765377581 0.261025697 0.588146210
1403636655963555584.000000 6.523694515 -2.496664762 7.073062420 0.013277084 0.770618320 0.263750821 0.580005705
1403636656013555456.000000 6.504737854 -2.482414722 7.063576221 0.014497928 0.775668323 0.266098946 0.572118819
1403636656063555584.000000 6.484695435 -2.460182667 7.048512459 0.015142835 0.780428410 0.266865790 0.565230012
1403636656113555456.000000 6.467810631 -2.444008350 7.030338287 0.013320299 0.784396291 0.267777443 0.559321284
1403636656163555584.000000 6.446860313 -2.429416656 7.007512569 0.012311468 0.787386775 0.268545091 0.554755807
1403636656213555456.000000 6.428992748 -2.417920589 6.991029739 0.008516686 0.790243566 0.268805236 0.550623715
1403636656263555584.000000 6.413317204 -2.408109426 6.971311569 0.007150865 0.792172790 0.269777417 0.547385931
1403636656313555456.000000 6.396084309 -2.401117802 6.947975159 0.005431209 0.793209374 0.270987123 0.545303047
1403636656363555584.000000 6.375864983 -2.404164791 6.924263000 0.005107765 0.793988943 0.273053974 0.543136418
1403636656413555456.000000 6.360844135 -2.397296190 6.894173622 0.004014232 0.794028938 0.273469359 0.542877913
1403636656463555584.000000 6.340592384 -2.395063877 6.868414879 0.003885164 0.794232726 0.273146242 0.542743444
1403636656513555456.000000 6.324814796 -2.395687103 6.839831352 0.002583538 0.794214964 0.273066580 0.542817235
1403636656563555584.000000 6.305118084 -2.392552376 6.808216095 0.002376352 0.794294536 0.271057069 0.543708265
1403636656613555456.000000 6.295763493 -2.395630360 6.783973217 0.002051151 0.794600666 0.268723816 0.544420004
1403636656663555584.000000 6.281064510 -2.392689705 6.757287025 0.004612522 0.795415640 0.264470071 0.545296490
1403636656713555456.000000 6.268642426 -2.389578342 6.729128838 0.009783532 0.796731293 0.258087695 0.546364605
1403636656763555584.000000 6.254732132 -2.389066458 6.703278542 0.013811667 0.797999382 0.252086818 0.547228038
1403636656813555456.000000 6.242976189 -2.382825375 6.675629616 0.015779587 0.798917294 0.246792227 0.548247993
1403636656863555584.000000 6.227532387 -2.376611710 6.652785778 0.015784280 0.799614847 0.242683321 0.549064577
1403636656913555456.000000 6.213120937 -2.368131161 6.627075672 0.017002357 0.799662828 0.239651769 0.550288498
1403636656963555584.000000 6.198979378 -2.354390383 6.605231762 0.018386252 0.799632370 0.237285674 0.551312685
1403636657013555456.000000 6.182771206 -2.342805862 6.580513477 0.020658446 0.798874855 0.236751556 0.552558601
1403636657063555584.000000 6.164804459 -2.329118013 6.561309338 0.023048954 0.798460364 0.236369818 0.553226113
1403636657113555456.000000 6.148158550 -2.311973333 6.540091038 0.025448853 0.797519565 0.236639082 0.554361761
1403636657163555584.000000 6.130497932 -2.299566031 6.523694992 0.027958676 0.796889305 0.238034487 0.554549694
1403636657213555456.000000 6.107559681 -2.289140940 6.504940033 0.029017594 0.795697153 0.239688158 0.555494130
1403636657263555584.000000 6.088691711 -2.276347399 6.482009411 0.029034447 0.794309318 0.243164554 0.555968285
1403636657313555456.000000 6.067418575 -2.259778023 6.462149143 0.027919378 0.793556392 0.244907975 0.556335270
1403636657363555584.000000 6.041327477 -2.252372503 6.440072536 0.027153777 0.792278945 0.249011695 0.556372166
1403636657413555456.000000 6.012674809 -2.244888067 6.420005798 0.026220355 0.790788114 0.254493326 0.556057453
1403636657463555584.000000 5.982844830 -2.238816500 6.405089855 0.023652483 0.789305031 0.260069162 0.555699825
1403636657513555456.000000 5.950606346 -2.227936506 6.379611969 0.022291172 0.787503421 0.264852673 0.556052625
1403636657563555584.000000 5.924114704 -2.213568449 6.359264851 0.020235682 0.786884308 0.267341256 0.555816829
1403636657613555456.000000 5.897036552 -2.201853275 6.338117599 0.019138223 0.786533833 0.268794984 0.555650592
1403636657663555584.000000 5.871611595 -2.182593822 6.313595295 0.018996151 0.786419749 0.268948913 0.555742502
1403636657713555456.000000 5.843835354 -2.165437937 6.293526649 0.019469865 0.786928296 0.268209845 0.555363178
1403636657763555584.000000 5.818454266 -2.149348974 6.269417763 0.020525787 0.787629843 0.269119680 0.553888559
1403636657813555456.000000 5.790575027 -2.127293587 6.246805668 0.021758752 0.788327336 0.270223707 0.552309573
1403636657863555584.000000 5.764093399 -2.107197046 6.222562313 0.023847071 0.788010418 0.273829848 0.550897658
1403636657913555456.000000 5.738615513 -2.087422848 6.192918301 0.025693230 0.786928117 0.278950751 0.549791276
1403636657963555584.000000 5.711464882 -2.069282532 6.169098854 0.026333783 0.786647916 0.282351732 0.548424304
1403636658013555456.000000 5.685787678 -2.049455166 6.136428833 0.025236433 0.786905468 0.283192813 0.547672212
1403636658063555584.000000 5.657583714 -2.033279419 6.106827736 0.021847909 0.787854433 0.282904804 0.546601295
1403636658113555456.000000 5.633230209 -2.019013882 6.073533058 0.017498255 0.789822340 0.279519826 0.545658469
1403636658163555584.000000 5.601063728 -2.012438774 6.043250084 0.012462094 0.791558504 0.277529895 0.544295073
1403636658213555456.000000 5.578903675 -1.996300697 6.004640579 0.008958207 0.792953491 0.274714649 0.543761373
1403636658263555584.000000 5.553072453 -1.989270568 5.970670700 0.004234240 0.794510365 0.273016274 0.542399824
1403636658313555456.000000 5.528838634 -1.973018289 5.936738014 0.001178956 0.795690417 0.270800203 0.541795611
1403636658363555584.000000 5.512356281 -1.949160814 5.894013405 -0.000745644 0.795957685 0.269718856 0.541943312
1403636658413555456.000000 5.481051445 -1.937771440 5.862584114 -0.003199382 0.796615720 0.269802988 0.540924668
1403636658463555584.000000 5.453405857 -1.922510386 5.829615593 -0.006125419 0.797411144 0.269232810 0.540010750
1403636658513555456.000000 5.433533192 -1.904050708 5.792215824 -0.009242692 0.798017144 0.267784446 0.539791405
1403636658563555584.000000 5.411968708 -1.885999084 5.759561539 -0.013190007 0.799222469 0.265134394 0.539233923
1403636658613555456.000000 5.393681049 -1.864711165 5.725147724 -0.016062070 0.800033927 0.262645632 0.539170623
1403636658663555584.000000 5.374665737 -1.845824718 5.690937519 -0.017519757 0.800411463 0.261565775 0.539089978
1403636658713555456.000000 5.359714985 -1.827344060 5.661364555 -0.018306481 0.801415861 0.259916365 0.538368821
1403636658763555584.000000 5.344007492 -1.807798624 5.631448269 -0.019124666 0.802590072 0.257093728 0.537946343
1403636658813555456.000000 5.329258442 -1.789039373 5.599129677 -0.020849856 0.803980470 0.252543569 0.537961423
1403636658863555584.000000 5.315615177 -1.765225530 5.573039055 -0.020579692 0.805803239 0.247745633 0.537475288
1403636658913555456.000000 5.299384117 -1.743084908 5.547435760 -0.015931873 0.806484342 0.245723426 0.537539959
1403636658963555584.000000 5.287714005 -1.730196476 5.524806023 -0.010890278 0.806859970 0.246806145 0.536605299
1403636659013555456.000000 5.286846638 -1.712052822 5.491247177 -0.006852563 0.805926621 0.247452706 0.537775636
1403636659063555584.000000 5.272719383 -1.689674616 5.473170280 -0.002026450 0.807145178 0.245025069 0.537098944
1403636659113555456.000000 5.258831024 -1.674354672 5.456819534 0.000483562 0.807719946 0.245168000 0.536172509
1403636659163555584.000000 5.244753838 -1.649181247 5.427280426 0.003240381 0.807034075 0.244021520 0.537716568
1403636659213555456.000000 5.233914375 -1.630585670 5.426584244 0.004421805 0.809182048 0.242872268 0.534993410
1403636659263555584.000000 5.217017651 -1.604278326 5.401316166 0.005676119 0.808276176 0.242848411 0.536360085
1403636659313555456.000000 5.203429699 -1.583764553 5.376045227 0.003873310 0.806820512 0.245282426 0.537459075
1403636659363555584.000000 5.189738274 -1.560163736 5.355683327 0.002187102 0.805670261 0.247536048 0.538160443
1403636659413555456.000000 5.169696808 -1.529800773 5.326748848 -0.000506313 0.803242326 0.248979613 0.541119814
1403636659463555584.000000 5.146664143 -1.519511223 5.307206631 -0.003882030 0.801299572 0.253521174 0.541877210
1403636659513555456.000000 5.131845474 -1.506093264 5.291554451 -0.006049337 0.801402271 0.253709376 0.541617453
1403636659563555584.000000 5.118767262 -1.495637298 5.275276661 -0.005068759 0.801045418 0.255459160 0.541332781
1403636659613555456.000000 5.103901386 -1.481545329 5.259689808 -0.005006753 0.801814258 0.253306597 0.541206717
1403636659663555584.000000 5.089846611 -1.470027328 5.242974758 -0.004225347 0.802393436 0.252146244 0.540896773
1403636659713555456.000000 5.077015400 -1.454823732 5.232272148 -0.003563652 0.803644240 0.250182033 0.539955735
1403636659763555584.000000 5.065155029 -1.438627481 5.221316338 -0.002496336 0.804695189 0.248650700 0.539103150
1403636659813555456.000000 5.053233624 -1.423043489 5.209980011 -0.003096879 0.805291176 0.248273194 0.538383782
1403636659863555584.000000 5.041235447 -1.408305168 5.203317642 -0.002140756 0.805749834 0.249183103 0.537280679
1403636659913555456.000000 5.029446125 -1.387894392 5.198326111 -0.002995668 0.806128144 0.250311315 0.536183536
1403636659963555584.000000 5.014488220 -1.367481112 5.191270828 -0.006036827 0.805678666 0.253012925 0.535565138
1403636660013555456.000000 5.002043247 -1.350120544 5.182871819 -0.008441180 0.804568708 0.257306844 0.535155237
1403636660063555584.000000 4.989518166 -1.329147935 5.181971073 -0.010734541 0.804101229 0.261185735 0.533936441
1403636660113555456.000000 4.978182316 -1.304026604 5.174020767 -0.013242975 0.803120315 0.263618469 0.534160852
1403636660163555584.000000 4.968072414 -1.285848975 5.173475266 -0.015718650 0.802709162 0.266737193 0.533162534
1403636660213555456.000000 4.960920811 -1.260640144 5.168854237 -0.016294952 0.802499294 0.267202556 0.533228040
1403636660263555584.000000 4.948292732 -1.226208329 5.165679932 -0.017082684 0.802029371 0.267979831 0.533520281
1403636660313555456.000000 4.941310406 -1.205882549 5.165930748 -0.019525312 0.801431775 0.270820439 0.532899916
1403636660363555584.000000 4.936335087 -1.185168862 5.163108826 -0.024126323 0.799699724 0.276117146 0.532595277
1403636660413555456.000000 4.932472229 -1.169018269 5.157840729 -0.027817724 0.797644258 0.281770915 0.532536387
1403636660463555584.000000 4.930434704 -1.152660131 5.155260563 -0.029516809 0.796886683 0.284130275 0.532325566
1403636660513555456.000000 4.931699753 -1.139313340 5.150227547 -0.030391501 0.796857893 0.283981591 0.532398701
1403636660563555584.000000 4.933608532 -1.127973318 5.144817352 -0.028903652 0.798033476 0.280463219 0.532585740
1403636660613555456.000000 4.938206673 -1.109152794 5.145848274 -0.024939178 0.800727069 0.273476392 0.532376707
1403636660663555584.000000 4.946657658 -1.093197227 5.137908936 -0.021642722 0.802956343 0.265964866 0.532968402
1403636660713555456.000000 4.954307079 -1.079224110 5.133080482 -0.019356502 0.805407524 0.257995248 0.533275247
1403636660763555584.000000 4.961853981 -1.060476899 5.133607864 -0.017862502 0.808158576 0.249330103 0.533287227
1403636660813555456.000000 4.970945358 -1.041658640 5.131262779 -0.018915752 0.810061395 0.242257074 0.533623755
1403636660863555584.000000 4.981521606 -1.020022273 5.133802414 -0.020540966 0.811957061 0.235972822 0.533498585
1403636660913555456.000000 4.992435932 -1.006783128 5.133559704 -0.021715390 0.812661469 0.233357251 0.533529997
1403636660963555584.000000 5.002409935 -0.985157371 5.141207695 -0.019201446 0.812789857 0.232907295 0.533627450
1403636661013555456.000000 5.014804840 -0.964555740 5.147136211 -0.015578456 0.812357426 0.233684018 0.534064114
1403636661063555584.000000 5.022970676 -0.941524029 5.158504486 -0.011654104 0.812250674 0.234264091 0.534072518
1403636661113555456.000000 5.032444477 -0.918462396 5.170077801 -0.007588116 0.811911166 0.235269412 0.534220099
1403636661163555584.000000 5.044623375 -0.897730231 5.182199478 -0.004905082 0.811493278 0.236586466 0.534304678
1403636661213555456.000000 5.055261612 -0.878339767 5.197197914 -0.001393455 0.811631501 0.236526266 0.534142077
1403636661263555584.000000 5.064496994 -0.861911178 5.210107803 -0.000282362 0.810954511 0.238681883 0.534213245
1403636661313555456.000000 5.073094368 -0.847901285 5.223474026 0.001467855 0.810876489 0.238679886 0.534330606
1403636661363555584.000000 5.081593513 -0.828914344 5.235036850 0.002682128 0.810563564 0.238428831 0.534912348
1403636661413555456.000000 5.087468624 -0.817587435 5.250573635 0.002478911 0.810662746 0.238010556 0.534949422
1403636661463555584.000000 5.094936848 -0.807016790 5.263727665 0.002897189 0.810289025 0.238400787 0.535339534
1403636661513555456.000000 5.100614071 -0.800160050 5.279040337 0.002797965 0.809759200 0.239914685 0.535465419
1403636661563555584.000000 5.107871532 -0.795067012 5.294830322 0.003748259 0.808924913 0.242069274 0.535750806
1403636661613555456.000000 5.112439156 -0.790455580 5.310647964 0.004313701 0.808005333 0.244275540 0.536132753
1403636661663555584.000000 5.117731571 -0.788788021 5.327057838 0.006141205 0.807779908 0.244631410 0.536292315
1403636661713555456.000000 5.122115135 -0.789883256 5.340798378 0.006803601 0.807844400 0.243809298 0.536561430
1403636661763555584.000000 5.125420094 -0.791577041 5.355127335 0.011811016 0.807191670 0.244994983 0.536916733
1403636661813555456.000000 5.128964901 -0.797915518 5.369093895 0.016593164 0.806047201 0.247202665 0.537497401
1403636661863555584.000000 5.129963398 -0.803428054 5.381991863 0.019883994 0.805299401 0.247755140 0.538251758
1403636661913555456.000000 5.131281376 -0.810089171 5.398552895 0.021880481 0.805426002 0.247697636 0.538011312
1403636661963555584.000000 5.131919384 -0.817749321 5.410388947 0.023093231 0.804937184 0.247795731 0.538646638
1403636662013555456.000000 5.131710529 -0.829085529 5.421009064 0.022721671 0.804998755 0.247370213 0.538766026
1403636662063555584.000000 5.128058434 -0.838918447 5.434165001 0.022822341 0.805374682 0.246026814 0.538815022
1403636662113555456.000000 5.124402046 -0.851727486 5.444752216 0.022258680 0.805425763 0.245630339 0.538943172
1403636662163555584.000000 5.118481159 -0.861561716 5.456115723 0.018650265 0.805835903 0.244778216 0.538854659
1403636662213555456.000000 5.115620136 -0.870703220 5.467666149 0.013675983 0.806493282 0.243604720 0.538552105
1403636662263555584.000000 5.106682301 -0.877822757 5.479012489 0.008138592 0.807256162 0.241659090 0.538397849
1403636662313555456.000000 5.099893093 -0.884718716 5.492807388 0.004001087 0.807830513 0.241105527 0.537830949
1403636662363555584.000000 5.090957642 -0.886469960 5.508358479 0.000249029 0.808200121 0.240758628 0.537445605
1403636662413555456.000000 5.085480213 -0.891584516 5.522795677 -0.003034526 0.807916701 0.242839545 0.536926866
1403636662463555584.000000 5.078639030 -0.893435955 5.538913250 -0.006641144 0.807029426 0.246545538 0.536539555
1403636662513555456.000000 5.072395325 -0.898052812 5.557793617 -0.009644391 0.806017935 0.251116753 0.535894156
1403636662563555584.000000 5.066988945 -0.899628401 5.575805664 -0.009858222 0.804833293 0.255338937 0.535675585
1403636662613555456.000000 5.059196472 -0.900694370 5.593524456 -0.006443926 0.803198874 0.260414660 0.535737216
1403636662663555584.000000 5.056098461 -0.902074516 5.614972115 0.001235564 0.802012563 0.265983522 0.534815013
1403636662713555456.000000 5.049919128 -0.900328577 5.632697582 0.009017527 0.800732255 0.269235700 0.535031557
1403636662763555584.000000 5.048024178 -0.901340067 5.651324272 0.014864953 0.800159931 0.271343291 0.534692407
1403636662813555456.000000 5.040477753 -0.895262241 5.669090271 0.020256585 0.799902797 0.272419721 0.534352660
1403636662863555584.000000 5.037081242 -0.894541740 5.686367989 0.020616129 0.799110115 0.275242388 0.534078419
1403636662913555456.000000 5.032646656 -0.888381541 5.705476761 0.017308697 0.798964083 0.277163625 0.533420324
1403636662963555584.000000 5.029126167 -0.880566061 5.719154835 0.015167342 0.798006177 0.280061692 0.533405662
1403636663013555456.000000 5.025489330 -0.874229670 5.732184887 0.015512605 0.796308339 0.285044700 0.533293486
1403636663063555584.000000 5.024206638 -0.869220793 5.743919849 0.017229320 0.794740438 0.290173501 0.532813489
1403636663113555456.000000 5.019983292 -0.865141034 5.755745888 0.019868059 0.793493986 0.294133633 0.532407761
1403636663163555584.000000 5.015627861 -0.855204880 5.764094353 0.019945545 0.792640746 0.296450853 0.532390654
1403636663213555456.000000 5.013457775 -0.853297532 5.765591621 0.014891516 0.793403864 0.295149326 0.532142341
1403636663263555584.000000 5.011927605 -0.845800936 5.771454811 0.005368094 0.795920908 0.289549887 0.531640887
1403636663313555456.000000 5.009002686 -0.838146448 5.772340775 -0.004149928 0.797396183 0.285650909 0.531550348
1403636663363555584.000000 5.011512756 -0.827138186 5.780040741 -0.012962025 0.799228430 0.282058597 0.530574024
1403636663413555456.000000 5.013920307 -0.818028212 5.781266212 -0.021676809 0.799456000 0.281198174 0.530403495
1403636663463555584.000000 5.014466763 -0.801657677 5.785649300 -0.027191298 0.799431682 0.280985087 0.530299067
1403636663513555456.000000 5.019151211 -0.790748239 5.788577080 -0.033119615 0.799239814 0.281763613 0.529837847
1403636663563555584.000000 5.028120995 -0.774584651 5.792191505 -0.036585417 0.799022973 0.282377809 0.529609919
1403636663613555456.000000 5.033091545 -0.759905457 5.795628548 -0.038020447 0.798432231 0.283181071 0.529970765
1403636663663555584.000000 5.043026924 -0.742522836 5.798370838 -0.039299738 0.798233390 0.283368796 0.530076385
1403636663713555456.000000 5.059987545 -0.725782156 5.802815437 -0.043151580 0.798952937 0.280663639 0.530132115
1403636663763555584.000000 5.075700283 -0.712342262 5.806308270 -0.046449210 0.799909115 0.276732892 0.530478001
1403636663813555456.000000 5.095464706 -0.701676250 5.809692383 -0.049627241 0.801852822 0.269940436 0.530755520
1403636663863555584.000000 5.117541313 -0.693819284 5.812524796 -0.052720372 0.803467155 0.262911111 0.531543791
1403636663913555456.000000 5.143618584 -0.687502861 5.817990303 -0.053450122 0.804813683 0.257427901 0.532117486
1403636663963555584.000000 5.170690060 -0.683870196 5.824966431 -0.053753339 0.807014883 0.249087051 0.532722414
1403636664013555456.000000 5.197714806 -0.681534529 5.830000877 -0.053032987 0.808804750 0.240974531 0.533810496
1403636664063555584.000000 5.228195190 -0.681383371 5.837906837 -0.050157230 0.809470892 0.236855179 0.534921169
1403636664113555456.000000 5.260693073 -0.683949947 5.849533081 -0.045233738 0.809381604 0.235074759 0.536279142
1403636664163555584.000000 5.294809341 -0.689234257 5.861750603 -0.039025240 0.809178710 0.234122381 0.537488222
1403636664213555456.000000 5.329568863 -0.697128773 5.872403622 -0.031732831 0.808266342 0.233576179 0.539574683
1403636664263555584.000000 5.365732670 -0.705474854 5.890170097 -0.025449650 0.808010697 0.232290789 0.540843844
1403636664313555456.000000 5.400624752 -0.709568858 5.906855106 -0.019269586 0.807170451 0.232172564 0.542402506
1403636664363555584.000000 5.435533047 -0.710398793 5.926123619 -0.015733944 0.806094408 0.231979698 0.544196367
1403636664413555456.000000 5.468233109 -0.706028342 5.947661877 -0.012214620 0.805088282 0.231291562 0.546065927
1403636664463555584.000000 5.506035328 -0.700387359 5.973956108 -0.010007415 0.804219186 0.231374919 0.547354639
1403636664513555456.000000 5.542065144 -0.692635536 6.001435757 -0.007470763 0.803517461 0.230134994 0.548946142
1403636664563555584.000000 5.576941490 -0.687972903 6.026419640 -0.004964980 0.801846683 0.230696514 0.551177323
1403636664613555456.000000 5.615299702 -0.689829588 6.057142258 0.001385511 0.800054967 0.234688431 0.552115440
1403636664663555584.000000 5.649631500 -0.694807410 6.089818954 0.003918023 0.799064457 0.236199588 0.552892864
1403636664713555456.000000 5.677206993 -0.690248609 6.118784904 0.007265084 0.796926796 0.237992227 0.555170894
1403636664763555584.000000 5.706800461 -0.689216018 6.146380424 0.003689116 0.795830309 0.238061547 0.556747079
1403636664813555456.000000 5.738306522 -0.692371368 6.173137188 -0.000431884 0.794957995 0.237900168 0.558072865
1403636664863555584.000000 5.766401291 -0.696911335 6.203402996 -0.001498452 0.794028223 0.237588778 0.559525371
1403636664913555456.000000 5.796908379 -0.701453567 6.229156971 -0.000440073 0.792733788 0.238520548 0.560964406
1403636664963555584.000000 5.823071480 -0.705798984 6.258851051 -0.002055658 0.791234434 0.240421668 0.562264502
1403636665013555456.000000 5.851021290 -0.714693546 6.285176754 -0.002744055 0.789024472 0.244587317 0.563569069
1403636665063555584.000000 5.875496864 -0.724109769 6.317471981 -0.005686733 0.787418067 0.247807205 0.564386487
1403636665113555456.000000 5.905677795 -0.739034176 6.341191769 -0.007289280 0.785130203 0.252715319 0.565378249
1403636665163555584.000000 5.928859711 -0.755589962 6.373139858 -0.009151468 0.784313917 0.254622459 0.565628409
1403636665213555456.000000 5.956602573 -0.774550676 6.401089191 -0.006144348 0.782827377 0.257990390 0.566201806
1403636665263555584.000000 5.987378120 -0.789333940 6.421102047 0.001459750 0.781743765 0.259659380 0.566966951
1403636665313555456.000000 6.016197205 -0.803896666 6.446008205 0.006963931 0.782007754 0.257913619 0.567358732
1403636665363555584.000000 6.045175552 -0.822010517 6.472767353 0.009046437 0.782276869 0.257108361 0.567323923
1403636665413555456.000000 6.070535660 -0.834402800 6.496816158 0.007958048 0.783064365 0.254368067 0.567488968
1403636665463555584.000000 6.099297047 -0.849910617 6.517350197 0.003097423 0.783787012 0.252772480 0.567251682
1403636665513555456.000000 6.121911526 -0.861460447 6.544469357 -0.003091076 0.785377502 0.249554381 0.566476285
1403636665563555584.000000 6.152121067 -0.879146457 6.567083359 -0.008620427 0.786695540 0.247125566 0.565654397
1403636665613555456.000000 6.178962231 -0.894290566 6.586296082 -0.013389392 0.787064314 0.246705189 0.565231919
1403636665663555584.000000 6.206699848 -0.915591717 6.617587090 -0.016185416 0.788499296 0.245750964 0.563571990
1403636665713555456.000000 6.232056618 -0.932628989 6.638413429 -0.016341645 0.789496183 0.244272009 0.562814355
1403636665763555584.000000 6.261752129 -0.943398118 6.656917095 -0.015333218 0.790478885 0.240998119 0.562874854
1403636665813555456.000000 6.288775921 -0.965650678 6.687927246 -0.013132041 0.792006075 0.239559188 0.561396003
1403636665863555584.000000 6.309397697 -0.982507706 6.714027882 -0.003879534 0.792010486 0.240483776 0.561134458
1403636665913555456.000000 6.343743801 -1.011793017 6.741869450 0.003999430 0.791361928 0.244898260 0.560138464
1403636665963555584.000000 6.370980740 -1.029688835 6.769191265 0.011465805 0.790543795 0.249009788 0.559377611
1403636666013555456.000000 6.398997784 -1.044667006 6.796319485 0.016094854 0.789683044 0.252219200 0.559041440
1403636666063555584.000000 6.419020653 -1.060912728 6.824153900 0.018390791 0.789197385 0.254164815 0.558775067
1403636666113555456.000000 6.429334164 -1.066466331 6.854357243 0.018006826 0.789956450 0.250120550 0.559539318
1403636666163555584.000000 6.453820229 -1.080430031 6.881924629 0.014843697 0.791392624 0.247186452 0.558906257
1403636666213555456.000000 6.474946022 -1.089014173 6.910963535 0.013814108 0.792346954 0.244271964 0.558861971
1403636666263555584.000000 6.499151230 -1.098269582 6.938223839 0.013997847 0.792525291 0.243687630 0.558859646
1403636666313555456.000000 6.518338680 -1.107060194 6.967408180 0.015970329 0.792708993 0.243309736 0.558710873
1403636666363555584.000000 6.538609028 -1.112967849 6.997263908 0.019085171 0.792228103 0.243406191 0.559252977
1403636666413555456.000000 6.557375431 -1.120798469 7.025305748 0.021697791 0.791082859 0.246221364 0.559546411
1403636666463555584.000000 6.574719906 -1.130277276 7.052804947 0.022586109 0.789776087 0.248898089 0.560172677
1403636666513555456.000000 6.588508129 -1.136371255 7.077937603 0.022268830 0.788572073 0.250275791 0.561266720
1403636666563555584.000000 6.605982304 -1.147145510 7.103345871 0.018555032 0.787984073 0.251336634 0.561753333
1403636666613555456.000000 6.621361732 -1.159050822 7.127938271 0.013787675 0.787277162 0.252617240 0.562306941
1403636666663555584.000000 6.633759975 -1.170004010 7.150227070 0.007865435 0.786945522 0.252005637 0.563158989
1403636666713555456.000000 6.645452023 -1.184049726 7.172939777 0.001945747 0.785908818 0.253528744 0.563974082
1403636666763555584.000000 6.661260605 -1.201498032 7.196572781 -0.003040118 0.784770489 0.256086439 0.564398706
1403636666813555456.000000 6.672827244 -1.213650227 7.212360859 -0.005167121 0.782730043 0.259451687 0.565678298
1403636666863555584.000000 6.682563305 -1.229067326 7.236034393 -0.005929043 0.780434072 0.265010864 0.566265702
1403636666913555456.000000 6.698044777 -1.236878872 7.251223087 -0.001109703 0.775870860 0.275635988 0.567492604
1403636666963555584.000000 6.714355946 -1.250749707 7.273825169 0.003082637 0.772317886 0.284777492 0.567818105
1403636667013555456.000000 6.729924202 -1.258388758 7.293440342 0.006592309 0.770957410 0.287751913 0.568137348
1403636667063555584.000000 6.746706963 -1.270070553 7.318187237 0.008510857 0.771394193 0.287073046 0.567862391
1403636667113555456.000000 6.762337208 -1.271441221 7.331823349 0.008546652 0.774384379 0.277547359 0.568527162
1403636667163555584.000000 6.780647755 -1.284898043 7.349255562 0.007045770 0.778549552 0.266245782 0.568264246
1403636667213555456.000000 6.801956654 -1.284708738 7.366822243 0.006367029 0.781981885 0.256093293 0.568225443
1403636667263555584.000000 6.819445133 -1.287394285 7.380823135 0.003475449 0.784758925 0.246530250 0.568651259
1403636667313555456.000000 6.831747532 -1.285320282 7.404172421 0.001571514 0.786766946 0.240033746 0.568664312
1403636667363555584.000000 6.856268406 -1.291296005 7.413360119 0.001152013 0.787018597 0.238470793 0.568974614
1403636667413555456.000000 6.870388031 -1.285848618 7.435710430 -0.000279182 0.787308216 0.236807778 0.569269538
1403636667463555584.000000 6.889057636 -1.286295414 7.451810837 -0.002797213 0.786242485 0.239869803 0.569453657
1403636667513555456.000000 6.900268555 -1.286451578 7.467779636 -0.005262536 0.784460604 0.242733046 0.570679009
1403636667563555584.000000 6.915444374 -1.287354946 7.492337227 -0.006092468 0.782388389 0.249444231 0.570621550
1403636667613555456.000000 6.931241035 -1.280965209 7.507587910 -0.004766994 0.779715121 0.256084234 0.571351528
1403636667663555584.000000 6.941788673 -1.279183388 7.522929668 -0.002932399 0.777283788 0.261406451 0.572265685
1403636667713555456.000000 6.949666977 -1.297053218 7.549629211 -0.001721516 0.776757419 0.264613837 0.571510792
1403636667763555584.000000 6.980151176 -1.301901102 7.571730137 0.000451746 0.776694179 0.265545964 0.571166635
1403636667813555456.000000 6.991073132 -1.305624366 7.577376366 0.002234499 0.776334167 0.265298426 0.571766555
1403636667863555584.000000 7.009649277 -1.316752672 7.594388485 0.003002426 0.776490390 0.265792578 0.571321249
1403636667913555456.000000 7.031854630 -1.325571537 7.606937885 0.003803774 0.776494145 0.266418517 0.571019769
1403636667963555584.000000 7.047822475 -1.345226049 7.631007671 0.002387004 0.777155519 0.267222285 0.569750726
1403636668013555456.000000 7.067155361 -1.347024441 7.642313480 0.002735469 0.777489007 0.266632795 0.569570363
1403636668063555584.000000 7.085736752 -1.351148129 7.656914234 0.000782325 0.778784752 0.265146613 0.568498969
1403636668113555456.000000 7.103599072 -1.352685571 7.673020363 -0.001575604 0.780217469 0.262958974 0.567548096
1403636668163555584.000000 7.120922089 -1.351918697 7.686057091 -0.004252611 0.781584859 0.261019915 0.566547215
1403636668213555456.000000 7.137046337 -1.347268939 7.698672295 -0.007119759 0.782292366 0.261028439 0.565537095
1403636668263555584.000000 7.161702633 -1.344114065 7.715539455 -0.010363750 0.783256531 0.260783315 0.564264059
1403636668313555456.000000 7.180156708 -1.334719777 7.729408741 -0.012056002 0.784259617 0.260098875 0.563152015
1403636668363555584.000000 7.202680111 -1.332018375 7.749143600 -0.012872740 0.785380840 0.259827763 0.561694503
1403636668413555456.000000 7.224054813 -1.328753114 7.763173580 -0.012815437 0.786441386 0.258991867 0.560597003
1403636668463555584.000000 7.244243145 -1.317422986 7.773898125 -0.011610944 0.787433386 0.257292360 0.560013056
1403636668513555456.000000 7.269645691 -1.313161373 7.793488979 -0.011723201 0.788671970 0.256535709 0.558613181
1403636668563555584.000000 7.287355900 -1.305419445 7.809054852 -0.011171670 0.789184988 0.256616473 0.557862282
1403636668613555456.000000 7.314502239 -1.301184177 7.828472614 -0.011611794 0.790014565 0.256653637 0.556660712
1403636668663555584.000000 7.340827465 -1.296395659 7.841918468 -0.012856821 0.790419221 0.256833851 0.555975318
1403636668713555456.000000 7.365826130 -1.287964582 7.862253666 -0.015739869 0.792069018 0.254033387 0.554838657
1403636668763555584.000000 7.383086205 -1.284961939 7.881897926 -0.019168913 0.794131517 0.249393299 0.553887010
1403636668813555456.000000 7.415815830 -1.268387914 7.899050236 -0.020414026 0.796110392 0.244059518 0.553377390
1403636668863555584.000000 7.431990623 -1.274023175 7.920686245 -0.024320109 0.798184931 0.238451019 0.552675784
1403636668913555456.000000 7.469669342 -1.268768191 7.943344116 -0.025987547 0.800258100 0.232649237 0.552074194
1403636668963555584.000000 7.495346069 -1.275477767 7.964339733 -0.023180170 0.800816417 0.231503189 0.551871419
1403636669013555456.000000 7.521023273 -1.278672457 7.986719608 -0.016721489 0.800585926 0.232866243 0.551865995
1403636669063555584.000000 7.544541836 -1.284306288 8.003688812 -0.010540133 0.799915612 0.234259754 0.552400589
1403636669113555456.000000 7.572931290 -1.288618684 8.030056953 -0.004505227 0.799826682 0.235664025 0.552014053
1403636669163555584.000000 7.598802090 -1.301470280 8.053409576 -0.002001564 0.799663663 0.236962542 0.551709116
1403636669213555456.000000 7.623987198 -1.316182137 8.084768295 -0.000299520 0.800319970 0.236901745 0.550786197
1403636669263555584.000000 7.643297195 -1.322149158 8.109325409 0.000651990 0.800255656 0.236545250 0.551032603
1403636669313555456.000000 7.671718121 -1.319023728 8.133026123 0.000907753 0.800406694 0.236126125 0.550992548
1403636669363555584.000000 7.692495346 -1.322678328 8.165107727 0.001204074 0.800372124 0.237106428 0.550621033
1403636669413555456.000000 7.715016842 -1.327947259 8.189563751 0.002091808 0.800322473 0.236528635 0.550939143
1403636669463555584.000000 7.735820293 -1.331840992 8.221963882 0.004639888 0.800891697 0.235047057 0.550730407
1403636669513555456.000000 7.754164696 -1.337131858 8.254296303 0.006190162 0.801426172 0.232683584 0.550941229
1403636669563555584.000000 7.779060841 -1.339825749 8.287521362 0.007659810 0.802222788 0.229731202 0.551002324
1403636669613555456.000000 7.791931152 -1.336376786 8.320045471 0.011378396 0.803552747 0.224424630 0.551187038
1403636669663555584.000000 7.810074806 -1.337313771 8.351927757 0.014598079 0.804345489 0.220077068 0.551707685
1403636669713555456.000000 7.821776867 -1.341075063 8.389245987 0.017836202 0.805435181 0.215509504 0.551825941
1403636669763555584.000000 7.836649418 -1.351190925 8.423950195 0.020119779 0.805351615 0.214443952 0.552284241
1403636669813555456.000000 7.855636120 -1.363605738 8.468431473 0.027458889 0.803687871 0.219172314 0.552535355
1403636669863555584.000000 7.868551731 -1.379328609 8.494283676 0.039530873 0.799205959 0.228478551 0.554531157
1403636669913555456.000000 7.873894215 -1.390387297 8.529619217 0.049032763 0.794200718 0.240834072 0.555733800
1403636669963555584.000000 7.879873276 -1.403201699 8.566194534 0.054904848 0.790508747 0.250399143 0.556220949
1403636670013555456.000000 7.880936623 -1.415987849 8.602301598 0.057475358 0.787966371 0.257646978 0.556258738
1403636670063555584.000000 7.879290581 -1.432349682 8.629034042 0.059295312 0.785432696 0.263323009 0.556992471
1403636670113555456.000000 7.877331734 -1.446119308 8.655867577 0.060729962 0.782717943 0.267596006 0.558620632
1403636670163555584.000000 7.870430470 -1.461870432 8.683141708 0.065787785 0.780779362 0.268371046 0.560386121
1403636670213555456.000000 7.865399837 -1.478403091 8.704467773 0.074620478 0.777851939 0.269069135 0.563009858
1403636670263555584.000000 7.855773449 -1.491316676 8.724079132 0.084015779 0.775241792 0.268801540 0.565409005
1403636670313555456.000000 7.845172882 -1.501906633 8.743383408 0.091627993 0.772450030 0.269412220 0.567752123
1403636670363555584.000000 7.826322079 -1.508486509 8.754428864 0.096177779 0.768637121 0.271227509 0.571298957
1403636670413555456.000000 7.812025070 -1.515462279 8.769856453 0.097687401 0.764801562 0.272818446 0.575418055
1403636670463555584.000000 7.793849468 -1.526776314 8.782012939 0.099505715 0.759576857 0.276192367 0.580395937
1403636670513555456.000000 7.774526119 -1.529692173 8.784537315 0.100593977 0.753959119 0.277644157 0.586805165
1403636670563555584.000000 7.741473675 -1.534381151 8.785937309 0.101482116 0.747774184 0.278010875 0.594344378
1403636670613555456.000000 7.716529846 -1.542227268 8.784746170 0.100437678 0.741639018 0.277822733 0.602244496
1403636670663555584.000000 7.684637070 -1.543428779 8.774536133 0.099882282 0.735216320 0.276280552 0.610859692
1403636670713555456.000000 7.650949478 -1.550477266 8.759862900 0.098710619 0.728548348 0.273768097 0.620100439
1403636670763555584.000000 7.615986824 -1.559371948 8.743100166 0.097976252 0.721587896 0.271539390 0.629267871
1403636670813555456.000000 7.577978611 -1.557537794 8.723426819 0.099846289 0.713371933 0.269909531 0.638968050
1403636670863555584.000000 7.531489372 -1.564244747 8.697103500 0.102573536 0.703746378 0.269405246 0.649338543
1403636670913555456.000000 7.488091946 -1.563796878 8.666283607 0.107252419 0.693528712 0.268851280 0.659722626
1403636670963555584.000000 7.445930958 -1.565880418 8.631178856 0.113034800 0.682119429 0.267554969 0.671081662
1403636671013555456.000000 7.392449379 -1.559618831 8.590229034 0.116894327 0.670593500 0.263685584 0.683454573
1403636671063555584.000000 7.347973347 -1.565034151 8.544441223 0.116208941 0.660374463 0.258301169 0.695472240
1403636671113555456.000000 7.291257858 -1.556285381 8.493444443 0.112443067 0.650732994 0.250571668 0.707896292
1403636671163555584.000000 7.237459183 -1.554071069 8.430133820 0.106480651 0.640706062 0.244027764 0.720144570
1403636671213555456.000000 7.179306507 -1.557911754 8.370638847 0.098779783 0.632143497 0.239134878 0.730377793
1403636671263555584.000000 7.122061729 -1.540094376 8.301406860 0.089114882 0.624777794 0.233131796 0.739838421
1403636671313555456.000000 7.060813904 -1.533499479 8.224615097 0.073683128 0.619572401 0.226253465 0.748004258
1403636671363555584.000000 6.997105122 -1.527668834 8.147647858 0.054018870 0.616127312 0.217171893 0.755185783
1403636671413555456.000000 6.934623718 -1.520263433 8.079111099 0.033340253 0.613318503 0.206517696 0.761629462
1403636671463555584.000000 6.880302429 -1.508559823 7.991024494 0.015626105 0.606999934 0.199550718 0.769081533
1403636671513555456.000000 6.821793556 -1.507638693 7.910204887 0.000785143 0.600232363 0.197003633 0.775183976
1403636671563555584.000000 6.769349098 -1.495274067 7.836441040 -0.010719198 0.593629956 0.196556196 0.780291140
1403636671613555456.000000 6.710632324 -1.483943224 7.749959469 -0.020978844 0.586906791 0.197463989 0.784925699
1403636671663555584.000000 6.657481194 -1.477457047 7.674508572 -0.029510340 0.581368923 0.200011596 0.788121045
1403636671713555456.000000 6.603643894 -1.460483551 7.598414421 -0.035925820 0.576738060 0.201758400 0.790807307
1403636671763555584.000000 6.556287766 -1.464715242 7.516943932 -0.042062048 0.572910547 0.204732016 0.792520761
1403636671813555456.000000 6.498405933 -1.432083130 7.453269005 -0.046913289 0.571475267 0.204119027 0.793442249
1403636671863555584.000000 6.454025269 -1.420109749 7.383582115 -0.052035570 0.569648504 0.206413895 0.793842673
1403636671913555456.000000 6.412324429 -1.404624939 7.314195156 -0.058097668 0.568351746 0.209489048 0.793546081
1403636671963555584.000000 6.375645638 -1.394355059 7.247307777 -0.066086166 0.567800820 0.211195484 0.792862713
1403636672013555456.000000 6.339043617 -1.389393806 7.179106236 -0.074416019 0.567927897 0.212498590 0.791684687
1403636672063555584.000000 6.312941551 -1.381437778 7.108607769 -0.080444597 0.569335938 0.209106266 0.790986657
1403636672113555456.000000 6.287691116 -1.379984617 7.046141148 -0.085553512 0.572428524 0.202272847 0.789994895
1403636672163555584.000000 6.264058590 -1.385469437 6.985146046 -0.088583954 0.575575352 0.196210116 0.788902760
1403636672213555456.000000 6.246089935 -1.387174129 6.924371243 -0.090650208 0.577801526 0.191959530 0.788085997
1403636672263555584.000000 6.232335091 -1.389610767 6.871644497 -0.091103472 0.580113292 0.188921630 0.787068844
1403636672313555456.000000 6.217839241 -1.397270679 6.818826199 -0.091757275 0.582573593 0.184251502 0.786282480
1403636672363555584.000000 6.209269047 -1.402388096 6.771329403 -0.091391020 0.585883617 0.176484033 0.785647273
1403636672413555456.000000 6.198391914 -1.404710531 6.730897427 -0.089932092 0.589473426 0.166426614 0.785325170
1403636672463555584.000000 6.201736450 -1.421427965 6.686979294 -0.084285557 0.592396379 0.157837048 0.785525322
1403636672513555456.000000 6.204288483 -1.415421247 6.645017624 -0.069359399 0.594093144 0.153179422 0.786624849
1403636672563555584.000000 6.193481445 -1.412230968 6.622113228 -0.052877966 0.596122265 0.149482906 0.787081361
1403636672613555456.000000 6.198425770 -1.407253742 6.591731548 -0.037338082 0.595744908 0.149793550 0.788197815
1403636672663555584.000000 6.196857452 -1.392992973 6.565011024 -0.024594346 0.595394909 0.150587663 0.788811445
1403636672713555456.000000 6.193818569 -1.385398746 6.548872948 -0.018517470 0.594228387 0.155642435 0.788875878
1403636672763555584.000000 6.199143887 -1.364338875 6.524729729 -0.018019918 0.591094673 0.163416073 0.789669335
1403636672813555456.000000 6.199502945 -1.342534781 6.509920597 -0.019775325 0.587394416 0.170031354 0.790990591
1403636672863555584.000000 6.191072464 -1.327556014 6.501562595 -0.022228505 0.584168673 0.171060681 0.793089688
1403636672913555456.000000 6.188321114 -1.305374026 6.488259315 -0.022498434 0.579488039 0.169919953 0.796752572
1403636672963555584.000000 6.188962936 -1.293631792 6.478733063 -0.024177086 0.574021220 0.168390498 0.800974309
1403636673013555456.000000 6.185976028 -1.276882410 6.466981888 -0.025556814 0.567755461 0.164703816 0.806147158
1403636673063555584.000000 6.185875893 -1.267756224 6.455712795 -0.028228838 0.561596215 0.161520734 0.811001837
1403636673113555456.000000 6.186027527 -1.259007335 6.448122501 -0.031181853 0.555041730 0.159300625 0.815830708
1403636673163555584.000000 6.180825233 -1.257200718 6.440386772 -0.036982793 0.548510134 0.160255060 0.819809258
1403636673213555456.000000 6.185856819 -1.255314469 6.429019928 -0.044439338 0.541705906 0.163521275 0.823310852
1403636673263555584.000000 6.182648659 -1.248817921 6.431005955 -0.052074954 0.536540747 0.164214984 0.826102674
1403636673313555456.000000 6.177665710 -1.256702423 6.423315048 -0.058231339 0.531984925 0.167622358 0.827951729
1403636673363555584.000000 6.179316044 -1.258300185 6.420761108 -0.062273670 0.528512120 0.168521643 0.829697132
1403636673413555456.000000 6.186869621 -1.260156274 6.420037746 -0.063021667 0.525856614 0.167801932 0.831472039
1403636673463555584.000000 6.195014000 -1.265383244 6.422187328 -0.062422585 0.524097383 0.167005062 0.832787275
1403636673513555456.000000 6.205646992 -1.267458916 6.425895214 -0.061437089 0.522874296 0.165429726 0.833943069
1403636673563555584.000000 6.216708183 -1.269447088 6.432093143 -0.058341973 0.522142231 0.163071483 0.835087776
1403636673613555456.000000 6.231759071 -1.272811770 6.439919949 -0.052882403 0.522516251 0.158127889 0.836167395
1403636673663555584.000000 6.246609688 -1.274712205 6.448140144 -0.046447080 0.522942543 0.153518915 0.837141454
1403636673713555456.000000 6.265105247 -1.277815342 6.457952023 -0.039902832 0.523174167 0.149707124 0.838024139
1403636673763555584.000000 6.282095909 -1.280629396 6.473534107 -0.033165455 0.524439991 0.143644765 0.838587523
1403636673813555456.000000 6.297347069 -1.282949924 6.488810062 -0.026752543 0.524449170 0.141048059 0.839251339
1403636673863555584.000000 6.315636635 -1.288244724 6.505947590 -0.024236409 0.524811089 0.138273552 0.839563191
1403636673913555456.000000 6.329940796 -1.293999672 6.521420002 -0.026001936 0.524958789 0.136464357 0.839714110
1403636673963555584.000000 6.345140457 -1.301465273 6.538243294 -0.026241925 0.524762154 0.136193588 0.839873493
1403636674013555456.000000 6.358335495 -1.307585001 6.557409286 -0.026482522 0.524319649 0.137984723 0.839849889
1403636674063555584.000000 6.371533871 -1.315815687 6.577771187 -0.026482746 0.524294257 0.138512269 0.839778960
1403636674113555456.000000 6.386590958 -1.322957039 6.602232933 -0.025784086 0.523902774 0.139996767 0.839798868
1403636674163555584.000000 6.400012970 -1.328824282 6.623301029 -0.024422465 0.523745775 0.140594751 0.839837492
1403636674213555456.000000 6.414340496 -1.334385633 6.649754047 -0.021766104 0.523750424 0.141018227 0.839836657
1403636674263555584.000000 6.426770687 -1.335163832 6.674331665 -0.016965337 0.523047388 0.143461525 0.839971662
1403636674313555456.000000 6.442217350 -1.336401939 6.704381466 -0.011924016 0.521560133 0.148439229 0.840118289
1403636674363555584.000000 6.449639320 -1.334778666 6.730658054 -0.007584175 0.518860400 0.154068634 0.840826511
1403636674413555456.000000 6.461566925 -1.333510756 6.765555859 -0.003267623 0.514630198 0.158893049 0.842554510
1403636674463555584.000000 6.472467422 -1.331201434 6.795333385 0.001011703 0.509535611 0.162230626 0.845017076
1403636674513555456.000000 6.482698441 -1.326901317 6.825171471 0.004570523 0.503890634 0.163433298 0.848152697
1403636674563555584.000000 6.496340275 -1.326255679 6.854253292 0.005507952 0.498524576 0.162967771 0.851401448
1403636674613555456.000000 6.509705067 -1.316761374 6.887083530 0.006477587 0.494377553 0.161202669 0.854144394
1403636674663555584.000000 6.522389412 -1.304208040 6.915540695 0.007124147 0.490734786 0.157818794 0.856867552
1403636674713555456.000000 6.534448624 -1.294847846 6.943857193 0.006147276 0.486815244 0.157729894 0.859124303
1403636674763555584.000000 6.548434258 -1.285820246 6.966653824 0.001871796 0.482064486 0.159791082 0.861439049
1403636674813555456.000000 6.557973862 -1.273429990 6.992427349 -0.004668235 0.477849752 0.163572744 0.863065362
1403636674863555584.000000 6.573936462 -1.260374784 7.022335529 -0.011796630 0.474179238 0.167090192 0.864347100
1403636674913555456.000000 6.588405609 -1.248366117 7.048264027 -0.017632969 0.471130699 0.170220107 0.865303516
1403636674963555584.000000 6.601987362 -1.241301179 7.073984146 -0.024059771 0.469081700 0.172507301 0.865808785
1403636675013555456.000000 6.620199680 -1.235935330 7.095983028 -0.028649470 0.466941655 0.175096497 0.866306007
1403636675063555584.000000 6.642354965 -1.232179523 7.115207672 -0.033966474 0.465554386 0.175768211 0.866724253
1403636675113555456.000000 6.660207272 -1.229052663 7.137225151 -0.038125087 0.466435283 0.172928140 0.866648972
1403636675163555584.000000 6.687693596 -1.229082823 7.161406517 -0.044280499 0.468015134 0.167981669 0.866477609
1403636675213555456.000000 6.711894035 -1.233090878 7.184271812 -0.048304621 0.470537841 0.159356385 0.866525471
1403636675263555584.000000 6.741066933 -1.238348246 7.204820633 -0.051231828 0.472730547 0.152872473 0.866331995
1403636675313555456.000000 6.772467613 -1.245684862 7.230013371 -0.053085994 0.474835426 0.147341117 0.866027653
1403636675363555584.000000 6.802793026 -1.256767869 7.255158901 -0.050075669 0.476713479 0.140492454 0.866313219
1403636675413555456.000000 6.840891361 -1.273312926 7.285758018 -0.043672733 0.476950586 0.133701503 0.867602885
1403636675463555584.000000 6.871141434 -1.284064531 7.317916870 -0.037432764 0.475574791 0.127793178 0.869538009
1403636675513555456.000000 6.900568008 -1.299302340 7.344731331 -0.032953694 0.473542750 0.121078774 0.871786296
1403636675563555584.000000 6.940545082 -1.314687252 7.378554821 -0.028926108 0.470453143 0.113996513 0.874552429
1403636675613555456.000000 6.967914581 -1.321372509 7.418430805 -0.025196427 0.468252838 0.107270047 0.876697004
1403636675663555584.000000 7.001731396 -1.332721472 7.450111866 -0.022296922 0.463851720 0.103064843 0.879614770
1403636675713555456.000000 7.021454811 -1.342070341 7.490396976 -0.018434523 0.459091574 0.099582434 0.882597566
1403636675763555584.000000 7.052329540 -1.342996359 7.527053356 -0.011883777 0.452219099 0.097309642 0.886502981
1403636675813555456.000000 7.081045151 -1.357482433 7.568410873 -0.004952159 0.442567259 0.102011316 0.890900314
1403636675863555584.000000 7.105898857 -1.362021208 7.605857372 0.003434181 0.431445956 0.108279817 0.895610452
1403636675913555456.000000 7.126773357 -1.365949154 7.647167206 0.008313580 0.419043481 0.116385624 0.900437593
1403636675963555584.000000 7.149887562 -1.372305393 7.685632706 0.010351004 0.406214803 0.123746835 0.905300677
1403636676013555456.000000 7.171082973 -1.367984772 7.729039192 0.009804461 0.394719571 0.126785129 0.909959316
1403636676063555584.000000 7.189989090 -1.370401025 7.767659187 0.007439132 0.384494632 0.126416624 0.914400041
1403636676113555456.000000 7.216792583 -1.364222527 7.803992271 0.002567668 0.375171334 0.121138223 0.919002473
1403636676163555584.000000 7.239601612 -1.364622235 7.842290878 -0.003279337 0.367509007 0.110904120 0.923377931
1403636676213555456.000000 7.262518406 -1.362083673 7.876332283 -0.008828958 0.359693229 0.100234851 0.927629173
1403636676263555584.000000 7.285079479 -1.355884075 7.918131828 -0.015917672 0.352496356 0.086169258 0.931701601
1403636676313555456.000000 7.304653645 -1.348841190 7.954539776 -0.021636762 0.343043000 0.076430112 0.935955048
1403636676363555584.000000 7.324498653 -1.353293657 7.991474152 -0.025476964 0.334327489 0.064144246 0.939926445
1403636676413555456.000000 7.346845150 -1.343055964 8.032939911 -0.028535008 0.324952036 0.053519230 0.943783700
1403636676463555584.000000 7.355060101 -1.350151896 8.077468872 -0.030876312 0.314660668 0.047784828 0.947497785
1403636676513555456.000000 7.378149033 -1.359069109 8.115468979 -0.032221418 0.302184463 0.046337463 0.951577306
1403636676563555584.000000 7.388540745 -1.362884164 8.160923004 -0.029577134 0.290365070 0.047961365 0.955255508
1403636676613555456.000000 7.393712521 -1.367614031 8.206474304 -0.027162403 0.279796332 0.049525198 0.958396316
1403636676663555584.000000 7.407044411 -1.380391955 8.244545937 -0.024161233 0.270358771 0.051869031 0.961057723
1403636676713555456.000000 7.417207718 -1.392942548 8.288144112 -0.021292824 0.262726873 0.054661620 0.963085353
1403636676763555584.000000 7.430912495 -1.402965307 8.329187393 -0.017458865 0.256183058 0.057445671 0.964761853
1403636676813555456.000000 7.441894054 -1.420798779 8.369361877 -0.016027665 0.250109494 0.060612805 0.966185570
1403636676863555584.000000 7.455437660 -1.442813635 8.411128044 -0.015563532 0.243680954 0.064582422 0.967577696
1403636676913555456.000000 7.464768887 -1.454579115 8.451045036 -0.013228488 0.239605188 0.065898873 0.968541026
1403636676963555584.000000 7.481020927 -1.472327232 8.486459732 -0.012497313 0.236159518 0.066895805 0.969328403
1403636677013555456.000000 7.491130829 -1.485856414 8.529140472 -0.012329244 0.235301018 0.064652912 0.969691455
1403636677063555584.000000 7.507304668 -1.493344784 8.567140579 -0.012751185 0.235648260 0.059788425 0.969913781
1403636677113555456.000000 7.519633293 -1.495392323 8.611773491 -0.013325825 0.237169892 0.054480087 0.969847858
1403636677163555584.000000 7.530987740 -1.494000793 8.663267136 -0.014221250 0.239249140 0.049326617 0.969600260
1403636677213555456.000000 7.551787376 -1.495403767 8.702284813 -0.013546484 0.239848167 0.045626935 0.969642997
1403636677263555584.000000 7.563684940 -1.497018456 8.750513077 -0.010962987 0.240264475 0.041824631 0.969744086
1403636677313555456.000000 7.574606419 -1.495679259 8.791290283 -0.007221659 0.238826782 0.038952619 0.970253766
1403636677363555584.000000 7.583230972 -1.498447061 8.838476181 -0.001706764 0.235997930 0.034979731 0.971122324
1403636677413555456.000000 7.591671467 -1.502702594 8.882782936 0.004564197 0.231975228 0.031259246 0.972208619
1403636677463555584.000000 7.595258713 -1.510203719 8.924034119 0.011111050 0.226645321 0.028310236 0.973502457
1403636677513555456.000000 7.604302883 -1.517273426 8.959913254 0.016455734 0.218976736 0.027219554 0.975211561
1403636677563555584.000000 7.603588104 -1.522871375 9.000417709 0.020606257 0.211441979 0.026202101 0.976821959
1403636677613555456.000000 7.605814934 -1.532128096 9.037129402 0.022689557 0.201930821 0.027049270 0.978763223
1403636677663555584.000000 7.608407497 -1.543765187 9.068606377 0.022051943 0.191790342 0.027577734 0.980800569
1403636677713555456.000000 7.605506420 -1.557108879 9.097505569 0.021441663 0.180532873 0.029325800 0.982897818
1403636677763555584.000000 7.604238510 -1.568988800 9.125005722 0.018312763 0.168893576 0.030276863 0.984999001
1403636677813555456.000000 7.599138737 -1.583044291 9.155313492 0.012959285 0.155674219 0.033369392 0.987159610
1403636677863555584.000000 7.596461296 -1.595684171 9.177234650 0.007555798 0.140878245 0.037725490 0.989279091
1403636677913555456.000000 7.594256878 -1.608370543 9.198728561 0.001632298 0.126277864 0.040045276 0.991185009
1403636677963555584.000000 7.594159126 -1.621531963 9.221724510 -0.002626309 0.112105280 0.040089175 0.992883921
1403636678013555456.000000 7.593908787 -1.635926723 9.239441872 -0.007131118 0.099430792 0.036863867 0.994335830
1403636678063555584.000000 7.598711967 -1.646186948 9.261656761 -0.008300297 0.087937400 0.032263126 0.995568871
1403636678113555456.000000 7.604153156 -1.657940030 9.277206421 -0.008955522 0.079284832 0.024124468 0.996519864
1403636678163555584.000000 7.605295181 -1.664965987 9.304825783 -0.008444914 0.072829627 0.015725743 0.997184694
1403636678213555456.000000 7.612051487 -1.670923591 9.323891640 -0.009268832 0.067470856 0.006856013 0.997654676
1403636678263555584.000000 7.615658760 -1.676790357 9.345341682 -0.009449416 0.061912525 -0.000434921 0.998036742
1403636678313555456.000000 7.621383667 -1.682943940 9.364791870 -0.009294588 0.054947127 -0.005715183 0.998429716
1403636678363555584.000000 7.628447056 -1.691721439 9.381117821 -0.008718019 0.046147149 -0.007271299 0.998870194
1403636678413555456.000000 7.637613297 -1.700242758 9.398221016 -0.010010673 0.037068751 -0.009206758 0.999220252
1403636678463555584.000000 7.641843319 -1.713053703 9.415377617 -0.010962919 0.028758544 -0.012686980 0.999445736
1403636678513555456.000000 7.641856194 -1.722413778 9.442588806 -0.012096857 0.020711219 -0.016214017 0.999580860
1403636678563555584.000000 7.652332306 -1.738319278 9.451121330 -0.012229450 0.010514974 -0.019031091 0.999688864
1403636678613555456.000000 7.653773785 -1.753360391 9.472733498 -0.011986748 0.000173115 -0.023143627 0.999660254
1403636678663555584.000000 7.662343502 -1.769213080 9.484623909 -0.011618418 -0.010524101 -0.030474072 0.999412656
1403636678713555456.000000 7.668179512 -1.779859424 9.500456810 -0.010994405 -0.020457506 -0.040470559 0.998910785
1403636678763555584.000000 7.672848701 -1.791553974 9.519768715 -0.010642795 -0.030651579 -0.052164629 0.998111308
1403636678813555456.000000 7.678308010 -1.802624702 9.537639618 -0.010565217 -0.040341809 -0.064884812 0.997021079
1403636678863555584.000000 7.680704594 -1.806313038 9.548518181 -0.010902028 -0.049331799 -0.077176258 0.995736599
1403636678913555456.000000 7.681395054 -1.810459018 9.565813065 -0.010304506 -0.057257228 -0.088490501 0.994376600
1403636678963555584.000000 7.682120323 -1.815489411 9.581399918 -0.010995517 -0.066540197 -0.095561408 0.993136227
1403636679013555456.000000 7.680253029 -1.817577958 9.597584724 -0.009637551 -0.076623969 -0.099258400 0.992060304
1403636679063555584.000000 7.675263882 -1.820327759 9.611238480 -0.008519322 -0.087674536 -0.100719862 0.991007686
1403636679113555456.000000 7.669097900 -1.821055055 9.626723289 -0.006536509 -0.099576339 -0.100862965 0.989883125
1403636679163555584.000000 7.657646179 -1.820161462 9.643157005 -0.004698316 -0.112314649 -0.097260058 0.988890231
1403636679213555456.000000 7.648575783 -1.821738601 9.655597687 -0.001884730 -0.127354264 -0.091912709 0.987587690
1403636679263555584.000000 7.637392044 -1.819457531 9.671222687 0.000616731 -0.142380893 -0.087627247 0.985925376
1403636679313555456.000000 7.625387669 -1.821850061 9.678716660 0.001375656 -0.156768620 -0.084133267 0.984044373
1403636679363555584.000000 7.614776134 -1.822556138 9.691105843 0.002816822 -0.171022370 -0.084305868 0.981649637
1403636679413555456.000000 7.602430820 -1.825064301 9.697034836 0.002438937 -0.184033126 -0.085472390 0.979193747
1403636679463555584.000000 7.593463421 -1.827159286 9.705569267 0.002258044 -0.197178423 -0.087426633 0.976459026
1403636679513555456.000000 7.584374428 -1.832407951 9.711238861 0.001185803 -0.208777994 -0.090615951 0.973755181
1403636679563555584.000000 7.575263023 -1.836958766 9.720441818 0.000021118 -0.218635872 -0.093623020 0.971304893
1403636679613555456.000000 7.569024086 -1.845827103 9.720870018 -0.001504171 -0.227342293 -0.095464021 0.969123244
1403636679663555584.000000 7.559535027 -1.852738500 9.725888252 -0.004090799 -0.234088406 -0.098013513 0.967253447
1403636679713555456.000000 7.552702904 -1.866187930 9.727535248 -0.006217418 -0.239756882 -0.101059571 0.965538740
1403636679763555584.000000 7.547026634 -1.875680327 9.730384827 -0.005751569 -0.243417352 -0.104473129 0.964261591
1403636679813555456.000000 7.542249203 -1.891202688 9.729582787 -0.002258482 -0.246877447 -0.106282011 0.963198066
1403636679863555584.000000 7.533473015 -1.905985832 9.730033875 0.001932462 -0.248552799 -0.108389884 0.962532818
1403636679913555456.000000 7.529578686 -1.922699213 9.729338646 0.008328416 -0.249318212 -0.112017415 0.961885273
1403636679963555584.000000 7.526290417 -1.940945029 9.726338387 0.010175687 -0.249047533 -0.116082147 0.961455584
1403636680013555456.000000 7.524170876 -1.954443455 9.722543716 0.013526808 -0.246917248 -0.122834988 0.961124659
1403636680063555584.000000 7.519595623 -1.974236250 9.715973854 0.016167723 -0.244050920 -0.130575597 0.960795462
1403636680113555456.000000 7.514689922 -1.991377592 9.710465431 0.019797532 -0.240890294 -0.138574481 0.960404634
1403636680163555584.000000 7.507312298 -2.010114193 9.697689056 0.020730754 -0.238714471 -0.142641857 0.960332751
1403636680213555456.000000 7.497880459 -2.025842667 9.686161995 0.020898437 -0.238210559 -0.141934454 0.960559070
1403636680263555584.000000 7.490810394 -2.048644543 9.671414375 0.022435883 -0.237886935 -0.140476659 0.960818768
1403636680313555456.000000 7.481579781 -2.059548140 9.658603668 0.024003277 -0.235549480 -0.143293738 0.960940838
1403636680363555584.000000 7.474033356 -2.066190243 9.643705368 0.023287592 -0.232136726 -0.149230555 0.960885227
1403636680413555456.000000 7.464047909 -2.072036982 9.629311562 0.020965820 -0.228947192 -0.154066339 0.960940778
1403636680463555584.000000 7.451416016 -2.076270342 9.610213280 0.018717524 -0.226307347 -0.157131627 0.961116195
1403636680513555456.000000 7.437061310 -2.077723026 9.590104103 0.016562264 -0.223768547 -0.159515470 0.961357534
1403636680563555584.000000 7.422048092 -2.078194857 9.569134712 0.014001141 -0.222978190 -0.158045575 0.961824477
1403636680613555456.000000 7.400772572 -2.076339483 9.545573235 0.012919920 -0.222842038 -0.154047221 0.962519646
1403636680663555584.000000 7.379758358 -2.073452234 9.522368431 0.012100901 -0.222208485 -0.152214870 0.962968111
1403636680713555456.000000 7.359395027 -2.066631794 9.498192787 0.009409640 -0.222549453 -0.147926942 0.963587523
1403636680763555584.000000 7.336714268 -2.059340477 9.471534729 0.005130532 -0.224631265 -0.139128685 0.964446843
1403636680813555456.000000 7.311360836 -2.057330608 9.445957184 0.000760279 -0.227030650 -0.129967287 0.965176165
1403636680863555584.000000 7.283444881 -2.050709724 9.418507576 -0.004284846 -0.229977578 -0.118984886 0.965885401
1403636680913555456.000000 7.259096622 -2.039771318 9.389173508 -0.011232540 -0.232891232 -0.108232334 0.966396034
1403636680963555584.000000 7.232578278 -2.025457621 9.362760544 -0.020334525 -0.234238073 -0.102624327 0.966533720
1403636681013555456.000000 7.210069180 -2.014994144 9.338169098 -0.028985901 -0.234144211 -0.102049820 0.966396511
1403636681063555584.000000 7.183331490 -2.001294136 9.312726021 -0.037202783 -0.233280003 -0.102835186 0.966240823
1403636681113555456.000000 7.158319473 -1.985833526 9.290944099 -0.042528361 -0.232108265 -0.105818354 0.965981126
1403636681163555584.000000 7.131453991 -1.973303318 9.266240120 -0.042584624 -0.231096312 -0.107917905 0.965989053
1403636681213555456.000000 7.103034973 -1.954881787 9.244600296 -0.035302017 -0.229783878 -0.112293504 0.966096938
1403636681263555584.000000 7.078673363 -1.939331174 9.225014687 -0.025598459 -0.229488045 -0.115296416 0.966119409
1403636681313555456.000000 7.049320221 -1.929442167 9.207530975 -0.018405266 -0.229587704 -0.115980409 0.966177702
1403636681363555584.000000 7.029371262 -1.920880795 9.195219040 -0.011556627 -0.230710447 -0.115706347 0.966049314
1403636681413555456.000000 7.002249241 -1.915277123 9.174348831 -0.007048734 -0.232300669 -0.113518625 0.965971172
1403636681463555584.000000 6.973232269 -1.914021850 9.150752068 -0.004949669 -0.233444676 -0.110714771 0.966033816
1403636681513555456.000000 6.947755814 -1.908060551 9.134919167 -0.003026771 -0.234896496 -0.109327644 0.965847850
1403636681563555584.000000 6.926250935 -1.906558990 9.118554115 -0.002873067 -0.236663923 -0.109440513 0.965403914
1403636681613555456.000000 6.896262169 -1.904242039 9.096961021 -0.002761537 -0.236347437 -0.111916244 0.965197921
1403636681663555584.000000 6.863490105 -1.897169113 9.070688248 -0.002308743 -0.235981330 -0.113630824 0.965088367
1403636681713555456.000000 6.832904339 -1.887072206 9.039340973 -0.001513955 -0.236008495 -0.115322120 0.964882672
1403636681763555584.000000 6.798438072 -1.880059481 9.017369270 -0.000818947 -0.235998452 -0.116344161 0.964763224
1403636681813555456.000000 6.791286469 -1.871880054 9.015769958 -0.000186656 -0.238815486 -0.116704687 0.964026570
1403636681863555584.000000 6.753321648 -1.858397961 8.982053757 0.000642457 -0.238524616 -0.116396949 0.964135528
1403636681913555456.000000 6.721129417 -1.849502563 8.964103699 0.001609853 -0.239726692 -0.116261519 0.963852644
1403636681963555584.000000 6.699337006 -1.844834805 8.939408302 0.001338027 -0.241591573 -0.114938684 0.963545978
1403636682013555456.000000 6.679587841 -1.837290287 8.919360161 0.001115315 -0.243699104 -0.113779403 0.963153064
1403636682063555584.000000 6.643689156 -1.836178303 8.892423630 0.000273685 -0.244388282 -0.112785704 0.963095903
1403636682113555456.000000 6.625985146 -1.837533712 8.869222641 -0.000174367 -0.246272281 -0.111293055 0.962789655
1403636682163555584.000000 6.570101738 -1.825297594 8.823170662 -0.000163080 -0.244548261 -0.109902106 0.963388622
1403636682213555456.000000 6.541012764 -1.822031975 8.794002533 -0.003016248 -0.244928002 -0.109558977 0.963326573
1403636682263555584.000000 6.513890266 -1.820185184 8.766744614 -0.007447707 -0.245402277 -0.108550899 0.963295937
1403636682313555456.000000 6.485330582 -1.815475941 8.737569809 -0.013505415 -0.244907975 -0.109689072 0.963226914
1403636682363555584.000000 6.461759567 -1.807694316 8.712078094 -0.019428387 -0.244920850 -0.109707661 0.963120282
1403636682413555456.000000 6.432937145 -1.801867604 8.679378510 -0.022866441 -0.244092911 -0.109808765 0.963243425
1403636682463555584.000000 6.403536320 -1.794572592 8.651847839 -0.021104747 -0.243424132 -0.109459683 0.963492513
1403636682513555456.000000 6.378595352 -1.788625598 8.630895615 -0.016747447 -0.242715880 -0.109846346 0.963712752
1403636682563555584.000000 6.350407124 -1.782448888 8.604982376 -0.012204355 -0.241436616 -0.110848963 0.963987529
1403636682613555456.000000 6.325305939 -1.771195173 8.582589149 -0.007808936 -0.240869254 -0.111583352 0.964090347
1403636682663555584.000000 6.295166969 -1.759189725 8.556911469 -0.003899554 -0.239399478 -0.111499935 0.964489758
1403636682713555456.000000 6.269646645 -1.747327566 8.534832001 -0.001891044 -0.239655495 -0.109346330 0.964678764
1403636682763555584.000000 6.240618706 -1.739271522 8.505646706 0.000268042 -0.238961503 -0.107303984 0.965081990
1403636682813555456.000000 6.215775490 -1.733650565 8.481751442 0.002295620 -0.238527700 -0.106012464 0.965329289
1403636682863555584.000000 6.189070702 -1.726653576 8.454607964 0.004321648 -0.237311378 -0.107658565 0.965439975
1403636682913555456.000000 6.162789345 -1.722217560 8.429766655 0.004990567 -0.235422790 -0.109913342 0.965645015
1403636682963555584.000000 6.135964870 -1.714525104 8.399786949 0.005952590 -0.233940482 -0.112146854 0.965743005
1403636683013555456.000000 6.114588737 -1.712981105 8.365690231 0.006112415 -0.232795343 -0.114700846 0.965718806
1403636683063555584.000000 6.070859909 -1.713394165 8.329015732 0.006805109 -0.231157631 -0.115380004 0.966026604
1403636683113555456.000000 6.048655987 -1.688835502 8.296343803 0.007247695 -0.231482297 -0.114766717 0.966018736
1403636683163555584.000000 6.020242691 -1.686324358 8.263490677 0.005750955 -0.232438415 -0.113258548 0.965977132
1403636683213555456.000000 5.989842892 -1.696337342 8.241953850 0.001790260 -0.233859509 -0.111618526 0.965840518
1403636683263555584.000000 5.966976166 -1.675822020 8.203106880 0.001606123 -0.234507218 -0.110253520 0.965840578
1403636683313555456.000000 5.939065456 -1.642717957 8.178009987 0.002273059 -0.236016169 -0.108405441 0.965680897
1403636683363555584.000000 5.908442497 -1.627351880 8.143356323 0.001380453 -0.236675531 -0.107634254 0.965607405
1403636683413555456.000000 5.896987915 -1.629813313 8.110436440 -0.000229941 -0.238876164 -0.107269473 0.965106905
1403636683463555584.000000 5.889214516 -1.605748415 8.089442253 -0.000219479 -0.241875499 -0.106386177 0.964457452
1403636683513555456.000000 5.838324547 -1.608012199 8.042872429 -0.002155460 -0.240223885 -0.107214071 0.964776158
1403636683563555584.000000 5.813085556 -1.579970121 8.017963409 -0.001773872 -0.241135120 -0.105631843 0.964724183
1403636683613555456.000000 5.804164886 -1.553927302 7.989669323 -0.002614100 -0.242623776 -0.106277838 0.964277923
1403636683663555584.000000 5.778769016 -1.537845135 7.964211464 -0.005079187 -0.243644834 -0.106245704 0.964014173
1403636683713555456.000000 5.718120575 -1.543320417 7.917520523 -0.010078141 -0.241109416 -0.107540682 0.964468598
1403636683763555584.000000 5.705992222 -1.504134893 7.880949974 -0.011620057 -0.242409050 -0.105667569 0.964332521
1403636683813555456.000000 5.699820995 -1.505581498 7.861730099 -0.015812032 -0.244691357 -0.108210765 0.963414013
1403636683863555584.000000 5.662775040 -1.493802547 7.820207596 -0.019082379 -0.244887546 -0.106670514 0.963476777
1403636683913555456.000000 5.637335777 -1.481936097 7.781587124 -0.019312667 -0.244650915 -0.108707257 0.963304579
1403636683963555584.000000 5.614588261 -1.464450598 7.755761623 -0.018724786 -0.246117681 -0.107054174 0.963127673
1403636684013555456.000000 5.575887203 -1.448286057 7.724229813 -0.016358560 -0.246063665 -0.107269272 0.963160634
1403636684063555584.000000 5.556878090 -1.453060150 7.693090439 -0.015075292 -0.247595683 -0.106896333 0.962830365
1403636684113555456.000000 5.521462917 -1.434386730 7.685697079 -0.012347952 -0.248902261 -0.107745238 0.962437630
1403636684163555584.000000 5.496970654 -1.430711865 7.652897835 -0.011369335 -0.249944687 -0.108016171 0.962149084
1403636684213555456.000000 5.473006248 -1.429207563 7.617671013 -0.009983297 -0.251016378 -0.107701153 0.961920857
1403636684263555584.000000 5.449537754 -1.428941011 7.586484909 -0.008574085 -0.252523988 -0.106919542 0.961626947
1403636684313555456.000000 5.424411774 -1.428235769 7.552443504 -0.006381332 -0.253070146 -0.107228383 0.961466074
1403636684363555584.000000 5.402808189 -1.425215721 7.518698215 -0.004416340 -0.254057854 -0.107132196 0.961227238
1403636684413555456.000000 5.381721973 -1.423890352 7.490808010 -0.003403523 -0.255082399 -0.106771447 0.961000204
1403636684463555584.000000 5.359544277 -1.415303111 7.460712910 -0.002789931 -0.256229162 -0.105454750 0.960842431
1403636684513555456.000000 5.337758541 -1.408481956 7.431128979 -0.002836683 -0.257848054 -0.102585666 0.960719824
1403636684563555584.000000 5.319691181 -1.402036428 7.398290634 -0.002045180 -0.258973807 -0.100743875 0.960613906
1403636684613555456.000000 5.296830177 -1.392427802 7.366097450 -0.001903449 -0.259684950 -0.098665230 0.960637987
1403636684663555584.000000 5.278125286 -1.381405115 7.336178780 -0.001486283 -0.260458320 -0.098174676 0.960479558
1403636684713555456.000000 5.261737823 -1.370010257 7.308060646 -0.000828168 -0.261096239 -0.097390056 0.960387111
1403636684763555584.000000 5.244430065 -1.356870174 7.275186539 -0.000271764 -0.260976732 -0.097760320 0.960382283
1403636684813555456.000000 5.226331711 -1.340782881 7.246812820 0.000233008 -0.260923684 -0.097723067 0.960400403
1403636684863555584.000000 5.209773540 -1.324471116 7.212186337 -0.000211365 -0.260424525 -0.098767743 0.960429072
1403636684913555456.000000 5.196847439 -1.306427956 7.183047295 0.001420919 -0.259428233 -0.102103345 0.960348904
1403636684963555584.000000 5.183634758 -1.289220095 7.158033848 0.001612774 -0.257490128 -0.107818939 0.960245430
1403636685013555456.000000 5.167999268 -1.271285534 7.127194405 0.001514175 -0.255327463 -0.111466348 0.960406601
1403636685063555584.000000 5.162707806 -1.258913279 7.099047184 0.001074711 -0.254616529 -0.113896407 0.960310817
1403636685113555456.000000 5.143594265 -1.245003700 7.063971519 -0.000512958 -0.253047764 -0.114695974 0.960630774
1403636685163555584.000000 5.137495041 -1.230102181 7.033781528 -0.003042260 -0.252921641 -0.114127867 0.960726976
1403636685213555456.000000 5.120396614 -1.220347047 7.001182556 -0.004805676 -0.250426680 -0.116737142 0.961059749
1403636685263555584.000000 5.111466408 -1.208249569 6.971962929 -0.005920819 -0.248471782 -0.119266853 0.961250305
1403636685313555456.000000 5.097476959 -1.202388048 6.933339596 -0.007024331 -0.246280208 -0.121167429 0.961569190
1403636685363555584.000000 5.088202953 -1.195879221 6.900514603 -0.007322343 -0.245038927 -0.122565895 0.961706758
1403636685413555456.000000 5.073831081 -1.190625906 6.862541199 -0.007432786 -0.243955180 -0.121800527 0.962078631
1403636685463555584.000000 5.051999569 -1.186670184 6.827706814 -0.008715455 -0.243093491 -0.119861946 0.962529361
1403636685513555456.000000 5.031701088 -1.174663067 6.787262917 -0.008839415 -0.242347911 -0.117737398 0.962978363
1403636685563555584.000000 5.030744553 -1.160718918 6.756756306 -0.009466630 -0.243161172 -0.116478302 0.962920487
1403636685613555456.000000 5.020260334 -1.142605305 6.719422340 -0.009048028 -0.243433997 -0.114315376 0.963114798
1403636685663555584.000000 5.015545845 -1.128399849 6.691857338 -0.008156382 -0.243541256 -0.114236690 0.963104963
1403636685713555456.000000 4.992357254 -1.115968347 6.657526970 -0.007299038 -0.242415458 -0.114915170 0.963315129
1403636685763555584.000000 4.977579117 -1.099188209 6.623732090 -0.006429205 -0.241998091 -0.115575910 0.963347197
1403636685813555456.000000 4.958757401 -1.076325417 6.599341393 -0.003984255 -0.241106629 -0.117824577 0.963311553
1403636685863555584.000000 4.939898968 -1.054693341 6.558319569 -0.002178863 -0.240317062 -0.119968496 0.963249981
1403636685913555456.000000 4.921969891 -1.035555124 6.525393009 -0.002744263 -0.240617886 -0.118987553 0.963295102
1403636685963555584.000000 4.905837536 -1.016189456 6.492885590 -0.004530334 -0.241918698 -0.116167635 0.963306785
1403636686013555456.000000 4.887091637 -0.995932519 6.461076736 -0.006915854 -0.242791399 -0.113586426 0.963380814
1403636686063555584.000000 4.870503902 -0.977161586 6.426436424 -0.010222002 -0.243917301 -0.111192636 0.963346362
1403636686113555456.000000 4.854393959 -0.960552514 6.390808105 -0.012509937 -0.244702071 -0.109169319 0.963351727
1403636686163555584.000000 4.834329128 -0.947009087 6.357789993 -0.012444828 -0.244626403 -0.108853251 0.963407516
1403636686213555456.000000 4.817784309 -0.932970285 6.322980881 -0.013471248 -0.244648889 -0.107833758 0.963502705
1403636686263555584.000000 4.800307274 -0.923023820 6.290978432 -0.015047758 -0.244918525 -0.106449299 0.963564813
1403636686313555456.000000 4.785318851 -0.910073519 6.256735325 -0.016176343 -0.245090768 -0.105813019 0.963572800
1403636686363555584.000000 4.767989635 -0.902653456 6.222927570 -0.017319631 -0.245271072 -0.105074875 0.963587821
1403636686413555456.000000 4.752865791 -0.897556067 6.191066265 -0.018343003 -0.245013580 -0.105677135 0.963568509
1403636686463555584.000000 4.732697964 -0.888270259 6.160485744 -0.019868476 -0.244794488 -0.105544023 0.963608503
1403636686513555456.000000 4.716138363 -0.881793857 6.125499725 -0.021623820 -0.244948372 -0.105425112 0.963544667
1403636686563555584.000000 4.699039459 -0.870963216 6.098694801 -0.021609455 -0.244985461 -0.105824582 0.963491738
1403636686613555456.000000 4.682244778 -0.860910296 6.067382812 -0.021804458 -0.244881630 -0.107343599 0.963345766
1403636686663555584.000000 4.663126469 -0.848231018 6.034508228 -0.021735158 -0.244582146 -0.107712612 0.963382185
1403636686713555456.000000 4.645866394 -0.834616423 6.008754253 -0.021342466 -0.244903162 -0.107548371 0.963327765
1403636686763555584.000000 4.630436420 -0.822430789 5.980716705 -0.019809911 -0.245551020 -0.107188001 0.963235795
1403636686813555456.000000 4.612741947 -0.811568975 5.954353809 -0.018157005 -0.245841175 -0.106745996 0.963243365
1403636686863555584.000000 4.595147610 -0.798831761 5.929061413 -0.016843937 -0.246532887 -0.105943412 0.963179111
1403636686913555456.000000 4.580661297 -0.790517330 5.902936459 -0.015678300 -0.247442752 -0.104331009 0.963141441
1403636686963555584.000000 4.564548492 -0.781734526 5.879718304 -0.014816059 -0.248009533 -0.103470191 0.963102162
1403636687013555456.000000 4.545846939 -0.776010513 5.852833748 -0.013815559 -0.248280451 -0.103418939 0.963052750
1403636687063555584.000000 4.532166958 -0.772303045 5.825366497 -0.013600450 -0.248873174 -0.102225289 0.963030279
1403636687113555456.000000 4.516093731 -0.771618485 5.797792912 -0.013772145 -0.249142885 -0.102619767 0.962916136
1403636687163555584.000000 4.498899460 -0.768523455 5.772370338 -0.013409678 -0.249443874 -0.102397196 0.962867022
1403636687213555456.000000 4.488442898 -0.767406940 5.753859520 -0.011996109 -0.249796808 -0.102362372 0.962797880
1403636687263555584.000000 4.472883224 -0.760587811 5.728019714 -0.011273748 -0.250027806 -0.102768399 0.962703347
1403636687313555456.000000 4.458790779 -0.755811870 5.700106621 -0.010385063 -0.250184685 -0.102889881 0.962659597
1403636687363555584.000000 4.444235802 -0.749829769 5.675900936 -0.008526066 -0.250097394 -0.103712514 0.962612271
1403636687413555456.000000 4.431707382 -0.741642833 5.653669834 -0.007029668 -0.250274569 -0.104456134 0.962497890
1403636687463555584.000000 4.419453621 -0.732458293 5.631199837 -0.006143201 -0.250389665 -0.104693703 0.962448239
1403636687513555456.000000 4.407526970 -0.720550120 5.608542442 -0.005535049 -0.250595212 -0.104405165 0.962429762
1403636687563555584.000000 4.395353794 -0.707713783 5.586236954 -0.005860583 -0.251414716 -0.102909133 0.962375283
1403636687613555456.000000 4.381073475 -0.695628166 5.565894604 -0.005110807 -0.251941115 -0.102072954 0.962330878
1403636687663555584.000000 4.369563103 -0.679002762 5.548110962 -0.005178781 -0.252795964 -0.101262420 0.962191999
1403636687713555456.000000 4.360456944 -0.662678003 5.528246880 -0.003975596 -0.253773868 -0.099454857 0.962128818
1403636687763555584.000000 4.352716923 -0.643276095 5.507802486 -0.004464038 -0.254364341 -0.099397711 0.961976588
1403636687813555456.000000 4.341545582 -0.622817457 5.490628719 -0.004395417 -0.254256099 -0.099982820 0.961944938
1403636687863555584.000000 4.331366062 -0.600038052 5.471566200 -0.004638619 -0.254179418 -0.100905217 0.961867690
1403636687913555456.000000 4.324192524 -0.579779744 5.453598976 -0.004902220 -0.253936142 -0.102265626 0.961786985
1403636687963555584.000000 4.315939903 -0.554423988 5.438597202 -0.004586536 -0.253305376 -0.104664259 0.961696863
1403636688013555456.000000 4.307027340 -0.529952884 5.421819687 -0.003745360 -0.252538055 -0.106743053 0.961673796
1403636688063555584.000000 4.300450802 -0.505070925 5.406239510 -0.003087569 -0.251544088 -0.110551499 0.961506367
1403636688113555456.000000 4.291482925 -0.479398370 5.388239861 -0.002342304 -0.250490367 -0.113157839 0.961480379
1403636688163555584.000000 4.284851074 -0.457948685 5.369940281 -0.002669351 -0.250381738 -0.113886803 0.961421728
1403636688213555456.000000 4.277135372 -0.437398493 5.348410130 -0.002980386 -0.250189632 -0.114281885 0.961423934
1403636688263555584.000000 4.267886639 -0.417670876 5.332574844 -0.002339519 -0.250715733 -0.112614043 0.961485445
1403636688313555456.000000 4.259911060 -0.401393354 5.307600975 -0.004021575 -0.251581609 -0.110786282 0.961466074
1403636688363555584.000000 4.255665302 -0.384381384 5.285808086 -0.004988357 -0.252787501 -0.108291537 0.961429417
1403636688413555456.000000 4.243345261 -0.368244827 5.267898083 -0.006769076 -0.252723277 -0.108294986 0.961435080
1403636688463555584.000000 4.239040852 -0.347118825 5.246077538 -0.005915816 -0.252244890 -0.109667696 0.961410701
1403636688513555456.000000 4.231468678 -0.327097058 5.225680351 -0.005792414 -0.251537472 -0.112283371 0.961294830
1403636688563555584.000000 4.224421501 -0.306679785 5.206286430 -0.005325720 -0.249947995 -0.116820514 0.961171508
1403636688613555456.000000 4.216331005 -0.284098268 5.187345505 -0.004913841 -0.248367369 -0.121623017 0.960987747
1403636688663555584.000000 4.205971241 -0.261187553 5.167994022 -0.004286808 -0.247537732 -0.124575697 0.960826576
1403636688713555456.000000 4.199216366 -0.236483634 5.148676872 -0.003681026 -0.247896507 -0.125623137 0.960600138
1403636688763555584.000000 4.186357498 -0.213610932 5.128894806 -0.004358552 -0.247888952 -0.127772048 0.960315824
1403636688813555456.000000 4.176960468 -0.189612463 5.110219955 -0.004776307 -0.249757633 -0.125614420 0.960114300
1403636688863555584.000000 4.165525913 -0.167930856 5.088611603 -0.006163895 -0.251542717 -0.127396941 0.959405243
1403636688913555456.000000 4.150311947 -0.147333354 5.067010403 -0.008047650 -0.255026549 -0.126877829 0.958539963
1403636688963555584.000000 4.136978149 -0.129229307 5.044159412 -0.010327468 -0.258814722 -0.125306442 0.957709014
1403636689013555456.000000 4.122016430 -0.111702651 5.022845745 -0.012112071 -0.262595475 -0.124183901 0.956804812
1403636689063555584.000000 4.108964920 -0.097112268 4.994122982 -0.014118729 -0.266628921 -0.122503452 0.955877960
1403636689113555456.000000 4.094701290 -0.083842158 4.968627453 -0.016336579 -0.270861536 -0.120748244 0.954875410
1403636689163555584.000000 4.078347206 -0.073167741 4.944563866 -0.018898752 -0.274538398 -0.119861081 0.953889310
1403636689213555456.000000 4.062392235 -0.063678712 4.920104980 -0.020575663 -0.277318895 -0.119867563 0.953049183
1403636689263555584.000000 4.042937279 -0.058359727 4.896347046 -0.022312704 -0.279872656 -0.119964376 0.952251077
1403636689313555456.000000 4.027691841 -0.052610025 4.872569561 -0.023672443 -0.282379448 -0.120447561 0.951416790
1403636689363555584.000000 4.008986950 -0.051598072 4.849336624 -0.024022218 -0.284142226 -0.121111833 0.950798631
1403636689413555456.000000 3.992071152 -0.050285354 4.826177120 -0.023622049 -0.285599202 -0.121300839 0.950348020
1403636689463555584.000000 3.972765446 -0.053705618 4.801596165 -0.023643237 -0.286800474 -0.121506050 0.949959338
1403636689513555456.000000 3.955813408 -0.056355655 4.779968739 -0.024241343 -0.288131893 -0.121502176 0.949541807
1403636689563555584.000000 3.938560963 -0.062537923 4.757266045 -0.026236659 -0.289288342 -0.121640556 0.949119389
1403636689613555456.000000 3.919712067 -0.067931116 4.736346722 -0.028889406 -0.289738625 -0.120692641 0.949025989
1403636689663555584.000000 3.905102968 -0.076232567 4.713467121 -0.032597490 -0.290859967 -0.119071715 0.948767543
1403636689713555456.000000 3.886940479 -0.082120091 4.696381569 -0.037279703 -0.291843653 -0.115714327 0.948708475
1403636689763555584.000000 3.865019321 -0.084035873 4.680231094 -0.042798534 -0.292167693 -0.111750677 0.948850930
1403636689813555456.000000 3.847268105 -0.091129541 4.665092945 -0.046450280 -0.292914778 -0.108142026 0.948867083
1403636689863555584.000000 3.828845739 -0.097580507 4.649283886 -0.047190651 -0.293478757 -0.104549915 0.949058771
1403636689913555456.000000 3.810381651 -0.103941098 4.638523579 -0.047549695 -0.295158505 -0.097893335 0.949229896
1403636689963555584.000000 3.791218281 -0.110121712 4.630241394 -0.046423882 -0.295468152 -0.093796201 0.949602902
1403636690013555456.000000 3.775465488 -0.113216430 4.625152111 -0.044510629 -0.295068979 -0.092441328 0.949951410
1403636690063555584.000000 3.760939121 -0.117689893 4.620468140 -0.043587215 -0.293959111 -0.093805358 0.950204670
1403636690113555456.000000 3.746220112 -0.119656548 4.618788242 -0.043459505 -0.291643262 -0.098468214 0.950452268
1403636690163555584.000000 3.731287479 -0.124125525 4.619581699 -0.042877477 -0.288955092 -0.104944520 0.950606763
1403636690213555456.000000 3.719543457 -0.128632560 4.620211601 -0.042189151 -0.286900789 -0.109326184 0.950765967
1403636690263555584.000000 3.702864647 -0.136166096 4.621671677 -0.041293755 -0.285198420 -0.111763701 0.951033950
1403636690313555456.000000 3.691255569 -0.143231973 4.625156879 -0.039446879 -0.284488171 -0.113590479 0.951108694
1403636690363555584.000000 3.674703121 -0.156013429 4.629446983 -0.038636893 -0.283228785 -0.115789205 0.951252580
1403636690413555456.000000 3.662425041 -0.166879252 4.634825230 -0.037976429 -0.283007920 -0.115878850 0.951334000
1403636690463555584.000000 3.647092819 -0.179993838 4.639479160 -0.036900572 -0.283247530 -0.114522457 0.951469302
1403636690513555456.000000 3.632769346 -0.193287879 4.647442818 -0.036264624 -0.284708261 -0.110077292 0.951582491
1403636690563555584.000000 3.616434336 -0.205733851 4.655783653 -0.035935253 -0.285824299 -0.106828533 0.951630652
1403636690613555456.000000 3.598175049 -0.218302637 4.666553497 -0.038280737 -0.287329316 -0.101143368 0.951707184
1403636690663555584.000000 3.584997177 -0.229557186 4.679116726 -0.038528483 -0.289225787 -0.095463380 0.951709390
1403636690713555456.000000 3.570539474 -0.237108976 4.692791939 -0.036952972 -0.292614847 -0.086136326 0.951625764
1403636690763555584.000000 3.558596611 -0.242885098 4.709272861 -0.036714192 -0.296023130 -0.075124353 0.951513886
1403636690813555456.000000 3.545831680 -0.244352564 4.728000641 -0.035371155 -0.298309296 -0.066974059 0.951459408
1403636690863555584.000000 3.537407875 -0.244769961 4.750330925 -0.031672962 -0.300694942 -0.060676925 0.951261163
1403636690913555456.000000 3.528661251 -0.243030995 4.773279190 -0.026070260 -0.302160800 -0.055674959 0.951272607
1403636690963555584.000000 3.526068211 -0.240587056 4.800071716 -0.018097792 -0.304528385 -0.049070850 0.951066315
1403636691013555456.000000 3.525357723 -0.241817683 4.825587273 -0.008825902 -0.306374967 -0.044192936 0.950843573
1403636691063555584.000000 3.528408051 -0.246200293 4.851829529 -0.000368315 -0.307855636 -0.041252874 0.950538337
1403636691113555456.000000 3.535343170 -0.250623405 4.878634453 0.005735162 -0.308439702 -0.041059528 0.950340092
1403636691163555584.000000 3.546757698 -0.256965786 4.903957367 0.014063505 -0.308046758 -0.044145856 0.950242460
1403636691213555456.000000 3.561336756 -0.265674621 4.929113865 0.021450548 -0.306170255 -0.051743168 0.950327516
1403636691263555584.000000 3.582498789 -0.273322523 4.953579903 0.029359313 -0.303400397 -0.062278699 0.950372338
1403636691313555456.000000 3.607008696 -0.285302103 4.974853516 0.033033535 -0.300577283 -0.073465757 0.950349867
1403636691363555584.000000 3.632994413 -0.295748681 4.993656635 0.034073941 -0.298353016 -0.082574889 0.950266242
1403636691413555456.000000 3.661129951 -0.309918612 5.009938240 0.027580328 -0.297522098 -0.089176558 0.950140834
1403636691463555584.000000 3.689092159 -0.326751351 5.024206161 0.018412851 -0.296926945 -0.095386527 0.949945688
1403636691513555456.000000 3.721579075 -0.342154413 5.038286209 0.010222704 -0.297748655 -0.096733719 0.949675679
1403636691563555584.000000 3.754988670 -0.360035211 5.046492100 0.005687947 -0.298575431 -0.098416723 0.949281096
1403636691613555456.000000 3.792049885 -0.382541955 5.055700302 0.000938944 -0.298883170 -0.102132857 0.948808134
1403636691663555584.000000 3.824721336 -0.405364066 5.064795017 -0.000936017 -0.297279954 -0.109169312 0.948528290
1403636691713555456.000000 3.859113693 -0.423537940 5.075119972 -0.002163122 -0.295439512 -0.116504557 0.948228598
1403636691763555584.000000 3.893713713 -0.444585472 5.082976341 -0.001912353 -0.294124931 -0.122501932 0.947881937
1403636691813555456.000000 3.931170464 -0.462801397 5.091546059 -0.002535262 -0.294311881 -0.123596646 0.947680354
1403636691863555584.000000 3.962751865 -0.479993761 5.100502491 -0.004109420 -0.294701427 -0.122993492 0.947632194
1403636691913555456.000000 3.998251915 -0.497014672 5.108950615 -0.004696560 -0.295658082 -0.120373577 0.947667897
1403636691963555584.000000 4.034028530 -0.509949505 5.115565777 -0.001016430 -0.297435135 -0.115874499 0.947683752
1403636692013555456.000000 4.064004898 -0.524225593 5.126200676 0.002396766 -0.298071116 -0.112795904 0.947852850
1403636692063555584.000000 4.098807335 -0.537417233 5.132232189 0.002357220 -0.298813492 -0.110869877 0.947846413
1403636692113555456.000000 4.132813454 -0.552929938 5.138894558 0.001652111 -0.297878861 -0.113410793 0.947841465
1403636692163555584.000000 4.166948795 -0.567534566 5.145875454 0.002882854 -0.295555741 -0.118254967 0.947973788
1403636692213555456.000000 4.201914310 -0.583493590 5.150747299 0.002173946 -0.294413149 -0.121461302 0.947925806
1403636692263555584.000000 4.239088058 -0.599884272 5.156558514 0.001108436 -0.293505907 -0.123178825 0.947987437
1403636692313555456.000000 4.271235943 -0.618064761 5.158230782 0.000030456 -0.293389857 -0.121797107 0.948202491
1403636692363555584.000000 4.310544968 -0.643662632 5.160014629 -0.001886719 -0.294158459 -0.119633235 0.948237956
1403636692413555456.000000 4.342595100 -0.663285494 5.161733627 -0.003237768 -0.293151885 -0.119977787 0.948502481
1403636692463555584.000000 4.368653297 -0.686669528 5.164460182 -0.003556693 -0.291323543 -0.123113357 0.948662877
1403636692513555456.000000 4.405664921 -0.714027703 5.160401821 -0.002830290 -0.289280921 -0.127497822 0.948711216
1403636692563555584.000000 4.441365242 -0.739567876 5.160315037 -0.002506538 -0.288978159 -0.127245054 0.948838294
1403636692613555456.000000 4.474113941 -0.768463969 5.154655933 -0.003367244 -0.288947314 -0.126045197 0.949005187
1403636692663555584.000000 4.503064156 -0.796983898 5.149976730 -0.003688266 -0.288302481 -0.124854147 0.949357450
1403636692713555456.000000 4.534111977 -0.825375140 5.144554138 -0.005490098 -0.286407262 -0.127994820 0.949504197
1403636692763555584.000000 4.565987587 -0.853020906 5.140303612 -0.007159895 -0.282968432 -0.135671869 0.949458182
1403636692813555456.000000 4.596582890 -0.877830863 5.135845661 -0.008636261 -0.278871149 -0.145584777 0.949189901
1403636692863555584.000000 4.626358509 -0.901966810 5.132977009 -0.009451158 -0.276246488 -0.152085334 0.948930264
1403636692913555456.000000 4.653045654 -0.923284471 5.128698349 -0.010163752 -0.274142861 -0.157662332 0.948622704
1403636692963555584.000000 4.676093102 -0.943658590 5.123747826 -0.011504210 -0.273911178 -0.157909170 0.948633313
1403636693013555456.000000 4.698005199 -0.965393007 5.121068001 -0.014079807 -0.275267839 -0.154997289 0.948686063
1403636693063555584.000000 4.717134476 -0.985416532 5.112709999 -0.013989760 -0.276532054 -0.151144266 0.948941410
1403636693113555456.000000 4.736814976 -1.002501845 5.108376980 -0.012756692 -0.278513193 -0.146990120 0.949031949
1403636693163555584.000000 4.752541542 -1.018795252 5.102016926 -0.012594865 -0.280171424 -0.143123537 0.949137032
1403636693213555456.000000 4.769934177 -1.032749653 5.098517895 -0.014768159 -0.281210661 -0.141365975 0.949061751
1403636693263555584.000000 4.784723282 -1.045663834 5.091693878 -0.018973147 -0.282161951 -0.139835373 0.948931396
1403636693313555456.000000 4.796993256 -1.056581259 5.087125778 -0.024398426 -0.283297718 -0.137337118 0.948833883
1403636693363555584.000000 4.814251423 -1.070125580 5.083786011 -0.029500585 -0.284724921 -0.135254234 0.948560953
1403636693413555456.000000 4.829569340 -1.080341339 5.079799652 -0.034051046 -0.285994083 -0.133068264 0.948335826
1403636693463555584.000000 4.837571144 -1.086512089 5.078669548 -0.038803536 -0.286512703 -0.132820904 0.948031366
1403636693513555456.000000 4.847829819 -1.093086720 5.078764439 -0.045359179 -0.286659390 -0.131789774 0.947839916
1403636693563555584.000000 4.853006840 -1.099742889 5.080205441 -0.052061044 -0.286338001 -0.132407829 0.947506368
1403636693613555456.000000 4.863749981 -1.107645869 5.082277298 -0.056623511 -0.286512703 -0.133720294 0.947007477
1403636693663555584.000000 4.871980667 -1.113834620 5.087738037 -0.059222084 -0.286568910 -0.134205297 0.946762919
1403636693713555456.000000 4.876926899 -1.120223045 5.094597816 -0.058039177 -0.287120968 -0.133409768 0.946781337
1403636693763555584.000000 4.881061554 -1.130283356 5.104105473 -0.052626647 -0.288189143 -0.132772729 0.946862698
1403636693813555456.000000 4.882277012 -1.135927200 5.114212990 -0.046643004 -0.288514107 -0.132003859 0.947184801
1403636693863555584.000000 4.881708145 -1.146885872 5.127663612 -0.040073261 -0.289568812 -0.130487427 0.947373807
1403636693913555456.000000 4.884385586 -1.151036143 5.141615868 -0.031594444 -0.291352361 -0.126893580 0.947635889
1403636693963555584.000000 4.888423443 -1.156163454 5.153847218 -0.023355832 -0.292147666 -0.125561446 0.947807252
1403636694013555456.000000 4.887927532 -1.166333675 5.168497086 -0.015977019 -0.293873698 -0.122843377 0.947782993
1403636694063555584.000000 4.886890411 -1.171627641 5.183212757 -0.009807965 -0.294464827 -0.121531554 0.947852492
1403636694113555456.000000 4.884082317 -1.174766421 5.197510719 -0.006769630 -0.294946104 -0.121048562 0.947791219
1403636694163555584.000000 4.885046959 -1.178865194 5.212273121 -0.003701062 -0.295546919 -0.120031960 0.947750390
1403636694213555456.000000 4.884719849 -1.182808042 5.225374699 -0.001790945 -0.295868367 -0.119481578 0.947725117
1403636694263555584.000000 4.884686947 -1.191564798 5.235904694 -0.002323222 -0.295769483 -0.120681547 0.947602808
1403636694313555456.000000 4.887539864 -1.201144099 5.246096611 -0.004152870 -0.296011657 -0.121263571 0.947446585
1403636694363555584.000000 4.889310837 -1.214658856 5.255373001 -0.007455525 -0.296238005 -0.120971620 0.947392941
1403636694413555456.000000 4.888576508 -1.222289562 5.265961647 -0.010402205 -0.296004683 -0.122205779 0.947279692
1403636694463555584.000000 4.892639160 -1.233705163 5.276272297 -0.012771588 -0.295650035 -0.122807629 0.947283685
1403636694513555456.000000 4.892847061 -1.244727492 5.285144329 -0.014273113 -0.294958860 -0.124038436 0.947317302
1403636694563555584.000000 4.892099380 -1.248739600 5.293600559 -0.014969200 -0.294701487 -0.124444164 0.947333455
1403636694613555456.000000 4.891701698 -1.251265883 5.306234837 -0.015395204 -0.294171423 -0.124690279 0.947459042
1403636694663555584.000000 4.893517494 -1.256750107 5.319069862 -0.015585630 -0.293687433 -0.125102654 0.947551668
1403636694713555456.000000 4.892245770 -1.259952307 5.329300404 -0.014252273 -0.293143004 -0.125413939 0.947700083
1403636694763555584.000000 4.892097473 -1.263232589 5.340565205 -0.012772643 -0.293581426 -0.122437119 0.947974741
1403636694813555456.000000 4.893392563 -1.262620807 5.355400085 -0.010945725 -0.293325782 -0.121710390 0.948170245
1403636694863555584.000000 4.893684387 -1.259756088 5.363344193 -0.012735585 -0.294776738 -0.115990542 0.948414803
1403636694913555456.000000 4.897057533 -1.259978056 5.380314350 -0.014250020 -0.296038330 -0.111034669 0.948593497
1403636694963555584.000000 4.895583153 -1.255516291 5.396437168 -0.016094182 -0.296770364 -0.105929695 0.948919058
1403636695013555456.000000 4.899250984 -1.259075522 5.404699326 -0.017985860 -0.296931148 -0.104340561 0.949010789
1403636695063555584.000000 4.896129608 -1.251854658 5.421124935 -0.018337596 -0.295176297 -0.106444426 0.949317873
1403636695113555456.000000 4.905832767 -1.253059387 5.436339855 -0.017323207 -0.293989509 -0.108510852 0.949471235
1403636695163555584.000000 4.906798840 -1.252632499 5.449442863 -0.016949508 -0.292377532 -0.110331789 0.949765742
1403636695213555456.000000 4.912646770 -1.258881211 5.460591793 -0.016045319 -0.290443867 -0.113373637 0.950016499
1403636695263555584.000000 4.915604591 -1.261281490 5.473508358 -0.014122250 -0.288721085 -0.115474381 0.950319111
1403636695313555456.000000 4.918692589 -1.267589450 5.487640381 -0.012763198 -0.287077188 -0.117233939 0.950620890
1403636695363555584.000000 4.925451279 -1.277698278 5.497756958 -0.011917292 -0.286036849 -0.118490696 0.950789571
1403636695413555456.000000 4.928559303 -1.286579013 5.509403229 -0.011488574 -0.285104543 -0.119062148 0.951003492
1403636695463555584.000000 4.932734013 -1.294071913 5.520775318 -0.010252451 -0.284234345 -0.119573765 0.951213896
1403636695513555456.000000 4.936233997 -1.303504705 5.530621529 -0.008980377 -0.282808334 -0.121822529 0.951366425
1403636695563555584.000000 4.940909386 -1.312581778 5.541495323 -0.007644009 -0.282043487 -0.122797735 0.951479852
1403636695613555456.000000 4.945363522 -1.320484161 5.552157879 -0.006459658 -0.280795395 -0.124447018 0.951643467
1403636695663555584.000000 4.948881149 -1.325109243 5.563425064 -0.004992432 -0.279305696 -0.126953840 0.951759517
1403636695713555456.000000 4.950563431 -1.331637025 5.572552681 -0.004646605 -0.278629839 -0.127007604 0.951952219
1403636695763555584.000000 4.955399990 -1.333400846 5.582523346 -0.006056878 -0.279138982 -0.124337539 0.952147543
1403636695813555456.000000 4.960281372 -1.337329626 5.591975212 -0.006885174 -0.279059976 -0.123739593 0.952243030
1403636695863555584.000000 4.959776402 -1.337405682 5.601810455 -0.006993703 -0.278774291 -0.123010308 0.952420354
1403636695913555456.000000 4.963585854 -1.336982131 5.609426975 -0.008003449 -0.278279573 -0.122872867 0.952574790
1403636695963555584.000000 4.963545799 -1.336010456 5.620730877 -0.010416958 -0.278099537 -0.122129299 0.952699661
1403636696013555456.000000 4.965331078 -1.332645297 5.629263878 -0.013093426 -0.277912885 -0.120934732 0.952873468
1403636696063555584.000000 4.968679428 -1.327468038 5.637894630 -0.016530048 -0.277082443 -0.121693693 0.952965260
1403636696113555456.000000 4.970404625 -1.323540092 5.648505688 -0.019628258 -0.275437117 -0.124430321 0.953030109
1403636696163555584.000000 4.972962856 -1.319379687 5.656941414 -0.020440087 -0.273806214 -0.127985895 0.953012049
1403636696213555456.000000 4.972562790 -1.316391230 5.668378353 -0.021549588 -0.272507995 -0.130347282 0.953039706
1403636696263555584.000000 4.971925735 -1.309951067 5.678940296 -0.018359922 -0.271735370 -0.131218120 0.953207552
1403636696313555456.000000 4.973357677 -1.305370450 5.688450813 -0.014917938 -0.272386909 -0.129773945 0.953279376
1403636696363555584.000000 4.970853806 -1.300092578 5.700700283 -0.007286048 -0.273027778 -0.126817718 0.953582764
1403636696413555456.000000 4.969935417 -1.295368314 5.707853317 0.000293020 -0.274488121 -0.122066565 0.953811288
1403636696463555584.000000 4.968548775 -1.289939165 5.717216015 0.004564409 -0.276017457 -0.116732612 0.954026818
1403636696513555456.000000 4.966263294 -1.287845492 5.721260071 0.005978349 -0.275706023 -0.115632132 0.954243004
1403636696563555584.000000 4.968764305 -1.286342978 5.728638649 0.004546385 -0.275908530 -0.114243887 0.954359591
1403636696613555456.000000 4.965334892 -1.282754540 5.732259750 0.003901296 -0.275597215 -0.114174917 0.954460680
1403636696663555584.000000 4.966010571 -1.283395648 5.735215187 0.001679352 -0.275703877 -0.112978503 0.954578698
1403636696713555456.000000 4.964111328 -1.283964872 5.737321854 0.001154232 -0.275681943 -0.112690158 0.954619944
1403636696763555584.000000 4.966997147 -1.285549045 5.736426830 -0.000919896 -0.275651842 -0.112989850 0.954593420
1403636696813555456.000000 4.964879036 -1.285612583 5.737164974 -0.001045675 -0.274723381 -0.114362322 0.954697490
1403636696863555584.000000 4.966205597 -1.283603430 5.738068104 -0.001917646 -0.274467498 -0.115414888 0.954643071
1403636696913555456.000000 4.965822220 -1.278534889 5.737453461 -0.001505870 -0.273598462 -0.117116272 0.954686046
1403636696963555584.000000 4.965546131 -1.274620652 5.740024567 0.000189002 -0.271362871 -0.123251066 0.954553008
1403636697013555456.000000 4.967958927 -1.267891288 5.739233017 0.001993104 -0.268971771 -0.129994363 0.954333127
1403636697063555584.000000 4.970542908 -1.261929750 5.739204407 0.004109903 -0.266947001 -0.136034206 0.954053044
1403636697113555456.000000 4.968600273 -1.256830812 5.735885620 0.005596051 -0.264025599 -0.143290818 0.953796089
1403636697163555584.000000 4.968538284 -1.253552794 5.730269909 0.007222942 -0.261947125 -0.148451537 0.953568935
1403636697213555456.000000 4.966976166 -1.251640677 5.720555305 0.008973312 -0.260774702 -0.151415348 0.953409433
1403636697263555584.000000 4.961955547 -1.250858903 5.716917992 0.009718440 -0.260068148 -0.152200177 0.953470111
1403636697313555456.000000 4.957270622 -1.251564026 5.705929756 0.006616286 -0.260912716 -0.149889544 0.953631997
1403636697363555584.000000 4.947000504 -1.254393220 5.688318729 0.002761550 -0.262250423 -0.144095287 0.954176962
1403636697413555456.000000 4.938878536 -1.258207083 5.672840118 -0.001643882 -0.264502943 -0.138032600 0.954454064
1403636697463555584.000000 4.927173615 -1.264621615 5.655019760 -0.006289775 -0.266112208 -0.133370176 0.954650283
1403636697513555456.000000 4.914634705 -1.272632122 5.637216091 -0.009945784 -0.266576797 -0.130092978 0.954941750
1403636697563555584.000000 4.904560089 -1.280297995 5.619315624 -0.011644707 -0.265410841 -0.127831966 0.955552459
1403636697613555456.000000 4.891736507 -1.291749120 5.599225044 -0.011861331 -0.261593342 -0.126924217 0.956722796
1403636697663555584.000000 4.880175114 -1.296112657 5.582435608 -0.010909171 -0.255530059 -0.125610471 0.958544433
1403636697713555456.000000 4.867591381 -1.302828074 5.567893028 -0.011364908 -0.247624993 -0.122621745 0.960997701
1403636697763555584.000000 4.856956959 -1.307305217 5.550318241 -0.012484611 -0.237650096 -0.120570734 0.963757932
1403636697813555456.000000 4.841118336 -1.309450626 5.533074379 -0.012193380 -0.226792768 -0.117245704 0.966783285
1403636697863555584.000000 4.827284336 -1.313331604 5.517549515 -0.012056937 -0.217253476 -0.113559231 0.969412208
1403636697913555456.000000 4.811764240 -1.311795473 5.501499653 -0.012382846 -0.208440140 -0.109604813 0.971795380
1403636697963555584.000000 4.798952579 -1.311073303 5.485719681 -0.012504227 -0.200834185 -0.105467908 0.973851085
1403636698013555456.000000 4.782526970 -1.310800552 5.473492622 -0.013399458 -0.194250599 -0.102356128 0.975505233
1403636698063555584.000000 4.768889427 -1.305821538 5.456629276 -0.012448248 -0.188675940 -0.099841639 0.976871610
1403636698113555456.000000 4.748358727 -1.300854325 5.442830086 -0.013113222 -0.183990493 -0.097357772 0.978006661
1403636698163555584.000000 4.731802464 -1.293798447 5.426284313 -0.013250648 -0.180372313 -0.094749816 0.978934467
1403636698213555456.000000 4.715886116 -1.283879757 5.412721634 -0.012503161 -0.176742122 -0.092851825 0.979788005
1403636698263555584.000000 4.697031498 -1.275544524 5.402081013 -0.012716721 -0.171830013 -0.090327896 0.980894327
1403636698313555456.000000 4.677845955 -1.267697811 5.388179779 -0.012901707 -0.164954126 -0.089364700 0.982159674
1403636698363555584.000000 4.662719727 -1.254908204 5.373985291 -0.012025935 -0.157577872 -0.086658664 0.983623385
1403636698413555456.000000 4.642728806 -1.241943121 5.364537239 -0.012461523 -0.148509756 -0.084662236 0.985201478
1403636698463555584.000000 4.624789238 -1.234333396 5.349176884 -0.014047775 -0.139169648 -0.081499286 0.986809254
1403636698513555456.000000 4.606801510 -1.221299291 5.337195396 -0.014335964 -0.128919065 -0.079468109 0.988361895
1403636698563555584.000000 4.587799072 -1.210174441 5.324115276 -0.014805139 -0.117857285 -0.076134488 0.989997029
1403636698613555456.000000 4.568859577 -1.194528341 5.315229416 -0.015104395 -0.106420554 -0.071700513 0.991617680
1403636698663555584.000000 4.546504498 -1.181288242 5.301964760 -0.015940681 -0.094333850 -0.066315033 0.993201613
1403636698713555456.000000 4.525670052 -1.167750120 5.301317692 -0.016605059 -0.082047179 -0.060852960 0.994630337
1403636698763555584.000000 4.504281521 -1.150046349 5.288599491 -0.016924750 -0.068698160 -0.056028876 0.995919168
1403636698813555456.000000 4.490751743 -1.128885508 5.280412674 -0.017175842 -0.055360992 -0.050144058 0.997058570
1403636698863555584.000000 4.469810009 -1.115350246 5.274624348 -0.017811565 -0.041963082 -0.043308273 0.998021185
1403636698913555456.000000 4.450205326 -1.096898079 5.267383575 -0.017324949 -0.028034430 -0.038354140 0.998720706
1403636698963555584.000000 4.431252003 -1.083397627 5.257271767 -0.018110882 -0.014747493 -0.031622451 0.999226987
1403636699013555456.000000 4.412738800 -1.071425080 5.247529030 -0.017742185 -0.001993690 -0.025954407 0.999503672
1403636699063555584.000000 4.394080639 -1.062901616 5.238988876 -0.017762121 0.010888916 -0.019503353 0.999592721
1403636699113555456.000000 4.371122837 -1.051461101 5.236334324 -0.016645430 0.024159836 -0.012709161 0.999488771
1403636699163555584.000000 4.352250099 -1.042830825 5.221891403 -0.015877128 0.036267240 -0.002531376 0.999212801
1403636699213555456.000000 4.327611923 -1.036371708 5.212634087 -0.016043756 0.050204355 0.005040992 0.998597383
1403636699263555584.000000 4.314238548 -1.031474352 5.206223965 -0.016027780 0.063570827 0.013719901 0.997754276
1403636699313555456.000000 4.297839165 -1.025878668 5.199993134 -0.017118230 0.076860979 0.022704275 0.996636331
1403636699363555584.000000 4.285726547 -1.026040912 5.190504074 -0.017621957 0.090112053 0.030044770 0.995322406
1403636699413555456.000000 4.263142109 -1.025200963 5.180242538 -0.018172862 0.103667624 0.038263597 0.993709564
1403636699463555584.000000 4.252236366 -1.023835301 5.175188065 -0.018565098 0.115940772 0.045323759 0.992047787
1403636699513555456.000000 4.239831448 -1.025061846 5.164533138 -0.018874444 0.128587201 0.050369687 0.990238369
1403636699563555584.000000 4.231667042 -1.025490999 5.155685902 -0.018867595 0.140652314 0.056709707 0.988253534
1403636699613555456.000000 4.221427441 -1.017102838 5.148977280 -0.017933846 0.152393579 0.063261367 0.986130178
1403636699663555584.000000 4.211559296 -1.019140601 5.141436100 -0.017731531 0.164618298 0.069222279 0.983765543
1403636699713555456.000000 4.203629971 -1.015313864 5.139357567 -0.016522733 0.177054971 0.073295012 0.981328905
1403636699763555584.000000 4.200140953 -1.011667848 5.129030228 -0.016248280 0.188895538 0.073665604 0.979095459
1403636699813555456.000000 4.196867466 -1.008024573 5.124136925 -0.015381725 0.200056300 0.072097719 0.977007091
1403636699863555584.000000 4.196759224 -0.998211384 5.117353439 -0.012956737 0.208782956 0.071288861 0.975274205
1403636699913555456.000000 4.194095612 -0.991065145 5.112844467 -0.010596596 0.215572253 0.071167141 0.973833501
1403636699963555584.000000 4.192055702 -0.984682918 5.106686592 -0.008510446 0.220157519 0.072292462 0.972744644
1403636700013555456.000000 4.191243172 -0.971273303 5.105176926 -0.007330284 0.223467171 0.073685750 0.971894622
1403636700063555584.000000 4.189772606 -0.962097287 5.101747036 -0.007156468 0.225743085 0.074261099 0.971326053
1403636700113555456.000000 4.193175793 -0.955682278 5.090577602 -0.006436253 0.226579085 0.076084942 0.970995247
1403636700163555584.000000 4.192344189 -0.943310976 5.091139317 -0.005898124 0.228144556 0.075745143 0.970658541
1403636700213555456.000000 4.192870140 -0.932049513 5.085081100 -0.005699456 0.228478417 0.075971298 0.970563471
1403636700263555584.000000 4.196661472 -0.916306853 5.081199646 -0.005888963 0.228892624 0.076849334 0.970395684
1403636700313555456.000000 4.201639652 -0.898637176 5.081359386 -0.007038568 0.230527192 0.079155311 0.969815493
1403636700363555584.000000 4.210010529 -0.882667780 5.075440884 -0.008402082 0.232500598 0.082770646 0.969031453
1403636700413555456.000000 4.213322639 -0.863744855 5.071098804 -0.008831840 0.236281127 0.085950039 0.967835665
1403636700463555584.000000 4.220711231 -0.840877891 5.073429108 -0.007172972 0.241642579 0.086598456 0.966466844
1403636700513555456.000000 4.231697083 -0.825160980 5.063111782 -0.005068847 0.246116728 0.085999534 0.965404034
1403636700563555584.000000 4.239199638 -0.799693644 5.066121578 -0.002696402 0.251582742 0.084795527 0.964110315
1403636700613555456.000000 4.250352383 -0.786059797 5.053333759 -0.000411818 0.257870942 0.083007097 0.962606966
1403636700663555584.000000 4.261609077 -0.765536904 5.051329136 0.000549003 0.265653044 0.081361718 0.960629165
1403636700713555456.000000 4.271543503 -0.735521555 5.056532383 0.002358973 0.272804081 0.081611328 0.958599031
1403636700763555584.000000 4.283173561 -0.716573596 5.049336433 0.003110029 0.278763175 0.081486382 0.956891537
1403636700813555456.000000 4.294126987 -0.698212981 5.042975426 0.002405864 0.283447534 0.081789806 0.955490530
1403636700863555584.000000 4.302962780 -0.681530833 5.034869194 -0.000356026 0.287128836 0.083142020 0.954276919
1403636700913555456.000000 4.314007282 -0.665400028 5.028453350 -0.002998575 0.289855897 0.083746187 0.953394532
1403636700963555584.000000 4.321019173 -0.649752021 5.024435997 -0.006752531 0.292006701 0.084499687 0.952652276
1403636701013555456.000000 4.334781170 -0.637214184 5.013685226 -0.009765708 0.292488277 0.086223692 0.952323914
1403636701063555584.000000 4.344913006 -0.626322985 5.007629871 -0.014763105 0.292886138 0.087304458 0.952038765
1403636701113555456.000000 4.358059883 -0.611790419 4.995074749 -0.018987723 0.292026490 0.089129463 0.952058852
1403636701163555584.000000 4.367647171 -0.604740262 4.991207123 -0.021318087 0.291927904 0.088011801 0.952143729
1403636701213555456.000000 4.380581856 -0.600305200 4.983568668 -0.024239484 0.291000783 0.087415390 0.952412486
1403636701263555584.000000 4.389073849 -0.601141810 4.972950935 -0.025019310 0.290082455 0.087342188 0.952679217
1403636701313555456.000000 4.399063110 -0.598277450 4.961855888 -0.026311608 0.288927436 0.086227782 0.953096807
1403636701363555584.000000 4.416310310 -0.601785660 4.953411579 -0.025590092 0.287328929 0.086336076 0.953589678
1403636701413555456.000000 4.428358078 -0.605923295 4.944595337 -0.024314951 0.286473393 0.084128946 0.954077601
1403636701463555584.000000 4.442833424 -0.607172847 4.938129425 -0.021205032 0.285054088 0.082509883 0.954718113
1403636701513555456.000000 4.455975533 -0.614170313 4.928970337 -0.017235115 0.284259439 0.079925954 0.955254674
1403636701563555584.000000 4.471344948 -0.613743067 4.927265167 -0.012777256 0.283081472 0.077784240 0.955851078
1403636701613555456.000000 4.487692833 -0.618034661 4.922391891 -0.010369395 0.281460971 0.076130122 0.956491768
1403636701663555584.000000 4.499486446 -0.620679975 4.916377068 -0.008501290 0.280608833 0.073796928 0.956943333
1403636701713555456.000000 4.514322281 -0.628462970 4.904989719 -0.007029171 0.280159295 0.073622786 0.957100332
1403636701763555584.000000 4.528498650 -0.629312098 4.900846004 -0.006345282 0.281394184 0.074527219 0.956672788
1403636701813555456.000000 4.542829990 -0.625830293 4.896913528 -0.006243363 0.284118056 0.076993681 0.955672562
1403636701863555584.000000 4.560338020 -0.623873591 4.892228127 -0.006842320 0.289189249 0.077925712 0.954070449
1403636701913555456.000000 4.577510834 -0.622560680 4.890979767 -0.007487725 0.294732958 0.082396671 0.951991200
1403636701963555584.000000 4.590302944 -0.616249323 4.887413979 -0.006933162 0.302153319 0.085472845 0.949394405
1403636702013555456.000000 4.605031967 -0.613921404 4.883429527 -0.007361833 0.310075134 0.088973790 0.946510971
1403636702063555584.000000 4.620596886 -0.607037365 4.867405891 -0.006629040 0.318806082 0.093329340 0.943190575
1403636702113555456.000000 4.635083675 -0.602679133 4.865821838 -0.005748645 0.329173326 0.097619988 0.939192295
1403636702163555584.000000 4.651568413 -0.591945291 4.865766048 -0.004390197 0.339906782 0.101581365 0.934946716
1403636702213555456.000000 4.671120167 -0.581267238 4.858753204 -0.004411716 0.349264890 0.105368979 0.931070328
1403636702263555584.000000 4.686950684 -0.565156460 4.857806683 -0.005143029 0.357498795 0.108410656 0.927585721
1403636702313555456.000000 4.700817108 -0.552469015 4.858606339 -0.007768543 0.364859879 0.110426679 0.924458206
1403636702363555584.000000 4.718373299 -0.536135733 4.854990959 -0.010242608 0.370730877 0.112186424 0.921882808
1403636702413555456.000000 4.735647678 -0.518089652 4.854995251 -0.012617625 0.376612753 0.111846410 0.919507504
1403636702463555584.000000 4.753000736 -0.502452910 4.853653431 -0.015693631 0.381037772 0.112708569 0.917529702
1403636702513555456.000000 4.771386623 -0.484382570 4.854084015 -0.017658250 0.384921640 0.112214543 0.915932000
1403636702563555584.000000 4.789151192 -0.465546727 4.857756615 -0.018834624 0.387744516 0.112482890 0.914684176
1403636702613555456.000000 4.799117088 -0.447771013 4.859253407 -0.021404224 0.390258431 0.112461492 0.913560450
1403636702663555584.000000 4.817819595 -0.424844563 4.863054752 -0.023819722 0.391794950 0.113102525 0.912763476
1403636702713555456.000000 4.834447861 -0.402052939 4.867997646 -0.025405198 0.393063068 0.112268947 0.912278354
1403636702763555584.000000 4.849566460 -0.382317662 4.877486229 -0.026131339 0.393644243 0.113140397 0.911899507
1403636702813555456.000000 4.865765095 -0.361807287 4.886404991 -0.028957428 0.394055992 0.112135835 0.911760390
1403636702863555584.000000 4.883697987 -0.336172163 4.891059875 -0.029864201 0.393779159 0.112492241 0.911806822
1403636702913555456.000000 4.901319981 -0.315358341 4.900815010 -0.030957913 0.393401593 0.113354653 0.911826491
1403636702963555584.000000 4.919322968 -0.296624959 4.911514282 -0.030608222 0.392937392 0.113336235 0.912040710
1403636703013555456.000000 4.937178135 -0.280418813 4.921691895 -0.028019270 0.391928405 0.114591524 0.912401199
1403636703063555584.000000 4.957592964 -0.267055094 4.934756279 -0.025168175 0.391401470 0.115250036 0.912627459
1403636703113555456.000000 4.975347996 -0.255792916 4.945721149 -0.020287164 0.390227467 0.117356703 0.912983239
1403636703163555584.000000 4.991910934 -0.247629523 4.958377838 -0.012468408 0.389003098 0.119962506 0.913307309
1403636703213555456.000000 5.011055470 -0.240831792 4.969333649 -0.006814114 0.387018561 0.123132959 0.913788021
1403636703263555584.000000 5.030452728 -0.235827148 4.979060173 -0.000691041 0.385202110 0.127514735 0.913979709
1403636703313555456.000000 5.051732540 -0.232092202 4.988357544 0.004439632 0.383549273 0.131308958 0.914127052
1403636703363555584.000000 5.071632385 -0.227633297 4.994671822 0.007106990 0.383142889 0.130935460 0.914334178
1403636703413555456.000000 5.093101025 -0.225603998 5.001333714 0.006738900 0.384454906 0.127170846 0.914317548
1403636703463555584.000000 5.114870548 -0.224458337 5.003891945 0.003260708 0.385967046 0.122239769 0.914372087
1403636703513555456.000000 5.138397694 -0.222533584 5.008636475 -0.001250138 0.387624532 0.116148956 0.914469898
1403636703563555584.000000 5.159032822 -0.222640634 5.009089470 -0.004571058 0.388820261 0.112001404 0.914469063
1403636703613555456.000000 5.180474758 -0.226293206 5.011989594 -0.008243552 0.389059842 0.110568829 0.914515793
1403636703663555584.000000 5.198454380 -0.229446292 5.011851311 -0.010402355 0.388858140 0.110272437 0.914615333
1403636703713555456.000000 5.221911907 -0.232284486 5.014438152 -0.011576915 0.388305068 0.110334069 0.914828777
1403636703763555584.000000 5.242976189 -0.233768344 5.018584728 -0.010093239 0.387604475 0.110392727 0.915136278
1403636703813555456.000000 5.262125492 -0.236963868 5.021832466 -0.008131594 0.386713862 0.110865913 0.915475368
1403636703863555584.000000 5.282586098 -0.238738060 5.023932457 -0.005292258 0.385547698 0.112248860 0.915819407
1403636703913555456.000000 5.303997517 -0.238435864 5.028700352 -0.002668846 0.384049207 0.113605395 0.916293025
1403636703963555584.000000 5.321791172 -0.236986876 5.034841537 -0.001447519 0.383481026 0.113670297 0.916525662
1403636704013555456.000000 5.343104839 -0.233706474 5.036897659 0.000394193 0.381703854 0.115559421 0.917032242
1403636704063555584.000000 5.364725113 -0.228830695 5.041650772 0.001613667 0.380345523 0.116494916 0.917476833
1403636704113555456.000000 5.383057594 -0.225360572 5.046112061 -0.000060676 0.379493088 0.116965353 0.917771280
1403636704163555584.000000 5.402321339 -0.219651461 5.050181389 -0.003194032 0.378808469 0.116665050 0.918086767
1403636704213555456.000000 5.421185970 -0.211758196 5.053156853 -0.007283349 0.378398657 0.116414450 0.918264210
1403636704263555584.000000 5.442770004 -0.202569902 5.057519436 -0.011216406 0.378053188 0.115947895 0.918425918
1403636704313555456.000000 5.465946198 -0.192252874 5.061899662 -0.013987047 0.377934366 0.114429414 0.918627262
1403636704363555584.000000 5.483398914 -0.187843204 5.067842484 -0.016917845 0.378288329 0.112551957 0.918664217
1403636704413555456.000000 5.504991531 -0.183301210 5.069787025 -0.018305223 0.377505273 0.113194577 0.918880701
1403636704463555584.000000 5.528680325 -0.182195961 5.072706223 -0.021290286 0.377362370 0.112138391 0.919004560
1403636704513555456.000000 5.553116798 -0.182514966 5.076593876 -0.024265736 0.377222657 0.111102588 0.919113994
1403636704563555584.000000 5.571550846 -0.185271800 5.081354141 -0.026534321 0.377141148 0.111396253 0.919049203
1403636704613555456.000000 5.591282368 -0.190774083 5.088272572 -0.028922832 0.377317309 0.111349016 0.918910503
1403636704663555584.000000 5.614968300 -0.194212794 5.094838142 -0.030831793 0.377316326 0.111454889 0.918836057
1403636704713555456.000000 5.637053013 -0.195153892 5.102877617 -0.035650920 0.377064437 0.110845953 0.918838739
1403636704763555584.000000 5.661878109 -0.195513666 5.109025955 -0.038660359 0.376444936 0.110863820 0.918968916
1403636704813555456.000000 5.686062336 -0.194710732 5.120696068 -0.041993059 0.375466853 0.112165533 0.919064820
1403636704863555584.000000 5.711795330 -0.192396283 5.131800652 -0.045363121 0.374299794 0.113696404 0.919192612
1403636704913555456.000000 5.738164425 -0.190405011 5.147796631 -0.047997653 0.373039126 0.114860170 0.919426620
1403636704963555584.000000 5.764988899 -0.186084509 5.164429188 -0.050917063 0.372443050 0.115028106 0.919490159
1403636705013555456.000000 5.793651104 -0.182112992 5.183697701 -0.053051967 0.371983320 0.114808574 0.919583082
1403636705063555584.000000 5.822949886 -0.179228663 5.203042984 -0.054112006 0.371966094 0.112979993 0.919754684
1403636705113555456.000000 5.853439331 -0.174431145 5.225689888 -0.049367059 0.372306287 0.110717721 0.920158982
1403636705163555584.000000 5.884167671 -0.174756467 5.248270988 -0.041413885 0.373005241 0.107005350 0.920707285
1403636705213555456.000000 5.918482780 -0.173535526 5.274105072 -0.033246588 0.374169856 0.102474220 0.921081245
1403636705263555584.000000 5.949933052 -0.176183462 5.299047470 -0.026896499 0.374874949 0.098744176 0.921409249
1403636705313555456.000000 5.981859207 -0.178463042 5.328222275 -0.022667268 0.375235707 0.096739180 0.921588778
1403636705363555584.000000 6.012822628 -0.183444142 5.354421616 -0.019688714 0.375386238 0.095796928 0.921694398
1403636705413555456.000000 6.043429852 -0.188233614 5.378932476 -0.021061119 0.374998122 0.096466579 0.921752214
1403636705463555584.000000 6.074325562 -0.197826385 5.406354904 -0.023205169 0.374643981 0.097944841 0.921688795
1403636705513555456.000000 6.102436066 -0.203023434 5.432744980 -0.026746640 0.374435425 0.099891834 0.921468675
1403636705563555584.000000 6.132517338 -0.208357751 5.464994431 -0.030257748 0.374358356 0.100460432 0.921329498
1403636705613555456.000000 6.163501263 -0.209613264 5.494541168 -0.031062845 0.374002486 0.101972453 0.921281099
1403636705663555584.000000 6.194411755 -0.213680387 5.527411938 -0.032631919 0.374234140 0.102537632 0.921070039
1403636705713555456.000000 6.224308014 -0.215800643 5.560897827 -0.030495038 0.374518067 0.102268443 0.921057820
1403636705763555584.000000 6.254077911 -0.218099415 5.595240593 -0.027733140 0.374688923 0.102485478 0.921051562
1403636705813555456.000000 6.283749580 -0.220343411 5.630870819 -0.023542620 0.374354720 0.103315212 0.921211362
1403636705863555584.000000 6.316822529 -0.226854980 5.664366722 -0.018689467 0.373829007 0.103914775 0.921468616
1403636705913555456.000000 6.347273350 -0.233682871 5.698635578 -0.013117965 0.372672737 0.106761903 0.921707630
1403636705963555584.000000 6.378721714 -0.239888787 5.736520290 -0.007807096 0.371337056 0.109906599 0.921937346
1403636706013555456.000000 6.409170628 -0.250481129 5.766784668 -0.002275563 0.368673980 0.115209430 0.922388852
1403636706063555584.000000 6.439626694 -0.260025561 5.800015450 0.002344060 0.365965277 0.120873891 0.922742367
1403636706113555456.000000 6.468758106 -0.272229791 5.830280304 0.007069230 0.364156187 0.124655306 0.922930896
1403636706163555584.000000 6.502989769 -0.282237113 5.862265587 0.007897748 0.364404410 0.121517397 0.923244596
1403636706213555456.000000 6.534143448 -0.287390471 5.887970924 0.006431016 0.365770787 0.115457632 0.923493326
1403636706263555584.000000 6.566226959 -0.292263448 5.919748306 0.003334635 0.367125809 0.109847508 0.923656404
1403636706313555456.000000 6.600836277 -0.295536637 5.943802357 -0.000895704 0.368355572 0.103588022 0.923895538
1403636706363555584.000000 6.633633614 -0.295824528 5.971483707 -0.005176111 0.369036198 0.099187061 0.924092770
1403636706413555456.000000 6.665424824 -0.294403315 6.001734734 -0.008852948 0.369869381 0.095610790 0.924108684
1403636706463555584.000000 6.698429585 -0.294042945 6.034106255 -0.012581084 0.370153457 0.093299866 0.924188018
1403636706513555456.000000 6.731875896 -0.296216547 6.063675880 -0.015053064 0.370416343 0.091413856 0.924234092
1403636706563555584.000000 6.761179924 -0.297346413 6.091063499 -0.017365351 0.370799869 0.090618707 0.924118102
1403636706613555456.000000 6.793339729 -0.300703764 6.119459152 -0.018273773 0.370459199 0.090887457 0.924210787
1403636706663555584.000000 6.821310520 -0.309401810 6.147375107 -0.020092599 0.370832145 0.090843879 0.924027741
1403636706713555456.000000 6.848928452 -0.313313186 6.174996853 -0.022121444 0.370860577 0.091778696 0.923877537
1403636706763555584.000000 6.879684925 -0.325925052 6.205856323 -0.024518101 0.370429814 0.094317421 0.923734188
1403636706813555456.000000 6.908088207 -0.336413980 6.238513947 -0.027508164 0.371052235 0.095079973 0.923321962
1403636706863555584.000000 6.935116291 -0.343346059 6.267790794 -0.028878773 0.371543616 0.096139178 0.922972798
1403636706913555456.000000 6.960267067 -0.355548680 6.298945427 -0.029009677 0.372300833 0.097043119 0.922568858
1403636706963555584.000000 6.990013599 -0.374529183 6.331405640 -0.029142316 0.373399377 0.097267188 0.922096908
1403636707013555456.000000 7.014863014 -0.390386343 6.365116119 -0.026399659 0.374924511 0.096844159 0.921605051
1403636707063555584.000000 7.042344570 -0.404335082 6.392919064 -0.023899376 0.376432836 0.095594980 0.921188772
1403636707113555456.000000 7.070075989 -0.420843542 6.429302216 -0.021582808 0.377922893 0.095338412 0.920662344
1403636707163555584.000000 7.099172115 -0.435768485 6.461006165 -0.021063160 0.379038900 0.095704153 0.920177460
1403636707213555456.000000 7.128469467 -0.454939306 6.495953560 -0.021781052 0.380642086 0.096523330 0.919413090
1403636707263555584.000000 7.149120331 -0.470995724 6.530870914 -0.022290209 0.382538885 0.096298151 0.918636978
1403636707313555456.000000 7.176624298 -0.494039297 6.566443920 -0.023880085 0.384167969 0.095913246 0.917957246
1403636707363555584.000000 7.205850124 -0.507674992 6.599417686 -0.024130534 0.385045230 0.096465394 0.917525113
1403636707413555456.000000 7.234846592 -0.531706989 6.630973816 -0.024834828 0.385378957 0.097510949 0.917255700
1403636707463555584.000000 7.255767822 -0.557254016 6.667678833 -0.026011160 0.386441410 0.097014323 0.916828692
1403636707513555456.000000 7.281583786 -0.588093638 6.703167915 -0.026259616 0.386451155 0.098389946 0.916670859
1403636707563555584.000000 7.307590961 -0.617446840 6.736200333 -0.025596486 0.386137217 0.100417823 0.916602015
1403636707613555456.000000 7.332149982 -0.643920064 6.776041031 -0.025955889 0.385766029 0.102673948 0.916498244
1403636707663555584.000000 7.355151176 -0.671250761 6.809376717 -0.024495760 0.383393228 0.109950826 0.916689992
1403636707713555456.000000 7.383100510 -0.699365914 6.847744942 -0.023973830 0.381668806 0.113836713 0.916948974
1403636707763555584.000000 7.402378559 -0.720332861 6.889825344 -0.023449406 0.380632102 0.117220908 0.916967094
1403636707813555456.000000 7.429996967 -0.738318563 6.927521706 -0.021788951 0.379851997 0.118608326 0.917153120
1403636707863555584.000000 7.450431824 -0.753755093 6.970975399 -0.019963447 0.379498482 0.118510284 0.917353690
1403636707913555456.000000 7.481890678 -0.770540953 7.012725353 -0.017771706 0.378561139 0.118638717 0.917769372
1403636707963555584.000000 7.510307312 -0.779085100 7.059097290 -0.016436711 0.378035933 0.116514944 0.918282628
1403636708013555456.000000 7.541181087 -0.791999102 7.098075390 -0.015980244 0.377200872 0.114379600 0.918902338
1403636708063555584.000000 7.568529129 -0.799660206 7.143154621 -0.015410345 0.377065778 0.111461125 0.919326067
1403636708113555456.000000 7.600706100 -0.806376100 7.188269138 -0.014028856 0.376365662 0.108431600 0.919997156
1403636708163555584.000000 7.628607273 -0.809453130 7.231863976 -0.013112580 0.376179188 0.105427459 0.920436025
1403636708213555456.000000 7.656698227 -0.815284312 7.279433250 -0.011626384 0.375134647 0.105383687 0.920887172
1403636708263555584.000000 7.691039562 -0.814061344 7.324582100 -0.008238684 0.373205841 0.107439794 0.921469688
1403636708313555456.000000 7.714174747 -0.817919493 7.373530388 -0.003683424 0.371508121 0.111684382 0.921680450
1403636708363555584.000000 7.747770309 -0.823106527 7.416804314 0.001267228 0.368333399 0.119192079 0.922020733
1403636708413555456.000000 7.781240463 -0.827106953 7.460141182 0.005450200 0.365795314 0.124305770 0.922340631
1403636708463555584.000000 7.808831692 -0.832891226 7.497340202 0.008628822 0.364387363 0.127787277 0.922397852
1403636708513555456.000000 7.839676857 -0.837361693 7.535897732 0.010456259 0.363887429 0.129086882 0.922395408
1403636708563555584.000000 7.870054722 -0.843164325 7.574261665 0.011947356 0.364487290 0.127440155 0.922369421
1403636708613555456.000000 7.904851913 -0.853595972 7.610555172 0.010979029 0.366410494 0.122842073 0.922243297
1403636708663555584.000000 7.936132431 -0.852952421 7.644338608 0.008414817 0.369280040 0.116143011 0.921993673
1403636708713555456.000000 7.970933437 -0.858887792 7.677779198 0.006868662 0.372634619 0.108094230 0.921635509
1403636708763555584.000000 8.002481461 -0.862475812 7.711476326 0.004150252 0.375959337 0.100743890 0.921134174
1403636708813555456.000000 8.037910461 -0.864078343 7.740464687 0.003442306 0.379001230 0.093539558 0.920650125
1403636708863555584.000000 8.065441132 -0.864210367 7.776376724 0.002060489 0.381545126 0.090877749 0.919869781
1403636708913555456.000000 8.099353790 -0.869168460 7.801385880 0.002640032 0.383485645 0.088578664 0.919285417
1403636708963555584.000000 8.122430801 -0.873032153 7.838569641 0.002870230 0.386612803 0.086335331 0.918187678
1403636709013555456.000000 8.150499344 -0.870372057 7.865194321 0.006006173 0.387964338 0.085932560 0.917640030
1403636709063555584.000000 8.171745300 -0.877863705 7.904219627 0.006956556 0.391453564 0.082835339 0.916435480
1403636709113555456.000000 8.200033188 -0.881434739 7.930710793 0.008396317 0.392589569 0.083329976 0.915892482
1403636709163555584.000000 8.220138550 -0.893609285 7.961172104 0.006675131 0.394615740 0.083379284 0.915031016
1403636709213555456.000000 8.245806694 -0.898961365 7.987742424 0.004612288 0.394944966 0.085437842 0.914711773
1403636709263555584.000000 8.259119987 -0.914132297 8.013336182 0.000251035 0.396076918 0.086105525 0.914171159
1403636709313555456.000000 8.272338867 -0.925641298 8.046886444 -0.003005323 0.396679252 0.088032395 0.913721502
1403636709363555584.000000 8.288635254 -0.935389280 8.070541382 -0.005660504 0.396339238 0.089738347 0.913690448
1403636709413555456.000000 8.306911469 -0.947131813 8.094230652 -0.008458911 0.396878541 0.088208504 0.913583636
1403636709463555584.000000 8.324144363 -0.957680941 8.120775223 -0.008909119 0.396198303 0.089900933 0.913709700
1403636709513555456.000000 8.326638222 -0.967703164 8.152928352 -0.010858258 0.397364974 0.088826910 0.913286924
1403636709563555584.000000 8.340058327 -0.972888231 8.188686371 -0.011651991 0.397158712 0.089554064 0.913295805
1403636709613555456.000000 8.353710175 -0.976241171 8.215217590 -0.013229276 0.396325797 0.089906558 0.913601458
1403636709663555584.000000 8.359936714 -0.982625902 8.248053551 -0.014434591 0.396244854 0.090007581 0.913608372
1403636709713555456.000000 8.370714188 -0.986994565 8.278359413 -0.015266764 0.395551711 0.089614697 0.913933814
1403636709763555584.000000 8.378545761 -0.989205122 8.313665390 -0.015073532 0.394382328 0.090345755 0.914370298
1403636709813555456.000000 8.385868073 -0.991604686 8.346240044 -0.014956969 0.393952966 0.088871285 0.914701760
1403636709863555584.000000 8.392184258 -1.001125574 8.380558014 -0.014562419 0.392781019 0.089769170 0.915124357
1403636709913555456.000000 8.396964073 -1.009028912 8.414278984 -0.014301991 0.392490864 0.088663347 0.915360749
1403636709963555584.000000 8.401144028 -1.013884068 8.448583603 -0.013220823 0.391902208 0.087583371 0.915733039
1403636710013555456.000000 8.405471802 -1.029098511 8.483056068 -0.013090135 0.390741885 0.088139743 0.916177273
1403636710063555584.000000 8.412121773 -1.038289309 8.515682220 -0.012320255 0.389581263 0.087351136 0.916757584
1403636710113555456.000000 8.411933899 -1.053915024 8.553607941 -0.011889837 0.388990819 0.086348549 0.917108893
1403636710163555584.000000 8.413559914 -1.064086318 8.587002754 -0.011605093 0.387962431 0.085508563 0.917626739
1403636710213555456.000000 8.415233612 -1.074508190 8.622013092 -0.011309152 0.386601180 0.085129946 0.918239951
1403636710263555584.000000 8.407606125 -1.080668807 8.662776947 -0.009904862 0.385245860 0.086073466 0.918737710
1403636710313555456.000000 8.413105965 -1.087243319 8.700429916 -0.006641297 0.381352723 0.090812311 0.919934332
1403636710363555584.000000 8.406958580 -1.089701414 8.737665176 -0.003118179 0.376913667 0.097595327 0.921087146
1403636710413555456.000000 8.401930809 -1.092133999 8.779212952 0.000070398 0.371530265 0.103095405 0.922679067
1403636710463555584.000000 8.398022652 -1.093173027 8.816187859 0.001774429 0.364970028 0.107356571 0.924807191
1403636710513555456.000000 8.390805244 -1.092273951 8.861462593 0.003942636 0.358329833 0.110773034 0.926991701
1403636710563555584.000000 8.392806053 -1.088463426 8.903053284 0.005207418 0.351118714 0.111616082 0.929639935
1403636710613555456.000000 8.390634537 -1.081510067 8.939956665 0.006849365 0.344669700 0.111475468 0.932056487
1403636710663555584.000000 8.388705254 -1.078845024 8.973686218 0.007208086 0.337656409 0.110063255 0.934784591
1403636710713555456.000000 8.384161949 -1.078919172 9.013007164 0.007060480 0.331145406 0.106386065 0.937536597
1403636710763555584.000000 8.381100655 -1.067518115 9.051478386 0.007848582 0.323997170 0.102150008 0.940494359
1403636710813555456.000000 8.377773285 -1.064596891 9.083040237 0.006747310 0.317273468 0.093563475 0.943683207
1403636710863555584.000000 8.381159782 -1.062156439 9.110102654 0.004284290 0.309494495 0.084825628 0.947100520
1403636710913555456.000000 8.380580902 -1.059212327 9.141530991 0.002103386 0.301868409 0.077027284 0.950230420
1403636710963555584.000000 8.379376411 -1.059931755 9.172283173 0.000776319 0.295009762 0.069352150 0.952973783
1403636711013555456.000000 8.376689911 -1.057590365 9.201673508 -0.002531038 0.289605707 0.060349133 0.955238283
1403636711063555584.000000 8.373243332 -1.061272144 9.229720116 -0.003078085 0.284136176 0.056099642 0.957136333
1403636711113555456.000000 8.369714737 -1.063788891 9.257303238 -0.004005118 0.280296266 0.050361663 0.958583176
1403636711163555584.000000 8.364490509 -1.068333030 9.283858299 -0.003567462 0.277242690 0.046724822 0.959656477
1403636711213555456.000000 8.360094070 -1.073928237 9.308971405 -0.003227601 0.274487227 0.044122417 0.960572541
1403636711263555584.000000 8.352576256 -1.083932757 9.333109856 -0.003574418 0.272614241 0.042615242 0.961172521
1403636711313555456.000000 8.346129417 -1.090156078 9.363727570 -0.001558423 0.270223886 0.043675851 0.961805165
1403636711363555584.000000 8.337092400 -1.098831415 9.386399269 0.000402096 0.268334031 0.045716956 0.962240458
1403636711413555456.000000 8.325700760 -1.106494904 9.413605690 0.006350872 0.267423779 0.046921942 0.962414980
1403636711463555584.000000 8.315666199 -1.118526459 9.437260628 0.013980629 0.267091990 0.047799651 0.962383330
1403636711513555456.000000 8.302810669 -1.129487276 9.460936546 0.020672806 0.267535061 0.047517609 0.962153673
1403636711563555584.000000 8.289437294 -1.135523796 9.483402252 0.025726307 0.269371927 0.044360887 0.961669922
1403636711613555456.000000 8.276328087 -1.147717595 9.502836227 0.027973212 0.271017015 0.042006090 0.961250663
1403636711663555584.000000 8.262185097 -1.154455900 9.520236969 0.028995145 0.272568792 0.040358316 0.960852087
1403636711713555456.000000 8.245581627 -1.160225272 9.537220955 0.027799079 0.274536669 0.038538266 0.960401893
1403636711763555584.000000 8.224123955 -1.169273615 9.556128502 0.026803682 0.275984585 0.039338216 0.959982634
1403636711813555456.000000 8.207260132 -1.180421710 9.568002701 0.024653345 0.275715202 0.042507105 0.959982574
1403636711863555584.000000 8.180750847 -1.187580347 9.583273888 0.021997370 0.275457829 0.047413282 0.959891200
1403636711913555456.000000 8.156654358 -1.198198318 9.596910477 0.019071659 0.274045199 0.054364067 0.959989667
1403636711963555584.000000 8.136603355 -1.204051137 9.603913307 0.016801180 0.272330374 0.061046015 0.960118413
1403636712013555456.000000 8.111320496 -1.217905760 9.610616684 0.015253339 0.270598650 0.068160042 0.960155189
1403636712063555584.000000 8.083148956 -1.229395151 9.618794441 0.014577259 0.269114256 0.074827343 0.960086465
1403636712113555456.000000 8.056751251 -1.241051674 9.627148628 0.015286063 0.268560022 0.078119837 0.959968328
1403636712163555584.000000 8.031606674 -1.255491257 9.626624107 0.015896488 0.267621130 0.079300456 0.960123837
1403636712213555456.000000 8.007465363 -1.264854670 9.637661934 0.015604429 0.266993344 0.074381344 0.960696876
1403636712263555584.000000 7.979042530 -1.283423543 9.634622574 0.013501974 0.264963031 0.067048900 0.961829901
1403636712313555456.000000 7.956041336 -1.296693325 9.635395050 0.013636140 0.261131465 0.058598951 0.963426471
1403636712363555584.000000 7.931969643 -1.314674616 9.626912117 0.012284528 0.255955756 0.050826881 0.965273261
1403636712413555456.000000 7.904963493 -1.324410439 9.627005577 0.013103974 0.251293510 0.044978656 0.966776550
1403636712463555584.000000 7.878080845 -1.347707987 9.616979599 0.013122899 0.246243253 0.039429016 0.968316793
1403636712513555456.000000 7.849881172 -1.369884610 9.613829613 0.013472526 0.240862235 0.035552491 0.969814420
1403636712563555584.000000 7.820755005 -1.385021925 9.610614777 0.014671562 0.235818118 0.033456773 0.971110284
1403636712613555456.000000 7.792073727 -1.402117252 9.602251053 0.017615721 0.230347425 0.032083642 0.972419918
1403636712663555584.000000 7.763808727 -1.418322206 9.596056938 0.021399131 0.225123540 0.032490630 0.973553240
1403636712713555456.000000 7.732238770 -1.433897257 9.589158058 0.024752308 0.220761329 0.032855287 0.974460065
1403636712763555584.000000 7.696672916 -1.447342038 9.579958916 0.026011145 0.217077926 0.032957010 0.975250959
1403636712813555456.000000 7.667886257 -1.455664754 9.568357468 0.025707455 0.213513151 0.033461478 0.976028502
1403636712863555584.000000 7.631304264 -1.461364746 9.563992500 0.023794411 0.211854309 0.033571668 0.976434588
1403636712913555456.000000 7.601381779 -1.469861507 9.550052643 0.021055644 0.209861919 0.034031723 0.976911724
1403636712963555584.000000 7.565031528 -1.473715663 9.540721893 0.017732933 0.209443703 0.033815846 0.977074981
1403636713013555456.000000 7.532369137 -1.477443933 9.527865410 0.015388728 0.209637284 0.032134421 0.977129936
1403636713063555584.000000 7.498217106 -1.476978302 9.516530037 0.016235301 0.209046513 0.033076160 0.977211297
1403636713113555456.000000 7.464466572 -1.480236530 9.501793861 0.016873144 0.207224563 0.034330785 0.977545261
1403636713163555584.000000 7.430321217 -1.485931873 9.484594345 0.015786547 0.205837414 0.035470750 0.977815747
1403636713213555456.000000 7.394078732 -1.489994645 9.468976974 0.014689839 0.205320761 0.037191629 0.977877557
1403636713263555584.000000 7.359414101 -1.497825980 9.449946404 0.012279371 0.204629093 0.038102303 0.978020668
1403636713313555456.000000 7.322080135 -1.506338596 9.431564331 0.011168863 0.204999715 0.038061600 0.977957964
1403636713363555584.000000 7.287037849 -1.516514778 9.408381462 0.009130885 0.205000177 0.038685445 0.977954507
1403636713413555456.000000 7.248334885 -1.527432799 9.384780884 0.009279461 0.204493582 0.041170880 0.977957726
1403636713463555584.000000 7.212582111 -1.538848281 9.358529091 0.008985184 0.204275995 0.042787828 0.977936506
1403636713513555456.000000 7.177087307 -1.556247950 9.336943626 0.008090953 0.204069287 0.045253653 0.977876484
1403636713563555584.000000 7.143252373 -1.568364501 9.307572365 0.008638129 0.203306943 0.048023991 0.977898479
1403636713613555456.000000 7.108807087 -1.583020449 9.280404091 0.007132235 0.202852145 0.052070871 0.977797985
1403636713663555584.000000 7.073184013 -1.592544079 9.255840302 0.005987170 0.202756539 0.055570550 0.977632821
1403636713713555456.000000 7.041322231 -1.601417780 9.228717804 0.005405308 0.202374250 0.058978312 0.977515757
1403636713763555584.000000 7.006024361 -1.612648010 9.206393242 0.004442777 0.202790260 0.062439501 0.977219403
1403636713813555456.000000 6.978110313 -1.625405550 9.172554970 0.003012873 0.202321455 0.064605042 0.977181256
1403636713863555584.000000 6.946180820 -1.629501939 9.148849487 0.002826533 0.203471586 0.065093562 0.976910591
1403636713913555456.000000 6.917061329 -1.632570028 9.117220879 0.002000934 0.204830542 0.063807160 0.976713479
1403636713963555584.000000 6.888719559 -1.636415482 9.094202042 0.000841081 0.206795394 0.061667386 0.976438522
1403636714013555456.000000 6.859173775 -1.634568572 9.067883492 -0.000402660 0.208568677 0.060473111 0.976136327
1403636714063555584.000000 6.834223747 -1.634092569 9.041886330 -0.000766786 0.211290970 0.055786002 0.975829661
1403636714113555456.000000 6.807134628 -1.630550385 9.016044617 -0.001237693 0.212932497 0.055140637 0.975509048
1403636714163555584.000000 6.782315731 -1.628306746 8.988849640 -0.001384078 0.214516118 0.054164991 0.975216448
1403636714213555456.000000 6.757895470 -1.623505473 8.962147713 0.000287004 0.215552688 0.054362271 0.974977851
1403636714263555584.000000 6.735022068 -1.619859219 8.938926697 0.001527554 0.215696216 0.056552965 0.974820256
1403636714313555456.000000 6.711685181 -1.613016248 8.909906387 0.002198347 0.215816244 0.059102803 0.974641204
1403636714363555584.000000 6.684174061 -1.602997780 8.886609077 0.001746154 0.216768309 0.060373411 0.974352896
1403636714413555456.000000 6.661275387 -1.596472025 8.860288620 -0.002094315 0.217506200 0.061046097 0.974145830
1403636714463555584.000000 6.641071796 -1.587130785 8.832065582 -0.006572582 0.216185123 0.061822910 0.974371016
1403636714513555456.000000 6.617093563 -1.574295521 8.807731628 -0.010938399 0.213955313 0.061928056 0.974817097
1403636714563555584.000000 6.596327782 -1.562816024 8.785168648 -0.014823053 0.209812745 0.062312394 0.975641370
1403636714613555456.000000 6.575891495 -1.554155707 8.760704041 -0.018810583 0.204138249 0.061176300 0.976847649
1403636714663555584.000000 6.556181908 -1.541966081 8.734323502 -0.021263836 0.197552100 0.058004923 0.978343785
1403636714713555456.000000 6.538398743 -1.530697584 8.709341049 -0.023476129 0.189188555 0.054554272 0.980143070
1403636714763555584.000000 6.516586304 -1.523700237 8.689416885 -0.025292210 0.180564895 0.049832985 0.981974185
1403636714813555456.000000 6.499069214 -1.519045591 8.665194511 -0.026090235 0.170457035 0.042663112 0.984095335
1403636714863555584.000000 6.481802940 -1.515539050 8.639062881 -0.026286673 0.159644738 0.034996651 0.986203730
1403636714913555456.000000 6.461981773 -1.514520407 8.620249748 -0.026960256 0.148832619 0.028293818 0.988089859
1403636714963555584.000000 6.451671124 -1.516452551 8.593455315 -0.028449716 0.136187404 0.022524925 0.990018368
1403636715013555456.000000 6.431510925 -1.517543554 8.577018738 -0.028832383 0.126403794 0.017171599 0.991411090
1403636715063555584.000000 6.415949821 -1.520127654 8.555338860 -0.029162148 0.116730779 0.012938184 0.992651045
1403636715113555456.000000 6.403112411 -1.527420402 8.530380249 -0.030739697 0.108588412 0.007908191 0.993579984
1403636715163555584.000000 6.387655735 -1.534317851 8.512570381 -0.031131471 0.101650372 0.005375574 0.994318485
1403636715213555456.000000 6.372303963 -1.542385340 8.494871140 -0.031494472 0.096601591 0.002325057 0.994822025
1403636715263555584.000000 6.358809948 -1.549695611 8.477671623 -0.030380500 0.091736831 0.001429727 0.995318770
1403636715313555456.000000 6.346396446 -1.558191538 8.459738731 -0.028413845 0.087515973 0.001522383 0.995756686
1403636715363555584.000000 6.332770824 -1.563079834 8.444672585 -0.026306778 0.084758282 0.001500496 0.996053100
1403636715413555456.000000 6.319044590 -1.568506598 8.434394836 -0.022623438 0.081810601 0.004209148 0.996382236
1403636715463555584.000000 6.307713985 -1.572203159 8.421464920 -0.018989138 0.079563715 0.006862640 0.996625364
1403636715513555456.000000 6.296017170 -1.576251984 8.408774376 -0.015486761 0.076759405 0.012574367 0.996850073
1403636715563555584.000000 6.286384583 -1.576038003 8.399661064 -0.012497191 0.073740773 0.020546483 0.996987462
1403636715613555456.000000 6.274142742 -1.574935555 8.391158104 -0.011850541 0.073014900 0.023672398 0.996979475
1403636715663555584.000000 6.265726089 -1.570339561 8.383105278 -0.007511127 0.073847122 0.022732377 0.996982157
1403636715713555456.000000 6.259936810 -1.563445687 8.376150131 -0.001227007 0.076081023 0.018140085 0.996935844
1403636715763555584.000000 6.252544880 -1.560673714 8.365868568 0.003713596 0.078907721 0.013007201 0.996790171
1403636715813555456.000000 6.249956608 -1.553793550 8.355563164 0.008603035 0.081383005 0.008909909 0.996605992
1403636715863555584.000000 6.244194031 -1.552431345 8.347750664 0.012651808 0.083489217 0.006225581 0.996408939
1403636715913555456.000000 6.240015507 -1.547163844 8.335494041 0.016902098 0.085878059 0.002480192 0.996159196
1403636715963555584.000000 6.234381199 -1.546945691 8.320666313 0.019262129 0.087392733 0.001500497 0.995986581
1403636716013555456.000000 6.230218887 -1.544792891 8.304685593 0.020900074 0.088507652 0.001431076 0.995855212
1403636716063555584.000000 6.224962234 -1.540873408 8.291943550 0.020859629 0.089965761 0.001815689 0.995724797
1403636716113555456.000000 6.218012333 -1.540742755 8.275589943 0.019619338 0.090712160 0.004248881 0.995674789
1403636716163555584.000000 6.212909222 -1.542537808 8.253513336 0.014534171 0.091587849 0.006439279 0.995670080
1403636716213555456.000000 6.212727070 -1.541885257 8.231971741 0.008390660 0.091918983 0.009676347 0.995684147
1403636716263555584.000000 6.205160141 -1.544449806 8.208187103 0.004098905 0.093547344 0.010700908 0.995548904
1403636716313555456.000000 6.200407982 -1.542968988 8.186268806 0.000408325 0.095047005 0.012096968 0.995399237
1403636716363555584.000000 6.194198132 -1.539887667 8.164556503 -0.002222312 0.096634090 0.013216738 0.995229781
1403636716413555456.000000 6.192829609 -1.536547303 8.140618324 -0.002762383 0.097750925 0.014203553 0.995105743
1403636716463555584.000000 6.189275742 -1.532099605 8.119964600 -0.003847171 0.099095121 0.014016877 0.994971871
1403636716513555456.000000 6.183505535 -1.524930239 8.098682404 -0.003464812 0.100575507 0.014090750 0.994823635
1403636716563555584.000000 6.180567741 -1.516891003 8.079408646 -0.002893772 0.101123288 0.012142113 0.994795680
1403636716613555456.000000 6.174129009 -1.509255409 8.057862282 -0.003254435 0.100263707 0.010438486 0.994900823
1403636716663555584.000000 6.171055794 -1.498236537 8.038462639 -0.002715544 0.097223662 0.008819120 0.995219827
1403636716713555456.000000 6.167459488 -1.484560132 8.019061089 -0.002590898 0.093046956 0.006867244 0.995634735
1403636716763555584.000000 6.162187576 -1.469890356 7.998253822 -0.002142516 0.087734602 0.005033646 0.996128917
1403636716813555456.000000 6.156549454 -1.455668926 7.981715202 -0.002078241 0.080948740 0.003232526 0.996710896
1403636716863555584.000000 6.152589798 -1.439996600 7.958366871 -0.002396082 0.072794616 0.001278708 0.997343302
1403636716913555456.000000 6.146095276 -1.430988193 7.934811115 -0.003086206 0.063571811 -0.001401120 0.997971535
1403636716963555584.000000 6.145125389 -1.423065305 7.910355091 -0.004773905 0.052603830 -0.005769442 0.998587430
1403636717013555456.000000 6.140337467 -1.405351043 7.889079094 -0.003894990 0.041448973 -0.009519851 0.999087691
1403636717063555584.000000 6.132376194 -1.403717637 7.863197803 -0.005521066 0.030386811 -0.014074515 0.999423862
1403636717113555456.000000 6.126596451 -1.391633034 7.845439434 -0.005127029 0.019757116 -0.018200077 0.999626040
1403636717163555584.000000 6.119606495 -1.389579415 7.816680908 -0.005830644 0.011316733 -0.022605754 0.999663472
1403636717213555456.000000 6.113296509 -1.388441682 7.794740200 -0.006417650 0.003911513 -0.026581261 0.999618411
1403636717263555584.000000 6.110462666 -1.382092118 7.768285275 -0.006342534 -0.001798062 -0.031773362 0.999473393
1403636717313555456.000000 6.105114460 -1.379141808 7.744782448 -0.007139227 -0.005492365 -0.038613942 0.999213636
1403636717363555584.000000 6.100937366 -1.369815707 7.719157696 -0.006043530 -0.007591303 -0.046686627 0.998862505
1403636717413555456.000000 6.098921299 -1.362663984 7.698303699 -0.005223227 -0.009518777 -0.053155467 0.998527229
1403636717463555584.000000 6.087718964 -1.357207417 7.672017574 -0.004905689 -0.010624513 -0.057211030 0.998293519
1403636717513555456.000000 6.082388878 -1.355652094 7.647698879 -0.005415843 -0.012368382 -0.058406428 0.998201609
1403636717563555584.000000 6.071081161 -1.352423549 7.623919964 -0.005264245 -0.014139662 -0.056652114 0.998279989
1403636717613555456.000000 6.064043522 -1.340241790 7.601946831 -0.005733126 -0.016300026 -0.053378284 0.998424828
1403636717663555584.000000 6.051204205 -1.320879936 7.582461834 -0.004251446 -0.016702518 -0.051994674 0.998498619
1403636717713555456.000000 6.037253857 -1.319533944 7.553481102 -0.004407817 -0.017078325 -0.049916610 0.998597682
1403636717763555584.000000 6.026036263 -1.311041594 7.534200191 -0.005433375 -0.016976813 -0.053154390 0.998427212
1403636717813555456.000000 6.013998508 -1.288849473 7.515950680 -0.005237711 -0.018674070 -0.054978732 0.998299181
1403636717863555584.000000 5.997344017 -1.277586102 7.486002922 -0.005795381 -0.021457309 -0.057804924 0.998080492
1403636717913555456.000000 5.982146740 -1.264910102 7.465250969 -0.006068824 -0.026099028 -0.060974754 0.997779608
1403636717963555584.000000 5.963636398 -1.261931896 7.440592289 -0.006350657 -0.031335767 -0.064701185 0.997392416
1403636718013555456.000000 5.940933704 -1.247727990 7.410783768 -0.005795493 -0.038565446 -0.067233272 0.996974885
1403636718063555584.000000 5.923248291 -1.238124847 7.388140678 -0.006000944 -0.046892080 -0.069402076 0.996468067
1403636718113555456.000000 5.894447803 -1.241198659 7.351600647 -0.006815764 -0.057197098 -0.068583339 0.995981157
1403636718163555584.000000 5.875892639 -1.233337164 7.333030224 -0.007440351 -0.068292297 -0.067836627 0.995328665
1403636718213555456.000000 5.855877876 -1.227198958 7.306672096 -0.007930266 -0.078490853 -0.067007735 0.994628727
1403636718263555584.000000 5.830277443 -1.221781611 7.266012669 -0.009213973 -0.086908996 -0.066619053 0.993943632
1403636718313555456.000000 5.802603722 -1.207051158 7.238826752 -0.010037102 -0.094659433 -0.065550081 0.993298590
1403636718363555584.000000 5.786467552 -1.189445734 7.217371941 -0.009951877 -0.103198707 -0.066039234 0.992416203
1403636718413555456.000000 5.764310360 -1.181970954 7.195505619 -0.011915865 -0.111505143 -0.066063277 0.991494000
1403636718463555584.000000 5.736601830 -1.164953351 7.169874668 -0.012585571 -0.120253630 -0.065369673 0.990508735
1403636718513555456.000000 5.708230019 -1.150062084 7.148566246 -0.012812740 -0.128640518 -0.066073775 0.989404738
1403636718563555584.000000 5.679258823 -1.127508879 7.128525734 -0.013110109 -0.136438757 -0.064598970 0.988453150
1403636718613555456.000000 5.652037621 -1.116906166 7.107439518 -0.015105342 -0.143873736 -0.063716516 0.987427175
1403636718663555584.000000 5.628991127 -1.095986247 7.086843014 -0.016245050 -0.151339129 -0.060094003 0.986519814
1403636718713555456.000000 5.604165077 -1.074598074 7.066184521 -0.017966781 -0.157316327 -0.057989083 0.985680521
1403636718763555584.000000 5.582710266 -1.056384802 7.047478199 -0.018128524 -0.162115902 -0.058163401 0.984889269
1403636718813555456.000000 5.564038277 -1.033553600 7.033056259 -0.017948747 -0.164904639 -0.062162567 0.984185040
1403636718863555584.000000 5.542042255 -1.011164188 7.013922215 -0.016653508 -0.165740818 -0.068535455 0.983644068
1403636718913555456.000000 5.520882607 -0.991510868 6.996826649 -0.015201517 -0.166310668 -0.074298233 0.983152866
1403636718963555584.000000 5.504014015 -0.975473404 6.979638100 -0.013413256 -0.166643828 -0.079395816 0.982723892
1403636719013555456.000000 5.488254547 -0.962121964 6.963899612 -0.012100643 -0.167175725 -0.082867302 0.982363999
1403636719063555584.000000 5.469025135 -0.950182557 6.945164680 -0.009842297 -0.167672589 -0.084774666 0.982141733
1403636719113555456.000000 5.452240467 -0.941302061 6.929770470 -0.007162484 -0.168051317 -0.085928380 0.981999934
1403636719163555584.000000 5.430273533 -0.933824658 6.911145210 -0.003915712 -0.168446198 -0.085234381 0.982011020
1403636719213555456.000000 5.412138939 -0.924638510 6.891406059 -0.000430287 -0.168491706 -0.084723450 0.982055128
1403636719263555584.000000 5.393333912 -0.913795054 6.875455379 0.003082802 -0.168567672 -0.083306357 0.982158601
1403636719313555456.000000 5.376102924 -0.905155182 6.854372501 0.005087387 -0.169076651 -0.080401435 0.982304931
1403636719363555584.000000 5.359541893 -0.895234704 6.833861351 0.007474817 -0.168965220 -0.079027340 0.982420325
1403636719413555456.000000 5.339949608 -0.881284237 6.814517498 0.008809802 -0.168622792 -0.077811904 0.982565105
1403636719463555584.000000 5.322875500 -0.869871497 6.793928623 0.009118152 -0.168309748 -0.075619772 0.982787073
1403636719513555456.000000 5.305593014 -0.852004170 6.773502350 0.009131946 -0.167672634 -0.074375659 0.982990742
1403636719563555584.000000 5.294176579 -0.837302268 6.752607822 0.005946188 -0.167026371 -0.073928513 0.983158946
1403636719613555456.000000 5.275997639 -0.821685970 6.730833530 0.002943805 -0.166434184 -0.071927793 0.983421326
1403636719663555584.000000 5.261086464 -0.802818000 6.708389759 -0.000217119 -0.164808035 -0.072617695 0.983648837
1403636719713555456.000000 5.246821404 -0.787565172 6.684817791 -0.003659116 -0.163218468 -0.072183564 0.983938932
1403636719763555584.000000 5.240128040 -0.768539131 6.666750431 -0.005440445 -0.162174851 -0.072270080 0.984096944
1403636719813555456.000000 5.223021507 -0.762793064 6.634352684 -0.008154720 -0.160276726 -0.071117304 0.984473109
1403636719863555584.000000 5.211340427 -0.756779969 6.616748810 -0.008807803 -0.159214079 -0.070548490 0.984680772
1403636719913555456.000000 5.198686600 -0.749894261 6.592905045 -0.009439526 -0.157594800 -0.070070870 0.984969497
1403636719963555584.000000 5.188233376 -0.745581508 6.563894749 -0.011618456 -0.156529158 -0.069223225 0.985176086
1403636720013555456.000000 5.174485207 -0.734074831 6.548105240 -0.011509508 -0.154997811 -0.069562517 0.985395551
1403636720063555584.000000 5.156529903 -0.734815478 6.517132759 -0.012948785 -0.153953910 -0.068847649 0.985591531
1403636720113555456.000000 5.151937962 -0.722274363 6.497124672 -0.013119281 -0.153658777 -0.068927407 0.985629737
1403636720163555584.000000 5.137907028 -0.710744500 6.473425388 -0.014091663 -0.153066188 -0.069043793 0.985700309
1403636720213555456.000000 5.133102894 -0.694166064 6.459220409 -0.014027210 -0.153592512 -0.068124369 0.985683322
1403636720263555584.000000 5.126086712 -0.683580995 6.433306217 -0.014182419 -0.153965920 -0.067735054 0.985649765
1403636720313555456.000000 5.112963200 -0.674654901 6.411056519 -0.014329192 -0.153780520 -0.067201406 0.985713065
1403636720363555584.000000 5.102282524 -0.656158686 6.396565437 -0.014079231 -0.153862908 -0.067735262 0.985667229
1403636720413555456.000000 5.094470978 -0.641638875 6.375345230 -0.014343059 -0.154742688 -0.067158461 0.985565186
1403636720463555584.000000 5.092495918 -0.622249305 6.361084938 -0.014436560 -0.156150252 -0.066549279 0.985383213
1403636720513555456.000000 5.082073212 -0.613395929 6.340856075 -0.015670737 -0.156301290 -0.066634119 0.985334635
1403636720563555584.000000 5.074471474 -0.599874735 6.320984840 -0.015646840 -0.157383189 -0.065998130 0.985205591
1403636720613555456.000000 5.069807053 -0.584724844 6.311643600 -0.015603645 -0.157611921 -0.067420833 0.985073388
1403636720663555584.000000 5.065350533 -0.577610731 6.292042255 -0.015659587 -0.158982173 -0.067192204 0.984867811
1403636720713555456.000000 5.060615063 -0.574400067 6.275292397 -0.014671733 -0.158876538 -0.066806227 0.984926403
1403636720763555584.000000 5.047593117 -0.572008550 6.255162716 -0.015332673 -0.157029420 -0.065823130 0.985278666
1403636720813555456.000000 5.050436974 -0.563902676 6.239696503 -0.015096071 -0.154474780 -0.065396145 0.985714436
1403636720863555584.000000 5.046841621 -0.565383554 6.227310181 -0.015521056 -0.149771303 -0.065165713 0.986448765
1403636720913555456.000000 5.037587166 -0.561042011 6.205560684 -0.015489480 -0.143192753 -0.063568622 0.987529755
1403636720963555584.000000 5.036924839 -0.550158203 6.196225166 -0.013848155 -0.136971146 -0.061208438 0.988585174
1403636721013555456.000000 5.040396214 -0.543861389 6.183732033 -0.012460240 -0.132037282 -0.057581577 0.989492536
1403636721063555584.000000 5.034024239 -0.535934687 6.168766975 -0.010637960 -0.125184670 -0.054696571 0.990567505
1403636721113555456.000000 5.038317680 -0.524871707 6.155241013 -0.009391872 -0.118563667 -0.050830439 0.991600156
1403636721163555584.000000 5.036418438 -0.516666889 6.147346020 -0.007075944 -0.110009648 -0.048615959 0.992715657
1403636721213555456.000000 5.037584782 -0.506704330 6.129057884 -0.005769763 -0.102052860 -0.045002852 0.993743837
1403636721263555584.000000 5.037522793 -0.501098752 6.116476536 -0.003310637 -0.094876722 -0.041713286 0.994609177
1403636721313555456.000000 5.035056591 -0.490257055 6.104116440 -0.002659987 -0.087910004 -0.039646652 0.995335579
1403636721363555584.000000 5.036698818 -0.488048494 6.095903397 -0.002601992 -0.081680387 -0.038317729 0.995918393
1403636721413555456.000000 5.035785198 -0.487401307 6.073863029 -0.001943900 -0.076369964 -0.037330505 0.996378601
1403636721463555584.000000 5.039173603 -0.484662682 6.058922768 -0.002107180 -0.072154351 -0.036264468 0.996731818
1403636721513555456.000000 5.041910648 -0.482086927 6.043894768 -0.002466348 -0.066724151 -0.036185924 0.997112036
1403636721563555584.000000 5.043287754 -0.480683357 6.028474808 -0.003357355 -0.060733400 -0.035384938 0.997520983
1403636721613555456.000000 5.047625065 -0.479146987 6.013914108 -0.004492491 -0.054703675 -0.035197813 0.997871935
1403636721663555584.000000 5.051843166 -0.472391456 5.999306679 -0.005451134 -0.049787611 -0.034894153 0.998135269
1403636721713555456.000000 5.055861950 -0.466124684 5.985190868 -0.004508732 -0.045882095 -0.034925200 0.998326004
1403636721763555584.000000 5.058682442 -0.459794343 5.971497059 -0.005110112 -0.042189091 -0.036017384 0.998447239
1403636721813555456.000000 5.063275337 -0.448001742 5.957049370 -0.004594027 -0.040361166 -0.035741400 0.998535216
1403636721863555584.000000 5.067495346 -0.440271080 5.945997238 -0.004189913 -0.039358128 -0.034688253 0.998614132
1403636721913555456.000000 5.069932461 -0.429953665 5.928836823 -0.004012732 -0.038369849 -0.035001941 0.998642385
1403636721963555584.000000 5.074416161 -0.417547166 5.913962364 -0.003576143 -0.037359487 -0.037741065 0.998582542
1403636722013555456.000000 5.075397015 -0.408044308 5.900835037 -0.003562065 -0.036231313 -0.041257020 0.998485088
1403636722063555584.000000 5.081981659 -0.397867233 5.887294292 -0.003131983 -0.035890851 -0.044272605 0.998369694
1403636722113555456.000000 5.083786488 -0.391133845 5.866425991 -0.003449173 -0.036430322 -0.045379683 0.998299420
1403636722163555584.000000 5.086682796 -0.385158956 5.851132870 -0.003905661 -0.037904073 -0.044141002 0.998298407
1403636722213555456.000000 5.085472584 -0.378716439 5.834756851 -0.003948998 -0.038860213 -0.043278880 0.998299181
1403636722263555584.000000 5.086796284 -0.378157973 5.815917969 -0.005060934 -0.040436283 -0.042130996 0.998280644
1403636722313555456.000000 5.086232185 -0.377361894 5.795185089 -0.005013881 -0.041950416 -0.040495995 0.998286128
1403636722363555584.000000 5.088084221 -0.373564005 5.778444290 -0.005359679 -0.042457983 -0.039954282 0.998284698
1403636722413555456.000000 5.087297916 -0.367790103 5.761278629 -0.005661781 -0.040962525 -0.039783843 0.998352289
1403636722463555584.000000 5.088150978 -0.361256093 5.747577667 -0.004889490 -0.038678575 -0.039129212 0.998473406
1403636722513555456.000000 5.088944912 -0.352912933 5.733524799 -0.004607695 -0.036568858 -0.037738867 0.998607635
1403636722563555584.000000 5.091520309 -0.345675170 5.715978146 -0.004900816 -0.034493506 -0.036752135 0.998716950
1403636722613555456.000000 5.092381001 -0.334066182 5.695460796 -0.004830876 -0.032275207 -0.037795860 0.998752475
1403636722663555584.000000 5.088573933 -0.326151848 5.683258057 -0.005419098 -0.030103538 -0.037932318 0.998812139
1403636722713555456.000000 5.092652798 -0.314206898 5.666769505 -0.004588300 -0.028891172 -0.038221758 0.998841047
1403636722763555584.000000 5.088815212 -0.306153357 5.653328419 -0.005264334 -0.026948754 -0.039372604 0.998847306
1403636722813555456.000000 5.089715958 -0.294402540 5.632638454 -0.005851947 -0.026029734 -0.039924968 0.998846471
1403636722863555584.000000 5.089006424 -0.287223637 5.612323284 -0.005844274 -0.025159694 -0.040597767 0.998841643
1403636722913555456.000000 5.086406708 -0.282972425 5.593207836 -0.006293049 -0.025114635 -0.039782625 0.998872876
1403636722963555584.000000 5.086599350 -0.278963655 5.577159405 -0.006661176 -0.025548464 -0.038793366 0.998898387
1403636723013555456.000000 5.080704689 -0.276592493 5.560600281 -0.006197674 -0.026045110 -0.036708284 0.998967409
1403636723063555584.000000 5.081390381 -0.280064344 5.535963535 -0.005821694 -0.027202200 -0.034227405 0.999026895
1403636723113555456.000000 5.076866150 -0.277547359 5.514800549 -0.005396273 -0.027424296 -0.033288993 0.999054909
1403636723163555584.000000 5.074185371 -0.280244917 5.492387295 -0.005566643 -0.027510663 -0.033164695 0.999055743
1403636723213555456.000000 5.069787502 -0.277741134 5.476297855 -0.005593430 -0.027311347 -0.032592539 0.999079883
1403636723263555584.000000 5.065776825 -0.274503112 5.459814072 -0.006340350 -0.026539272 -0.033889193 0.999053061
1403636723313555456.000000 5.061720371 -0.270356208 5.441790104 -0.005970393 -0.025240937 -0.036142934 0.999010026
1403636723363555584.000000 5.059645653 -0.265310466 5.425478935 -0.005920192 -0.023291754 -0.036459878 0.999046147
1403636723413555456.000000 5.054889202 -0.259626240 5.404553890 -0.005340795 -0.019120783 -0.037716065 0.999091268
1403636723463555584.000000 5.053612709 -0.254139990 5.390245914 -0.003208849 -0.013815514 -0.038902506 0.999142408
1403636723513555456.000000 5.049898624 -0.246437564 5.368679523 0.001073110 -0.008215748 -0.037076015 0.999278128
1403636723563555584.000000 5.046542645 -0.242072240 5.355440617 0.007436651 -0.003686916 -0.032791942 0.999427736
1403636723613555456.000000 5.040406704 -0.236304283 5.337629318 0.014093172 0.000514488 -0.028894369 0.999483049
1403636723663555584.000000 5.036481857 -0.234163612 5.316073895 0.015314755 0.004456895 -0.025646972 0.999543905
1403636723713555456.000000 5.030213356 -0.234498456 5.299739838 0.011476573 0.008351022 -0.024758870 0.999592721
1403636723763555584.000000 5.025244713 -0.229355395 5.278109074 0.007215081 0.012147601 -0.023143314 0.999632359
1403636723813555456.000000 5.018887520 -0.230639204 5.256052017 0.002045186 0.014888695 -0.020383691 0.999679327
1403636723863555584.000000 5.014114380 -0.226900756 5.231176376 -0.001437249 0.017193856 -0.018695770 0.999676347
1403636723913555456.000000 5.007023335 -0.225798801 5.204931259 -0.005250598 0.019274505 -0.016740764 0.999660313
1403636723963555584.000000 5.003875256 -0.214188784 5.180521011 -0.009088136 0.021103401 -0.014352621 0.999632955
1403636724013555456.000000 4.999898434 -0.207331821 5.160067081 -0.013501623 0.024305163 -0.013788889 0.999518335
1403636724063555584.000000 4.997202396 -0.199159116 5.139546871 -0.016859457 0.028388318 -0.012114813 0.999381423
1403636724113555456.000000 4.990085125 -0.188570157 5.119831085 -0.020546386 0.034416415 -0.010387170 0.999142408
1403636724163555584.000000 4.987293720 -0.179833233 5.101828575 -0.020628963 0.041332882 -0.008956597 0.998892307
1403636724213555456.000000 4.985717773 -0.164296210 5.083875179 -0.021373667 0.048381824 -0.005453333 0.998585343
1403636724263555584.000000 4.981108189 -0.154913768 5.068003178 -0.021482570 0.057209209 -0.003157872 0.998126090
1403636724313555456.000000 4.975204468 -0.146603465 5.054396629 -0.020494822 0.066821657 -0.001258598 0.997553706
1403636724363555584.000000 4.971903801 -0.133556455 5.039246082 -0.018032137 0.076306164 0.001397075 0.996920407
1403636724413555456.000000 4.968796253 -0.121038668 5.027264118 -0.014790102 0.085737355 0.003571610 0.996201575
1403636724463555584.000000 4.963531017 -0.116682306 5.013115406 -0.012915024 0.093855739 0.006252928 0.995482445
1403636724513555456.000000 4.960366249 -0.109442160 5.001449585 -0.009834748 0.100976147 0.006950641 0.994815946
1403636724563555584.000000 4.958781719 -0.108011626 4.993241787 -0.007538419 0.106667325 0.008519364 0.994229734
1403636724613555456.000000 4.949861526 -0.104527354 4.978234291 -0.006752857 0.111746363 0.009774125 0.993665755
1403636724663555584.000000 4.947290421 -0.102385566 4.956855774 -0.006117772 0.114877954 0.010172026 0.993308723
1403636724713555456.000000 4.940268040 -0.108871020 4.945328236 -0.006447673 0.117898405 0.011598662 0.992937028
1403636724763555584.000000 4.933011532 -0.112742171 4.928693295 -0.006963319 0.119892687 0.012267508 0.992686689
1403636724813555456.000000 4.924923420 -0.117534123 4.914738655 -0.007783099 0.121354461 0.012826586 0.992495835
1403636724863555584.000000 4.917981148 -0.124729916 4.894421577 -0.008773871 0.121514708 0.014050128 0.992451429
1403636724913555456.000000 4.911310196 -0.133501396 4.879886150 -0.009256919 0.120726086 0.016113799 0.992511988
1403636724963555584.000000 4.901364326 -0.143447846 4.862705231 -0.009839622 0.119621910 0.018380949 0.992600620
1403636725013555456.000000 4.891699791 -0.157657221 4.844173908 -0.010041576 0.117888935 0.020894527 0.992756188
1403636725063555584.000000 4.886765957 -0.171675682 4.817759514 -0.009259930 0.115952767 0.023350494 0.992937088
1403636725113555456.000000 4.878874302 -0.187016323 4.808838844 -0.009159387 0.114726216 0.025301181 0.993032694
1403636725163555584.000000 4.869987011 -0.201566130 4.780610561 -0.010208237 0.113474302 0.026382277 0.993138194
1403636725213555456.000000 4.863585949 -0.222588658 4.765000820 -0.010410413 0.113147117 0.025469186 0.993197262
1403636725263555584.000000 4.859083652 -0.236999482 4.747362614 -0.010742475 0.112256669 0.025880393 0.993284106
1403636725313555456.000000 4.850602150 -0.254875571 4.727109432 -0.011724121 0.112975240 0.023580339 0.993248761
1403636725363555584.000000 4.846539021 -0.266988128 4.709501743 -0.011960573 0.112917252 0.022350077 0.993281007
1403636725413555456.000000 4.843045712 -0.277234197 4.695258617 -0.011551613 0.113338567 0.020712173 0.993273377
1403636725463555584.000000 4.837564945 -0.288709700 4.682034016 -0.011684313 0.113787062 0.019560549 0.993243873
1403636725513555456.000000 4.832065582 -0.299887687 4.667756557 -0.011932661 0.114326306 0.018146293 0.993205905
1403636725563555584.000000 4.827746868 -0.305862159 4.651731968 -0.012644379 0.114880390 0.017051050 0.993152499
1403636725613555456.000000 4.823768616 -0.311887085 4.635025978 -0.012611265 0.115494438 0.015731132 0.993103504
1403636725663555584.000000 4.819849014 -0.318127126 4.624479771 -0.010864519 0.115698636 0.015679656 0.993101180
1403636725713555456.000000 4.816242218 -0.322337955 4.611893177 -0.010617130 0.115765639 0.016055377 0.993090034
1403636725763555584.000000 4.812003613 -0.324872017 4.601720810 -0.010958636 0.115803145 0.015965477 0.993083417
1403636725813555456.000000 4.810101986 -0.322642684 4.596219540 -0.010350441 0.115709312 0.015552077 0.993107438
1403636725863555584.000000 4.803255081 -0.327264696 4.580275536 -0.012246291 0.115255870 0.016421417 0.993124604
1403636725913555456.000000 4.801987648 -0.323718637 4.573770046 -0.011751015 0.114115529 0.018470729 0.993226230
1403636725963555584.000000 4.796762466 -0.318672240 4.567078590 -0.012100242 0.113608629 0.018862912 0.993272841
1403636726013555456.000000 4.795619011 -0.317232639 4.558800220 -0.011248187 0.112761393 0.019532248 0.993366420
1403636726063555584.000000 4.789981365 -0.313609779 4.549098015 -0.011090431 0.112605482 0.018360198 0.993408263
1403636726113555456.000000 4.787945747 -0.306483895 4.545522690 -0.010751990 0.112587832 0.017197419 0.993434787
1403636726163555584.000000 4.788068771 -0.299515337 4.537126541 -0.008734782 0.112148561 0.015960090 0.993524909
1403636726213555456.000000 4.785018444 -0.293657780 4.531067848 -0.008153956 0.111500651 0.015295529 0.993613243
1403636726263555584.000000 4.781432152 -0.280398965 4.522221565 -0.007503402 0.111300461 0.014214113 0.993656814
1403636726313555456.000000 4.780762196 -0.274296105 4.523466587 -0.007060012 0.110696942 0.014064722 0.993729591
1403636726363555584.000000 4.776541233 -0.271189183 4.520238876 -0.006048587 0.110420473 0.013020587 0.993781269
1403636726413555456.000000 4.770362377 -0.269043177 4.510293007 -0.005591782 0.109786704 0.012345156 0.993862808
1403636726463555584.000000 4.773452282 -0.265233546 4.497582436 -0.004632191 0.108126245 0.012772466 0.994044363
1403636726513555456.000000 4.764305592 -0.271471024 4.498059273 -0.004378153 0.107281111 0.014895845 0.994107544
1403636726563555584.000000 4.762953758 -0.272385418 4.478396416 -0.002471124 0.103759110 0.021272516 0.994371951
1403636726613555456.000000 4.756508827 -0.275046885 4.471662045 -0.000587712 0.100456074 0.029579015 0.994501591
1403636726663555584.000000 4.759376049 -0.282322347 4.459340572 0.002307680 0.097055972 0.036747221 0.994597673
1403636726713555456.000000 4.754131317 -0.291329563 4.454432964 0.002108607 0.097076878 0.037314132 0.994574964
1403636726763555584.000000 4.756410599 -0.297278702 4.443276405 0.002877882 0.097963519 0.033764653 0.994612932
1403636726813555456.000000 4.762284279 -0.305997044 4.423426151 0.002769175 0.098847784 0.028331945 0.994695365
1403636726863555584.000000 4.761371613 -0.318540931 4.416473389 0.002861403 0.099129148 0.021612821 0.994835734
1403636726913555456.000000 4.762586117 -0.331781119 4.398804665 0.002307990 0.098562576 0.016681107 0.994988441
1403636726963555584.000000 4.762545586 -0.344754696 4.382832527 0.002020562 0.097783044 0.012816887 0.995123148
1403636727013555456.000000 4.766268730 -0.355761677 4.367864609 0.002425130 0.096598178 0.010891133 0.995260894
1403636727063555584.000000 4.767502785 -0.372219056 4.354468346 0.002470133 0.096253790 0.008245290 0.995319664
1403636727113555456.000000 4.770412445 -0.384842545 4.335040092 0.001990095 0.095762074 0.006073980 0.995383739
1403636727163555584.000000 4.771981239 -0.399116158 4.314533234 0.000717018 0.095824815 0.002976611 0.995393574
1403636727213555456.000000 4.771965981 -0.411906242 4.298729420 -0.000172162 0.096236356 -0.000034502 0.995358527
1403636727263555584.000000 4.775000572 -0.420894951 4.284500122 -0.000865889 0.096456401 -0.002831469 0.995332837
1403636727313555456.000000 4.775602818 -0.427933782 4.264742851 -0.001602046 0.097076073 -0.005613093 0.995259881
1403636727363555584.000000 4.773590088 -0.437569976 4.248825073 -0.003625178 0.097381577 -0.006699068 0.995218039
1403636727413555456.000000 4.774895668 -0.440989882 4.233182430 -0.003701060 0.097370438 -0.007571514 0.995212555
1403636727463555584.000000 4.774518967 -0.448373646 4.218271255 -0.003766273 0.097547829 -0.008687750 0.995185852
1403636727513555456.000000 4.766627789 -0.453576118 4.201838017 -0.002096194 0.097193144 -0.006742305 0.995240569
1403636727563555584.000000 4.764639854 -0.460927218 4.186076164 -0.000490430 0.095859542 -0.003336184 0.995389223
1403636727613555456.000000 4.761075497 -0.469115466 4.169175148 0.001230666 0.095488705 -0.002079084 0.995427668
1403636727663555584.000000 4.755943775 -0.475262314 4.152432919 0.001966155 0.094728634 0.000150339 0.995501161
1403636727713555456.000000 4.752254963 -0.489840686 4.133469582 0.000077065 0.094877683 0.000058254 0.995488942
1403636727763555584.000000 4.744703293 -0.502056897 4.110519886 -0.000673911 0.095155619 -0.001053209 0.995461643
1403636727813555456.000000 4.736694336 -0.516252577 4.089161396 -0.001386484 0.095638983 -0.002847363 0.995411098
1403636727863555584.000000 4.728748322 -0.533556283 4.071079254 -0.002693902 0.097648680 -0.007576808 0.995188475
1403636727913555456.000000 4.720759869 -0.546597540 4.053191662 -0.002852161 0.099427819 -0.012326609 0.994964361
1403636727963555584.000000 4.709522247 -0.559136629 4.034296989 -0.002854818 0.100033671 -0.013202675 0.994892359
1403636728013555456.000000 4.700880527 -0.571502268 4.012122631 -0.003166650 0.099595316 -0.011851649 0.994952440
1403636728063555584.000000 4.689796925 -0.584643722 3.995408297 -0.003476054 0.099159598 -0.010031937 0.995014906
1403636728113555456.000000 4.680808544 -0.595527112 3.975327015 -0.001796676 0.097787991 -0.006576339 0.995183945
1403636728163555584.000000 4.665448666 -0.602694273 3.958494186 -0.000548279 0.097838342 -0.004849859 0.995190442
1403636728213555456.000000 4.653339386 -0.607323706 3.940111160 0.000819413 0.097321279 -0.002850258 0.995248616
1403636728263555584.000000 4.638672352 -0.613188922 3.922751665 0.001265876 0.097119235 -0.001584375 0.995270729
1403636728313555456.000000 4.624253273 -0.615182757 3.906311035 0.001224107 0.096759029 -0.000205014 0.995307088
1403636728363555584.000000 4.613265038 -0.618112862 3.887573004 0.000754965 0.096873432 -0.000210804 0.995296419
1403636728413555456.000000 4.597992897 -0.617059648 3.874949694 0.000491860 0.095421217 0.003766604 0.995429814
1403636728463555584.000000 4.584073067 -0.616924047 3.857792377 0.001380034 0.093412735 0.010175654 0.995574534
1403636728513555456.000000 4.570118427 -0.615186632 3.838974714 0.001390298 0.090956941 0.017453358 0.995700896
1403636728563555584.000000 4.554767132 -0.609292924 3.824080229 0.001246663 0.089263834 0.020740729 0.995791316
1403636728613555456.000000 4.545567036 -0.607067406 3.808157682 0.001500232 0.086765051 0.022509327 0.995973408
1403636728663555584.000000 4.529792786 -0.600845098 3.791859627 0.000719000 0.085112385 0.017938925 0.996209681
1403636728713555456.000000 4.515183926 -0.598960459 3.772912025 0.000340170 0.082342304 0.011143786 0.996541798
1403636728763555584.000000 4.502670288 -0.591055870 3.757343531 0.000067523 0.077528112 0.004587343 0.996979654
1403636728813555456.000000 4.491387367 -0.586818099 3.736196995 -0.000405149 0.071694374 -0.001971045 0.997424662
1403636728863555584.000000 4.476326466 -0.586282790 3.720355749 -0.000465666 0.065618627 -0.007495423 0.997816563
1403636728913555456.000000 4.465217113 -0.589882731 3.696241856 0.000537259 0.059645314 -0.012109270 0.998146057
1403636728963555584.000000 4.453669071 -0.586667120 3.675880432 0.001827467 0.054018997 -0.014621422 0.998431206
1403636729013555456.000000 4.437931061 -0.587802172 3.654938221 0.002982334 0.048970833 -0.017418424 0.998643935
1403636729063555584.000000 4.423889637 -0.587452650 3.637434483 0.004583340 0.044894110 -0.019529108 0.998790324
1403636729113555456.000000 4.413447380 -0.585440695 3.616746426 0.005496157 0.040640816 -0.020948555 0.998939097
1403636729163555584.000000 4.395781517 -0.576386690 3.597851753 0.005386078 0.038040880 -0.022768242 0.999002278
1403636729213555456.000000 4.385649681 -0.571600318 3.571187735 0.003269103 0.035204604 -0.023080500 0.999108255
1403636729263555584.000000 4.370253563 -0.567288041 3.554518938 0.002096859 0.032690518 -0.021542706 0.999231219
1403636729313555456.000000 4.356170177 -0.556427360 3.535956383 0.001821171 0.031303022 -0.021923784 0.999267876
1403636729363555584.000000 4.340975761 -0.547598541 3.514418840 0.001837771 0.029835895 -0.021427451 0.999323487
1403636729413555456.000000 4.323723316 -0.536165416 3.497012377 0.002656775 0.029375058 -0.022028152 0.999322236
1403636729463555584.000000 4.312174320 -0.527349472 3.471014500 0.002956236 0.028658012 -0.022042729 0.999341905
1403636729513555456.000000 4.295193195 -0.522270441 3.447245598 0.002898352 0.028192146 -0.022098215 0.999354064
1403636729563555584.000000 4.281795502 -0.514054060 3.426705360 0.002482270 0.027591383 -0.021521538 0.999384522
1403636729613555456.000000 4.262772560 -0.511991560 3.404709578 0.001495034 0.027501589 -0.021851959 0.999381840
1403636729663555584.000000 4.250158310 -0.511743307 3.376060486 0.000804073 0.027217634 -0.021307426 0.999402165
1403636729713555456.000000 4.233996391 -0.511753261 3.348137140 0.000964507 0.026647789 -0.020087643 0.999442637
1403636729763555584.000000 4.217858791 -0.512940109 3.322709799 -0.000987783 0.027118998 -0.020265589 0.999426305
1403636729813555456.000000 4.200104237 -0.506018937 3.301207542 -0.002750759 0.027554803 -0.019931849 0.999417841
1403636729863555584.000000 4.182536125 -0.503358960 3.270557642 -0.005451736 0.028186461 -0.020167353 0.999384403
1403636729913555456.000000 4.164570808 -0.501180947 3.248703003 -0.007470403 0.027990924 -0.018293532 0.999412835
1403636729963555584.000000 4.147487640 -0.493971288 3.222100973 -0.009222519 0.028532220 -0.019377753 0.999362469
1403636730013555456.000000 4.131716251 -0.490051419 3.198997974 -0.010918090 0.028393570 -0.018545166 0.999365151
1403636730063555584.000000 4.115386963 -0.477843523 3.174692392 -0.011384064 0.028041808 -0.018081345 0.999378383
1403636730113555456.000000 4.098293781 -0.472795665 3.153637886 -0.012346510 0.027638400 -0.018238405 0.999375343
1403636730163555584.000000 4.081948280 -0.462175518 3.129644871 -0.012018452 0.027256932 -0.017048229 0.999410808
1403636730213555456.000000 4.064792156 -0.454201788 3.109046936 -0.013508208 0.027400663 -0.018192666 0.999367714
1403636730263555584.000000 4.050841808 -0.445742995 3.089309454 -0.013767722 0.026988005 -0.018528840 0.999369204
1403636730313555456.000000 4.034606934 -0.431143343 3.064558506 -0.012761666 0.026089802 -0.016372584 0.999444127
1403636730363555584.000000 4.018969059 -0.421444148 3.047513008 -0.013383478 0.025713282 -0.016412934 0.999445021
1403636730413555456.000000 4.003454685 -0.410630226 3.024530411 -0.014887867 0.025651474 -0.017104387 0.999413729
1403636730463555584.000000 3.988200188 -0.399541885 3.007082462 -0.018453861 0.025079379 -0.016643580 0.999376595
1403636730513555456.000000 3.970635891 -0.390227973 2.991223097 -0.022459675 0.025585052 -0.018033762 0.999257624
1403636730563555584.000000 3.956763268 -0.378569484 2.970276117 -0.026342016 0.024843527 -0.017019462 0.999199331
1403636730613555456.000000 3.944075823 -0.373735189 2.949384689 -0.029216550 0.024390019 -0.016159926 0.999144852
1403636730663555584.000000 3.928171158 -0.371734977 2.930647135 -0.030793708 0.024159439 -0.015810046 0.999108672
1403636730713555456.000000 3.910239935 -0.371286869 2.914610147 -0.031822730 0.023879081 -0.015633544 0.999085903
1403636730763555584.000000 3.894360542 -0.373790860 2.898794889 -0.032956429 0.024212977 -0.016258139 0.999031246
1403636730813555456.000000 3.881964922 -0.379461676 2.881534100 -0.033315331 0.023824088 -0.016552398 0.999023795
1403636730863555584.000000 3.864093304 -0.382991791 2.870591402 -0.033908244 0.023504730 -0.014758450 0.999039531
1403636730913555456.000000 3.850180864 -0.393066585 2.848723173 -0.034900498 0.022353636 -0.011038292 0.999079823
1403636730963555584.000000 3.838667631 -0.397115707 2.841312170 -0.033257879 0.020631934 -0.005451302 0.999218941
1403636731013555456.000000 3.821455717 -0.401567608 2.825418711 -0.031759616 0.019377563 -0.000200417 0.999307692
1403636731063555584.000000 3.807150364 -0.409683496 2.818291187 -0.026439985 0.017567514 0.006635666 0.999474049
1403636731113555456.000000 3.796370268 -0.414693981 2.811272860 -0.019897761 0.016803777 0.010268134 0.999608099
1403636731163555584.000000 3.786659241 -0.419541687 2.799238443 -0.014731270 0.016389607 0.012617003 0.999677539
1403636731213555456.000000 3.774828434 -0.417318493 2.802108765 -0.010520356 0.017734367 0.010794914 0.999729097
1403636731263555584.000000 3.767314196 -0.419844478 2.797112942 -0.007214834 0.019480374 0.006950784 0.999760032
1403636731313555456.000000 3.760260582 -0.418784320 2.789341450 -0.005348427 0.021866091 0.001853257 0.999744892
1403636731363555584.000000 3.751893997 -0.416964471 2.789756060 -0.004726653 0.023837190 -0.002312934 0.999702036
1403636731413555456.000000 3.751427174 -0.411349237 2.776758909 -0.005533893 0.025271405 -0.007085329 0.999640226
1403636731463555584.000000 3.745200396 -0.409460723 2.770727158 -0.004929550 0.026024498 -0.008489879 0.999613106
1403636731513555456.000000 3.741153002 -0.405122101 2.771573544 -0.005759623 0.025736935 -0.007546976 0.999623716
1403636731563555584.000000 3.736808062 -0.398864269 2.766663313 -0.006248919 0.024218826 -0.003231836 0.999681950
1403636731613555456.000000 3.731419325 -0.395761698 2.766107082 -0.006268601 0.023414949 -0.000420401 0.999706149
1403636731663555584.000000 3.729986668 -0.387247026 2.754832029 -0.006388279 0.022331405 0.002269996 0.999727666
1403636731713555456.000000 3.731470585 -0.378216803 2.750101089 -0.006097944 0.022517707 0.001865458 0.999726117
1403636731763555584.000000 3.732105494 -0.367197573 2.748360872 -0.006514913 0.023530873 -0.001362324 0.999700963
1403636731813555456.000000 3.733872652 -0.357786596 2.737137794 -0.006601896 0.023925483 -0.003300445 0.999686539
1403636731863555584.000000 3.729450464 -0.352038682 2.736596584 -0.006992742 0.024935395 -0.005991844 0.999646723
1403636731913555456.000000 3.732382536 -0.334623694 2.729820967 -0.006220080 0.024793996 -0.007511063 0.999645054
1403636731963555584.000000 3.732957363 -0.323272765 2.726842165 -0.005485868 0.024728902 -0.007977852 0.999647319
1403636732013555456.000000 3.730973005 -0.310083419 2.728544950 -0.005333496 0.024824375 -0.008871987 0.999638259
1403636732063555584.000000 3.736826897 -0.292921215 2.724519253 -0.003684391 0.024580400 -0.009630533 0.999644697
1403636732113555456.000000 3.738923550 -0.278205603 2.721666336 -0.003459794 0.024077561 -0.008901691 0.999664485
1403636732163555584.000000 3.745094299 -0.263280511 2.718997240 -0.003578300 0.023828909 -0.010461322 0.999654949
1403636732213555456.000000 3.742867947 -0.247163445 2.720765114 -0.001875931 0.024056761 -0.010754941 0.999651015
1403636732263555584.000000 3.745672226 -0.230011463 2.717824936 -0.000884834 0.024206700 -0.012847355 0.999624074
1403636732313555456.000000 3.747036457 -0.219400108 2.709299326 -0.000158210 0.023570862 -0.011984609 0.999650359
1403636732363555584.000000 3.754048586 -0.211595193 2.700823307 -0.000805726 0.023866564 -0.014252899 0.999613225
1403636732413555456.000000 3.752838135 -0.198324502 2.699458838 0.001086598 0.025695998 -0.018754497 0.999493301
1403636732463555584.000000 3.759812117 -0.192482814 2.691913605 0.003310522 0.027811222 -0.026449790 0.999257743
1403636732513555456.000000 3.761399269 -0.186681494 2.682218552 0.006231228 0.030264314 -0.034766342 0.998917699
1403636732563555584.000000 3.756525278 -0.186785042 2.672701120 0.008949589 0.032429814 -0.041123159 0.998587608
1403636732613555456.000000 3.760061026 -0.179885551 2.657949924 0.012406544 0.033609800 -0.045756135 0.998309970
1403636732663555584.000000 3.755660295 -0.173973575 2.652769804 0.015004176 0.033152029 -0.045937233 0.998281300
1403636732713555456.000000 3.750762939 -0.174614817 2.633082628 0.016766451 0.031294186 -0.042070631 0.998483717
1403636732763555584.000000 3.743997812 -0.172242403 2.618277550 0.017142368 0.029442171 -0.037452962 0.998717546
1403636732813555456.000000 3.739409924 -0.174353957 2.596622705 0.018170282 0.026985891 -0.032355830 0.998946786
1403636732863555584.000000 3.731236935 -0.176527545 2.577537537 0.018058324 0.026210638 -0.030659845 0.999022961
1403636732913555456.000000 3.721892118 -0.177692696 2.558926821 0.016763203 0.025618803 -0.029587362 0.999093294
1403636732963555584.000000 3.718647957 -0.172138333 2.536180496 0.014805642 0.024479648 -0.028103817 0.999195516
1403636733013555456.000000 3.703347683 -0.166582167 2.518753767 0.011765167 0.024486085 -0.027953647 0.999240041
1403636733063555584.000000 3.692735672 -0.158609524 2.496221542 0.009194296 0.024340101 -0.027957555 0.999270499
1403636733113555456.000000 3.685581684 -0.153880626 2.472071648 0.005070607 0.023714148 -0.027631922 0.999324024
1403636733163555584.000000 3.673102617 -0.148787171 2.452023983 0.004918545 0.024688110 -0.030236330 0.999225736
1403636733213555456.000000 3.658454418 -0.145619690 2.429069042 0.003722365 0.024558060 -0.030566929 0.999224067
1403636733263555584.000000 3.648950338 -0.143954188 2.400538445 0.003105585 0.024080668 -0.031297117 0.999215186
1403636733313555456.000000 3.638365269 -0.147917241 2.371555090 0.002185314 0.022853453 -0.029955849 0.999287546
1403636733363555584.000000 3.621265650 -0.152760178 2.345526934 -0.000164301 0.022077458 -0.028239530 0.999357343
1403636733413555456.000000 3.607109308 -0.155335635 2.316977978 -0.002578825 0.020855898 -0.026694544 0.999422789
1403636733463555584.000000 3.588853359 -0.161313429 2.292634964 -0.004515134 0.020238211 -0.024131849 0.999493718
1403636733513555456.000000 3.575024843 -0.164883152 2.263504982 -0.006568884 0.019813946 -0.023684217 0.999501526
1403636733563555584.000000 3.557847738 -0.173434392 2.230836630 -0.008481262 0.019580860 -0.022831211 0.999511600
1403636733613555456.000000 3.544878721 -0.171610028 2.200858831 -0.009416636 0.019283319 -0.023661010 0.999489725
1403636733663555584.000000 3.528098345 -0.169547513 2.180110931 -0.010270763 0.018815385 -0.021710282 0.999534488
1403636733713555456.000000 3.511851311 -0.178207621 2.150514603 -0.012171139 0.018756375 -0.022431871 0.999498367
1403636733763555584.000000 3.496119976 -0.177994609 2.129055977 -0.012612246 0.018914567 -0.023301978 0.999469995
1403636733813555456.000000 3.477943897 -0.172470331 2.102765799 -0.014380952 0.018687123 -0.022577329 0.999466956
1403636733863555584.000000 3.464021206 -0.170228913 2.074192762 -0.015331503 0.018342450 -0.022483451 0.999461353
1403636733913555456.000000 3.445726395 -0.167693526 2.052493811 -0.014415641 0.019031676 -0.024566082 0.999413073
1403636733963555584.000000 3.424897432 -0.163554415 2.041283131 -0.012404924 0.020568224 -0.028000424 0.999319315
1403636734013555456.000000 3.414784193 -0.154246494 2.019151926 -0.008963344 0.020721318 -0.028996741 0.999324560
1403636734063555584.000000 3.399795532 -0.150069699 1.995542526 -0.006644339 0.021136839 -0.029028598 0.999333024
1403636734113555456.000000 3.387452841 -0.140086144 1.971634865 -0.004188939 0.020951301 -0.027281929 0.999399424
1403636734163555584.000000 3.371417046 -0.135257244 1.950277328 -0.003495606 0.021107148 -0.026697531 0.999414623
1403636734213555456.000000 3.348680973 -0.131786093 1.930784822 -0.003530816 0.020673497 -0.025453903 0.999456048
1403636734263555584.000000 3.333191633 -0.128281131 1.905304193 -0.002682220 0.019457029 -0.024265595 0.999512613
1403636734313555456.000000 3.318400860 -0.126201004 1.878911257 -0.003629096 0.018249195 -0.022461893 0.999574602
1403636734363555584.000000 3.300586462 -0.122642688 1.853370547 -0.004981918 0.017552299 -0.021699511 0.999598026
1403636734413555456.000000 3.281965256 -0.124705479 1.830905557 -0.006633674 0.016739827 -0.020330248 0.999631226
1403636734463555584.000000 3.265303612 -0.125458106 1.797751069 -0.008425939 0.015992343 -0.020180050 0.999632955
1403636734513555456.000000 3.239987373 -0.135701314 1.777991891 -0.010631223 0.015767276 -0.020029331 0.999618590
1403636734563555584.000000 3.226586342 -0.136374146 1.745186567 -0.012895207 0.015111123 -0.020201132 0.999598563
1403636734613555456.000000 3.211599350 -0.133951783 1.716483593 -0.014653108 0.014290412 -0.019869752 0.999593079
1403636734663555584.000000 3.196356058 -0.135912225 1.692893505 -0.016838318 0.014020288 -0.020565484 0.999548376
1403636734713555456.000000 3.175929308 -0.133059397 1.673736215 -0.017712086 0.013801543 -0.021656599 0.999513328
1403636734763555584.000000 3.162588120 -0.125461191 1.648682952 -0.017079441 0.013305415 -0.022752067 0.999506712
1403636734813555456.000000 3.141971588 -0.125153676 1.632190824 -0.018664585 0.012980014 -0.023003630 0.999476910
1403636734863555584.000000 3.128046036 -0.116301946 1.608771205 -0.018737722 0.012056220 -0.023122685 0.999484301
1403636734913555456.000000 3.111006975 -0.106544584 1.592049122 -0.018784132 0.011277644 -0.022572355 0.999505103
1403636734963555584.000000 3.096143007 -0.098792434 1.572058082 -0.018941609 0.010742151 -0.021894546 0.999523103
1403636735013555456.000000 3.080671549 -0.091482960 1.554582834 -0.018959025 0.010820950 -0.023226209 0.999491930
1403636735063555584.000000 3.063085079 -0.082413018 1.539547920 -0.018345375 0.010528710 -0.022458935 0.999523997
1403636735113555456.000000 3.046679497 -0.070002660 1.522306323 -0.017939743 0.010425605 -0.021585902 0.999551713
1403636735163555584.000000 3.032484531 -0.062746719 1.504768491 -0.018223668 0.009996187 -0.020218950 0.999579549
1403636735213555456.000000 3.015020370 -0.058118802 1.488688231 -0.019400416 0.010135645 -0.019187095 0.999576330
1403636735263555584.000000 2.998081684 -0.055464413 1.474519491 -0.020941759 0.010199580 -0.017964873 0.999567270
1403636735313555456.000000 2.983525991 -0.050253071 1.459455729 -0.022126801 0.010636603 -0.016382748 0.999564409
1403636735363555584.000000 2.967860699 -0.049442932 1.442132235 -0.022965172 0.011136363 -0.014765256 0.999565184
1403636735413555456.000000 2.953688860 -0.054482188 1.426822901 -0.021732925 0.012368720 -0.014863169 0.999576867
1403636735463555584.000000 2.944227934 -0.055300090 1.411547899 -0.020115972 0.013204087 -0.013119879 0.999624431
1403636735513555456.000000 2.925204992 -0.066453047 1.395314217 -0.019503552 0.015579271 -0.013760950 0.999593675
1403636735563555584.000000 2.911821604 -0.078339070 1.383333206 -0.018223999 0.017411491 -0.013786730 0.999587297
1403636735613555456.000000 2.899443626 -0.085902005 1.368664384 -0.016694026 0.019193325 -0.013753654 0.999581873
1403636735663555584.000000 2.885848761 -0.095701940 1.356802821 -0.016262952 0.021145001 -0.013940556 0.999546945
1403636735713555456.000000 2.876941204 -0.104876138 1.342012048 -0.017046146 0.022107828 -0.013190688 0.999523282
1403636735763555584.000000 2.865310431 -0.111168563 1.331580520 -0.017394740 0.023665203 -0.013667575 0.999475181
1403636735813555456.000000 2.849241972 -0.119827569 1.319815755 -0.017282387 0.024643458 -0.012766850 0.999465406
1403636735863555584.000000 2.838521957 -0.125604242 1.307905555 -0.016701546 0.025194760 -0.012892976 0.999459922
1403636735913555456.000000 2.828579903 -0.127749428 1.294307232 -0.015998682 0.025185717 -0.012830433 0.999472439
1403636735963555584.000000 2.812676907 -0.133023739 1.287932277 -0.015927821 0.025936075 -0.013368089 0.999447346
1403636736013555456.000000 2.805575371 -0.137435988 1.276570082 -0.015116922 0.024405986 -0.014736432 0.999479234
1403636736063555584.000000 2.794676304 -0.142142490 1.265661001 -0.014403112 0.021540396 -0.016465969 0.999528646
1403636736113555456.000000 2.777780056 -0.147771835 1.257409215 -0.012143180 0.017129993 -0.017556230 0.999625385
1403636736163555584.000000 2.769202232 -0.155914605 1.248185039 -0.010193762 0.011136320 -0.019449322 0.999696851
1403636736213555456.000000 2.756413221 -0.168263718 1.235349536 -0.008519506 0.004724499 -0.021065319 0.999730647
1403636736263555584.000000 2.747401953 -0.180162966 1.222779989 -0.007896394 -0.001308744 -0.023335598 0.999695659
1403636736313555456.000000 2.732894659 -0.191001490 1.216914773 -0.007503798 -0.006246310 -0.026003063 0.999614239
1403636736363555584.000000 2.721468687 -0.195357457 1.206892729 -0.006889979 -0.010535336 -0.028590340 0.999512017
1403636736413555456.000000 2.713954926 -0.204970926 1.198622227 -0.007064188 -0.014546814 -0.030130215 0.999415159
1403636736463555584.000000 2.709010839 -0.208321825 1.183855057 -0.006353519 -0.017210223 -0.035262249 0.999209762
1403636736513555456.000000 2.697817564 -0.210873142 1.178619266 -0.005357968 -0.018561682 -0.040563323 0.998990178
1403636736563555584.000000 2.685790539 -0.215697810 1.172431469 -0.004916884 -0.019469680 -0.045235332 0.998774588
1403636736613555456.000000 2.675998449 -0.218415141 1.161157846 -0.004299634 -0.020237865 -0.049367800 0.998566389
1403636736663555584.000000 2.665474176 -0.219200760 1.154257536 -0.003511796 -0.021478709 -0.050731558 0.998475194
1403636736713555456.000000 2.648682833 -0.219044060 1.148368001 -0.002921681 -0.021938153 -0.052080441 0.998397648
1403636736763555584.000000 2.633544445 -0.216277674 1.142837882 -0.003605339 -0.022564018 -0.053405460 0.998311460
1403636736813555456.000000 2.625076771 -0.211711198 1.131280541 -0.002453521 -0.023563091 -0.054223258 0.998247802
1403636736863555584.000000 2.606826067 -0.209429547 1.126931429 -0.002327749 -0.024809552 -0.053306337 0.998267293
1403636736913555456.000000 2.590634108 -0.209981576 1.118980408 -0.003656731 -0.025419163 -0.054376278 0.998190284
1403636736963555584.000000 2.577367544 -0.203913704 1.107603312 -0.003673455 -0.027368503 -0.052622542 0.998232603
1403636737013555456.000000 2.560314894 -0.196116716 1.100016713 -0.004030452 -0.029673226 -0.049085125 0.998345673
1403636737063555584.000000 2.543885231 -0.190452889 1.090474248 -0.003926406 -0.032254379 -0.046361994 0.998396158
1403636737113555456.000000 2.520396471 -0.184967309 1.087293029 -0.003517423 -0.034583554 -0.042419434 0.998494983
1403636737163555584.000000 2.504452705 -0.176101208 1.076852798 -0.003807166 -0.036386345 -0.041537497 0.998466969
1403636737213555456.000000 2.484066010 -0.169426754 1.069635391 -0.004433755 -0.038076364 -0.040984202 0.998424172
1403636737263555584.000000 2.466673851 -0.162034988 1.060388923 -0.005438434 -0.040185735 -0.038786795 0.998424351
1403636737313555456.000000 2.448924780 -0.147479400 1.055619478 -0.007262681 -0.041159853 -0.039458673 0.998346746
1403636737363555584.000000 2.433493853 -0.136853382 1.040253520 -0.009251066 -0.042830151 -0.038867023 0.998283267
1403636737413555456.000000 2.419349909 -0.129650265 1.032437325 -0.011581889 -0.044220250 -0.039653640 0.998167336
1403636737463555584.000000 2.403904200 -0.127552539 1.020613670 -0.014203534 -0.045495577 -0.040010925 0.998061955
1403636737513555456.000000 2.383502960 -0.122800827 1.010649085 -0.015926648 -0.045708340 -0.041478857 0.997966230
1403636737563555584.000000 2.369668484 -0.117824093 0.995309949 -0.016686155 -0.047163770 -0.039625730 0.997961402
1403636737613555456.000000 2.344513893 -0.120903559 0.988064349 -0.018301796 -0.047685940 -0.038067799 0.997968972
1403636737663555584.000000 2.334696054 -0.123178653 0.972615182 -0.019991754 -0.049869165 -0.034605436 0.997955859
1403636737713555456.000000 2.320643902 -0.122694232 0.961118460 -0.021262299 -0.051078182 -0.031270433 0.997978568
1403636737763555584.000000 2.311172962 -0.122385815 0.947344303 -0.021584367 -0.052379299 -0.028668450 0.997982323
1403636737813555456.000000 2.292561769 -0.131509110 0.939476371 -0.022778181 -0.052803252 -0.026230443 0.998000503
1403636737863555584.000000 2.274986029 -0.139983773 0.930987179 -0.022846185 -0.052789427 -0.024508433 0.998043478
1403636737913555456.000000 2.257637262 -0.150429100 0.922206163 -0.023000667 -0.052476894 -0.024100209 0.998066306
1403636737963555584.000000 2.248071432 -0.163896143 0.910353601 -0.022729805 -0.052429873 -0.023519691 0.998088837
1403636738013555456.000000 2.238428354 -0.175302401 0.900425792 -0.021984963 -0.051668637 -0.023375519 0.998148620
1403636738063555584.000000 2.231215715 -0.192028984 0.890469193 -0.022265811 -0.050926074 -0.024153754 0.998162031
1403636738113555456.000000 2.219571352 -0.208089739 0.883134663 -0.020726837 -0.048997812 -0.026984105 0.998219132
1403636738163555584.000000 2.212366819 -0.227273077 0.874471664 -0.019779645 -0.048051793 -0.028060617 0.998254716
1403636738213555456.000000 2.206453085 -0.239496827 0.867275119 -0.018296663 -0.046789717 -0.029498121 0.998301506
1403636738263555584.000000 2.198863983 -0.252979189 0.859709322 -0.018281143 -0.045890264 -0.029227560 0.998351514
1403636738313555456.000000 2.193218470 -0.261605859 0.855737746 -0.018101450 -0.044937234 -0.029869044 0.998379171
1403636738363555584.000000 2.184541702 -0.273256868 0.851442277 -0.018505581 -0.043722350 -0.029316410 0.998441994
1403636738413555456.000000 2.180832863 -0.284924418 0.847535372 -0.019113872 -0.043141052 -0.029248340 0.998457849
1403636738463555584.000000 2.174165964 -0.291784376 0.845345974 -0.019510416 -0.040979337 -0.029003255 0.998548388
1403636738513555456.000000 2.168911457 -0.293767333 0.844227612 -0.020325502 -0.037501886 -0.027626650 0.998707831
1403636738563555584.000000 2.170069456 -0.295869946 0.841039419 -0.021611452 -0.033042043 -0.025589328 0.998892605
1403636738613555456.000000 2.160316229 -0.304009616 0.843150496 -0.023909511 -0.026589481 -0.022506639 0.999107063
1403636738663555584.000000 2.157463312 -0.308133215 0.846150994 -0.024445694 -0.018983105 -0.019647626 0.999327838
1403636738713555456.000000 2.162518740 -0.308191180 0.846156418 -0.023530027 -0.010950823 -0.014655622 0.999555767
1403636738763555584.000000 2.158727884 -0.307281643 0.853126824 -0.020551207 -0.001066645 -0.010281854 0.999735415
1403636738813555456.000000 2.163290977 -0.302855074 0.855350018 -0.017454356 0.008874125 -0.004345607 0.999798894
1403636738863555584.000000 2.161168337 -0.302877843 0.860635996 -0.014324702 0.019728804 0.002093686 0.999700606
1403636738913555456.000000 2.162371397 -0.297419906 0.869618714 -0.012384268 0.031374436 0.008313581 0.999396384
1403636738963555584.000000 2.172259808 -0.288890511 0.870338261 -0.010432450 0.042410284 0.015964776 0.998918235
1403636739013555456.000000 2.177811384 -0.285629839 0.871168196 -0.008864622 0.054352231 0.023953591 0.998195171
1403636739063555584.000000 2.180628061 -0.281072974 0.883633912 -0.008453184 0.067339227 0.031135716 0.997208416
1403636739113555456.000000 2.191704988 -0.265396744 0.887095153 -0.007169381 0.081396811 0.035727657 0.996015429
1403636739163555584.000000 2.202771425 -0.256465793 0.893348932 -0.007833157 0.096546263 0.036590941 0.994624913
1403636739213555456.000000 2.211031675 -0.244484216 0.895326436 -0.007133833 0.112060703 0.038009774 0.992948592
1403636739263555584.000000 2.223365068 -0.228662193 0.912590981 -0.007184349 0.128041938 0.038409427 0.990998745
1403636739313555456.000000 2.231446028 -0.216758534 0.924946666 -0.007121054 0.144260660 0.037803356 0.988791764
1403636739363555584.000000 2.248696327 -0.206970647 0.924529731 -0.007704495 0.159841821 0.036736947 0.986428738
1403636739413555456.000000 2.263170719 -0.197196439 0.925456226 -0.008435399 0.174167246 0.036952950 0.983986378
1403636739463555584.000000 2.277765751 -0.180621207 0.934966743 -0.008047430 0.187902376 0.038752645 0.981389940
1403636739513555456.000000 2.293157101 -0.176773533 0.932446182 -0.008771739 0.200038582 0.042699710 0.978817821
1403636739563555584.000000 2.307237625 -0.167188838 0.941435993 -0.006923052 0.210310340 0.047923222 0.976434886
1403636739613555456.000000 2.316985846 -0.162294179 0.944504082 -0.006416204 0.218668431 0.053104889 0.974332035
1403636739663555584.000000 2.332614899 -0.160805374 0.940057397 -0.007367511 0.225666210 0.055907432 0.972571313
1403636739713555456.000000 2.342149973 -0.154333100 0.947464645 -0.006170035 0.231377274 0.058159772 0.971104562
1403636739763555584.000000 2.353972435 -0.150268003 0.947547019 -0.005359546 0.234613761 0.063214652 0.970016301
1403636739813555456.000000 2.362409353 -0.150477350 0.949893534 -0.005172146 0.237399966 0.065418035 0.969192982
1403636739863555584.000000 2.370415688 -0.148500413 0.955473185 -0.005605245 0.239698768 0.066842020 0.968527436
1403636739913555456.000000 2.382301331 -0.145087913 0.955007076 -0.005776944 0.240997300 0.067292586 0.968172848
1403636739963555584.000000 2.396018028 -0.131776541 0.958934367 -0.005296796 0.241749331 0.067637011 0.967964113
1403636740013555456.000000 2.404967785 -0.122096337 0.966781080 -0.006040241 0.242538899 0.066434689 0.967845500
1403636740063555584.000000 2.417565346 -0.113495961 0.963419437 -0.006928590 0.242337421 0.065115258 0.967979610
1403636740113555456.000000 2.428914547 -0.097503394 0.966110349 -0.006665949 0.242777482 0.061983295 0.968076885
1403636740163555584.000000 2.439165115 -0.089704141 0.968870997 -0.007746941 0.243268862 0.057261985 0.968236208
1403636740213555456.000000 2.449752569 -0.080585241 0.976297796 -0.008050961 0.243641451 0.052687686 0.968399823
1403636740263555584.000000 2.457833290 -0.063030481 0.978432894 -0.008253176 0.243701771 0.048463304 0.968603492
1403636740313555456.000000 2.468676329 -0.052707184 0.980147839 -0.006491515 0.242313653 0.048995722 0.968938291
1403636740363555584.000000 2.480911970 -0.037423823 0.983582199 -0.005419510 0.239994451 0.050535396 0.969442904
1403636740413555456.000000 2.484933376 -0.025144540 0.991181493 -0.004193166 0.238054827 0.053178765 0.969785750
1403636740463555584.000000 2.496451139 -0.007913560 0.995774984 -0.004114328 0.235971004 0.055562105 0.970161676
1403636740513555456.000000 2.505185127 0.007370058 1.001322985 -0.001685972 0.233972952 0.057270113 0.970553517
1403636740563555584.000000 2.514411926 0.020912025 0.998209357 -0.001106077 0.232899249 0.057488281 0.970799565
1403636740613555456.000000 2.521859884 0.041616589 1.009733438 -0.000318272 0.231732562 0.057262864 0.971092701
1403636740663555584.000000 2.529958963 0.052167874 1.002204061 -0.001291238 0.230029330 0.058987632 0.971393526
1403636740713555456.000000 2.537559271 0.065483205 1.012151480 -0.003282800 0.228935942 0.060076773 0.971580327
1403636740763555584.000000 2.548246861 0.077546686 1.008805513 -0.005850291 0.227861553 0.059501164 0.971856236
1403636740813555456.000000 2.556481838 0.089036569 1.010198593 -0.006197905 0.226783425 0.059891917 0.972082257
1403636740863555584.000000 2.561027527 0.095516101 1.007773638 -0.005671656 0.226330698 0.059703697 0.972202539
1403636740913555456.000000 2.566377878 0.109265432 1.009705782 -0.004925325 0.226893276 0.055901095 0.972301602
1403636740963555584.000000 2.584846735 0.122842118 1.008228898 -0.003688100 0.227629587 0.051111359 0.972398460
1403636741013555456.000000 2.590096235 0.138778001 1.020480633 -0.003984307 0.230049357 0.043118961 0.972215116
1403636741063555584.000000 2.607336283 0.162587911 1.011455536 -0.003143875 0.232386529 0.037469245 0.971896470
1403636741113555456.000000 2.614060879 0.191452563 1.013585329 -0.001237125 0.235184461 0.035810247 0.971290112
1403636741163555584.000000 2.621380329 0.201744407 1.010060668 -0.000002778 0.238549814 0.036974981 0.970426202
1403636741213555456.000000 2.623061895 0.224571869 1.017164588 0.002133166 0.241613045 0.041621532 0.969477355
1403636741263555584.000000 2.631285906 0.254111707 1.018074155 0.004060517 0.243208751 0.048992489 0.968727410
1403636741313555456.000000 2.634634018 0.276896179 1.023197770 0.003929890 0.244416162 0.054938301 0.968104899
1403636741363555584.000000 2.638879299 0.305615187 1.024201274 0.000906023 0.245396867 0.061200492 0.967488587
1403636741413555456.000000 2.642508745 0.329518735 1.026548624 -0.002573006 0.246824965 0.065424897 0.966845632
1403636741463555584.000000 2.642514229 0.353037566 1.028216720 -0.006709313 0.248535976 0.068319455 0.966187060
1403636741513555456.000000 2.644468784 0.376403391 1.032039165 -0.013890206 0.249843508 0.070836179 0.965591788
1403636741563555584.000000 2.648841619 0.395314783 1.029662967 -0.017076571 0.249189392 0.076647334 0.965265930
1403636741613555456.000000 2.654615879 0.412931532 1.032478094 -0.021392928 0.250802249 0.074868321 0.964901745
1403636741663555584.000000 2.657531977 0.430095851 1.030396342 -0.023191554 0.251479805 0.074750438 0.964693010
1403636741713555456.000000 2.662119150 0.444064468 1.030621886 -0.022682939 0.251917541 0.074104413 0.964640677
1403636741763555584.000000 2.668993950 0.456304967 1.031616688 -0.020529194 0.252314597 0.072083965 0.964738250
1403636741813555456.000000 2.675138950 0.466021031 1.031347275 -0.018620016 0.252529144 0.069283709 0.964926004
1403636741863555584.000000 2.683581352 0.476614624 1.032184243 -0.016317939 0.252672553 0.065397128 0.965201318
1403636741913555456.000000 2.688299656 0.492955178 1.035539746 -0.015138925 0.252809674 0.061529439 0.965438843
1403636741963555584.000000 2.695007563 0.508086801 1.037048578 -0.014752594 0.253118843 0.056019168 0.965699315
1403636742013555456.000000 2.698827982 0.524031520 1.042981863 -0.016718566 0.253287077 0.051408332 0.965879619
1403636742063555584.000000 2.704473972 0.540029526 1.046373844 -0.019762078 0.251959234 0.050140630 0.966235995
1403636742113555456.000000 2.708920479 0.555847645 1.051681519 -0.024337066 0.249703869 0.051328421 0.966654658
1403636742163555584.000000 2.714104891 0.567204177 1.056823611 -0.027349234 0.247127846 0.054088771 0.967085481
1403636742213555456.000000 2.714065552 0.579064727 1.063377619 -0.028408427 0.245133013 0.056487411 0.967425466
1403636742263555584.000000 2.719303370 0.588346660 1.068991303 -0.028109526 0.242277101 0.060299959 0.967923343
1403636742313555456.000000 2.724080563 0.592314661 1.073439956 -0.025750745 0.240136966 0.061127737 0.968470216
1403636742363555584.000000 2.727469444 0.595942020 1.080116749 -0.021548884 0.238948271 0.061880581 0.968818963
1403636742413555456.000000 2.731745481 0.595348537 1.084532619 -0.017572680 0.237651303 0.061169229 0.969263375
1403636742463555584.000000 2.737927675 0.599745035 1.092940211 -0.014403242 0.236610249 0.060876869 0.969588697
1403636742513555456.000000 2.742055893 0.601811826 1.099732280 -0.012348536 0.235835567 0.060182437 0.969849110
1403636742563555584.000000 2.746318579 0.599825621 1.106785059 -0.011302819 0.235027716 0.059943117 0.970072746
1403636742613555456.000000 2.753525972 0.596023560 1.111214399 -0.009557370 0.234424502 0.058876798 0.970302761
1403636742663555584.000000 2.759207010 0.597847641 1.116088033 -0.006825623 0.233991444 0.058125935 0.970475554
1403636742713555456.000000 2.761867046 0.600871146 1.126629949 -0.004119426 0.233503073 0.057325978 0.970656037
1403636742763555584.000000 2.771256685 0.606598854 1.133144379 -0.002018526 0.232690498 0.056905884 0.970882475
1403636742813555456.000000 2.773560047 0.609990776 1.139911056 -0.000780919 0.232320413 0.056329556 0.971006513
1403636742863555584.000000 2.779085875 0.619532824 1.148184299 0.000842032 0.231252655 0.057205062 0.971210182
1403636742913555456.000000 2.784579754 0.627870619 1.155114412 0.001277884 0.230433300 0.057349212 0.971395910
1403636742963555584.000000 2.788191557 0.638994396 1.163808346 0.001344168 0.231195331 0.058193196 0.971164525
1403636743013555456.000000 2.795612097 0.652589858 1.170339465 -0.000767804 0.232915148 0.059045203 0.970702648
1403636743063555584.000000 2.801297188 0.669724822 1.180848718 -0.006169542 0.235374212 0.062281422 0.969887614
1403636743113555456.000000 2.809315443 0.686430097 1.187221289 -0.014607948 0.237588286 0.066450529 0.968980253
1403636743163555584.000000 2.813033819 0.702099502 1.196396589 -0.025615355 0.239810750 0.070684254 0.967904210
1403636743213555456.000000 2.821404219 0.721871197 1.204503655 -0.033442099 0.241590291 0.073611066 0.967004240
1403636743263555584.000000 2.827251911 0.732515335 1.214134216 -0.042332906 0.243963718 0.075177118 0.965938985
1403636743313555456.000000 2.835811853 0.742572486 1.221929908 -0.045736291 0.245211631 0.077574097 0.965278089
1403636743363555584.000000 2.845374584 0.750861228 1.233955622 -0.047216099 0.245989040 0.079953991 0.964814723
1403636743413555456.000000 2.855109215 0.754049778 1.246616602 -0.047119699 0.246959358 0.081251569 0.964463115
1403636743463555584.000000 2.869378328 0.756801367 1.259086251 -0.043403324 0.247688666 0.080980651 0.964473248
1403636743513555456.000000 2.885701895 0.764330387 1.274641514 -0.039688621 0.248739377 0.080271177 0.964422166
1403636743563555584.000000 2.895815372 0.761106670 1.291826248 -0.035143692 0.250056446 0.078603961 0.964395225
1403636743613555456.000000 2.913393021 0.775307178 1.313524365 -0.029961562 0.251197517 0.075148590 0.964549065
1403636743663555584.000000 2.928056002 0.775457382 1.331186891 -0.027153006 0.252352774 0.072034553 0.964568257
1403636743713555456.000000 2.943336487 0.783054590 1.353262186 -0.022473507 0.253754109 0.068677828 0.964565814
1403636743763555584.000000 2.960963964 0.790175736 1.373594761 -0.017532170 0.256312639 0.066172667 0.964166880
1403636743813555456.000000 2.981438160 0.800199807 1.395794630 -0.014489994 0.259102941 0.067285396 0.963394284
1403636743863555584.000000 2.996657610 0.812470675 1.418815613 -0.010354488 0.261628717 0.070096470 0.962564170
1403636743913555456.000000 3.012953043 0.824010551 1.442116976 -0.007539826 0.265246272 0.068671085 0.961702585
1403636743963555584.000000 3.025862455 0.838115752 1.466763616 -0.004869490 0.268227249 0.067709036 0.960960984
1403636744013555456.000000 3.045319557 0.852127016 1.486112714 -0.003377648 0.269950688 0.068803549 0.960406899
1403636744063555584.000000 3.059664965 0.867630005 1.513617754 -0.002468402 0.274138212 0.067399807 0.959322453
1403636744113555456.000000 3.075222015 0.887567282 1.539094329 -0.001523054 0.278356403 0.068238132 0.958049595
1403636744163555584.000000 3.089179993 0.901618421 1.561455965 -0.000717816 0.282505691 0.069371469 0.956753671
1403636744213555456.000000 3.100908995 0.921708763 1.585767627 0.001218778 0.285320252 0.072623461 0.955676019
1403636744263555584.000000 3.114785194 0.942077756 1.610592484 0.003799106 0.287482798 0.075761601 0.954777181
1403636744313555456.000000 3.127401829 0.964487076 1.638736963 0.004645578 0.289736003 0.077586390 0.953945398
1403636744363555584.000000 3.141142368 0.986477971 1.662613153 0.005406761 0.290622413 0.081503652 0.953344941
1403636744413555456.000000 3.154250622 1.009745240 1.685466647 0.006470592 0.290584087 0.085017644 0.953043044
1403636744463555584.000000 3.167223692 1.034631729 1.710748792 0.007455843 0.290133268 0.088948622 0.952814400
1403636744513555456.000000 3.181116819 1.065365911 1.732507229 0.009679832 0.288075626 0.094187900 0.952915192
1403636744563555584.000000 3.191303730 1.097530723 1.760060310 0.011995464 0.287780106 0.095185831 0.952879071
1403636744613555456.000000 3.207848072 1.126944542 1.781187296 0.014117558 0.286250412 0.098042071 0.953021169
1403636744663555584.000000 3.222087383 1.162186861 1.805668116 0.016161676 0.285897493 0.098156013 0.953082860
1403636744713555456.000000 3.236766577 1.195690036 1.824946523 0.017537512 0.286678910 0.095154926 0.953128099
1403636744763555584.000000 3.252463579 1.233061671 1.845786810 0.017141374 0.288275629 0.090154216 0.953139901
1403636744813555456.000000 3.267514706 1.263917923 1.862118959 0.015412821 0.289553016 0.085887760 0.953176200
1403636744863555584.000000 3.282600641 1.293858528 1.878478527 0.012448974 0.290600717 0.082866289 0.953168154
1403636744913555456.000000 3.294649363 1.326211691 1.895767927 0.007930747 0.291424692 0.080327474 0.953182220
1403636744963555584.000000 3.309636831 1.356139183 1.908610702 0.004680201 0.290776104 0.079506062 0.953470588
1403636745013555456.000000 3.324181080 1.384560823 1.923986197 0.000425187 0.289461255 0.080320910 0.953813732
1403636745063555584.000000 3.338095903 1.411656976 1.933930874 -0.003308255 0.288056195 0.079703555 0.954285085
1403636745113555456.000000 3.349419594 1.435263515 1.944913149 -0.007965155 0.286138892 0.080477074 0.954769373
1403636745163555584.000000 3.361012459 1.451184630 1.956399918 -0.009352673 0.283441961 0.082784519 0.955363810
1403636745213555456.000000 3.375014305 1.473083258 1.969805956 -0.010198269 0.281809986 0.080901831 0.955998957
1403636745263555584.000000 3.391516447 1.490108371 1.982017279 -0.011399625 0.279533535 0.080035023 0.956726432
1403636745313555456.000000 3.403861523 1.506243229 1.993497729 -0.010992473 0.277920336 0.077470616 0.957412064
1403636745363555584.000000 3.419317484 1.519441843 1.999094725 -0.007192820 0.275806040 0.074614130 0.958286047
1403636745413555456.000000 3.433732033 1.530988216 2.011410475 -0.002436555 0.274927050 0.071987510 0.958763242
1403636745463555584.000000 3.445842981 1.538979411 2.020838022 0.001110585 0.274967134 0.068658829 0.958998382
1403636745513555456.000000 3.459872723 1.545702338 2.030246735 0.004301544 0.274836540 0.068659283 0.959026814
1403636745563555584.000000 3.470828533 1.549433589 2.037310839 0.005688626 0.275591582 0.068653725 0.958803236
1403636745613555456.000000 3.483781338 1.554014325 2.044884920 0.006922822 0.277249008 0.068963975 0.958294928
1403636745663555584.000000 3.497218847 1.558757544 2.051367998 0.007774305 0.279372334 0.069384731 0.957641065
1403636745713555456.000000 3.505283833 1.558398724 2.058508158 0.008217804 0.282329530 0.069231838 0.956780791
1403636745763555584.000000 3.517323732 1.557788014 2.063758612 0.007493649 0.285764664 0.068378031 0.955827892
1403636745813555456.000000 3.526463985 1.555847287 2.066782236 0.005953209 0.288868427 0.068037085 0.954929650
1403636745863555584.000000 3.536111832 1.550052285 2.068730116 0.004938563 0.292845249 0.066936344 0.953801274
1403636745913555456.000000 3.542778015 1.547382116 2.072755814 0.004908863 0.296834618 0.066194773 0.952619195
1403636745963555584.000000 3.548650026 1.538522482 2.074736595 0.003445413 0.301308393 0.064114615 0.951362610
1403636746013555456.000000 3.555610657 1.534223199 2.075817347 0.002457108 0.305022091 0.062699556 0.950275898
1403636746063555584.000000 3.556296587 1.521415353 2.076583862 0.000791572 0.308779240 0.061173029 0.949164212
1403636746113555456.000000 3.558701992 1.511600733 2.077063084 -0.001287607 0.312136680 0.059719637 0.948157549
1403636746163555584.000000 3.560497522 1.498048067 2.078532457 -0.001023254 0.314565510 0.059148099 0.947390616
1403636746213555456.000000 3.562215328 1.485705018 2.077195644 0.000797054 0.316185474 0.058560070 0.946887970
1403636746263555584.000000 3.556284904 1.470205784 2.079547644 0.005283648 0.318092257 0.058068197 0.946265042
1403636746313555456.000000 3.551283121 1.456854939 2.081284523 0.013717283 0.319857270 0.055437099 0.945743084
1403636746363555584.000000 3.548995972 1.440411210 2.081192970 0.019618906 0.320165157 0.056023572 0.945500255
1403636746413555456.000000 3.542996883 1.428591013 2.081034184 0.022592004 0.320365310 0.055547573 0.945394218
1403636746463555584.000000 3.532943964 1.420460582 2.083554745 0.021162897 0.319142044 0.059192512 0.945619822
1403636746513555456.000000 3.521488905 1.413049102 2.084287405 0.016403275 0.317514628 0.062813871 0.946028471
1403636746563555584.000000 3.508171082 1.411037683 2.087185144 0.008791598 0.314691275 0.068816423 0.946655393
1403636746613555456.000000 3.493864536 1.408389330 2.088309288 -0.001688663 0.311464995 0.074526757 0.947329164
1403636746663555584.000000 3.480646372 1.406717658 2.091533184 -0.011917472 0.307397217 0.081233867 0.948032677
1403636746713555456.000000 3.466969490 1.407212496 2.095813036 -0.020549549 0.302862406 0.089614265 0.948589146
1403636746763555584.000000 3.453702211 1.407940865 2.095668077 -0.025595244 0.298532575 0.096377954 0.949175715
1403636746813555456.000000 3.441069603 1.407624483 2.100219250 -0.026399143 0.295065612 0.101798929 0.949671686
1403636746863555584.000000 3.430562973 1.407270908 2.109453201 -0.025786100 0.292540401 0.105341539 0.950083435
1403636746913555456.000000 3.422343731 1.405228972 2.115654707 -0.024068272 0.290612936 0.107000768 0.950534463
1403636746963555584.000000 3.415087938 1.405090928 2.122305393 -0.022676995 0.289655447 0.105761163 0.950999558
1403636747013555456.000000 3.408282757 1.401072621 2.128666401 -0.020339716 0.289160669 0.104467578 0.951345861
1403636747063555584.000000 3.404575586 1.393196821 2.135415077 -0.017984008 0.290353864 0.098449267 0.951671720
1403636747113555456.000000 3.402760506 1.384302497 2.140852928 -0.015482395 0.292438865 0.091370419 0.951783240
1403636747163555584.000000 3.398850918 1.376360774 2.149518967 -0.011526354 0.294005543 0.086621828 0.951800764
1403636747213555456.000000 3.398657322 1.359701037 2.154506445 -0.010002008 0.296150178 0.080461137 0.951693773
1403636747263555584.000000 3.393636227 1.346042633 2.161056757 -0.007969704 0.298273951 0.076048516 0.951412499
1403636747313555456.000000 3.392241240 1.329291463 2.164032936 -0.007709508 0.299516767 0.073444217 0.951228857
1403636747363555584.000000 3.391876459 1.312192917 2.173485041 -0.007044370 0.300435513 0.072319239 0.951030433
1403636747413555456.000000 3.387180328 1.295681953 2.177571774 -0.006394182 0.301769018 0.071626417 0.950665236
1403636747463555584.000000 3.384160757 1.279876113 2.185591221 -0.006346872 0.303161472 0.071325585 0.950245023
1403636747513555456.000000 3.380568981 1.267412901 2.190142155 -0.007152203 0.303868353 0.072996408 0.949886501
1403636747563555584.000000 3.377646923 1.256496787 2.200097322 -0.008152079 0.304543555 0.074065745 0.949579418
1403636747613555456.000000 3.372916460 1.240899801 2.205843210 -0.009074938 0.305026799 0.075952172 0.949266911
1403636747663555584.000000 3.365881443 1.229859829 2.218160152 -0.009634131 0.306387156 0.076238997 0.948800147
1403636747713555456.000000 3.361400843 1.213142037 2.224228621 -0.009775252 0.307386130 0.077381089 0.948383033
1403636747763555584.000000 3.355860233 1.196971536 2.231853008 -0.010539155 0.308660418 0.077939741 0.947915137
1403636747813555456.000000 3.346201897 1.175676227 2.244907618 -0.010954360 0.309968054 0.078423858 0.947443724
1403636747863555584.000000 3.341988564 1.155876398 2.254482746 -0.009592500 0.310410500 0.080114923 0.947172046
1403636747913555456.000000 3.333984852 1.133710146 2.261285782 -0.006931846 0.309503645 0.087002054 0.946884394
1403636747963555584.000000 3.328356981 1.109900951 2.269043446 -0.001427707 0.308047295 0.094722234 0.946642816
1403636748013555456.000000 3.319606066 1.085800171 2.278431416 0.001582174 0.306944549 0.102040306 0.946240127
1403636748063555584.000000 3.311726332 1.060535073 2.287827492 0.003511567 0.306577504 0.107582532 0.945739865
1403636748113555456.000000 3.307998419 1.040242553 2.293516159 0.003787169 0.306484282 0.110404663 0.945443809
1403636748163555584.000000 3.305343151 1.023420691 2.303099394 0.004007337 0.306383282 0.113812387 0.945071459
1403636748213555456.000000 3.301096678 1.008381486 2.310644388 0.002725062 0.307687789 0.112539798 0.944804490
1403636748263555584.000000 3.299676418 0.998076081 2.316653013 0.000281435 0.309732735 0.107322313 0.944747269
1403636748313555456.000000 3.299802065 0.986094236 2.322427273 -0.002486604 0.312249810 0.100523867 0.944663405
1403636748363555584.000000 3.300967455 0.973554492 2.332989693 -0.005507842 0.314998269 0.092530757 0.944554865
1403636748413555456.000000 3.300600529 0.963389814 2.340404510 -0.007505210 0.317085803 0.085693188 0.944487691
1403636748463555584.000000 3.301201820 0.956025898 2.347338676 -0.006960541 0.317741960 0.082534082 0.944552660
1403636748513555456.000000 3.302589178 0.940484941 2.355769157 -0.007130852 0.318634838 0.079370163 0.944521785
1403636748563555584.000000 3.302533150 0.924391150 2.361312389 -0.006754307 0.318725199 0.078931250 0.944530845
1403636748613555456.000000 3.299795151 0.907908678 2.370821476 -0.004535060 0.317798674 0.082439296 0.944556653
1403636748663555584.000000 3.301376581 0.889656782 2.375552654 -0.002420110 0.316691756 0.086102322 0.944609404
1403636748713555456.000000 3.300068617 0.871807754 2.382281065 -0.000052202 0.315546572 0.090940692 0.944542348
1403636748763555584.000000 3.301543951 0.852654040 2.392686844 0.001754359 0.314361066 0.095821954 0.944453418
1403636748813555456.000000 3.300169945 0.838293910 2.398160934 0.003047842 0.313853741 0.099563278 0.944231808
1403636748863555584.000000 3.300116539 0.820484757 2.403066158 0.004223797 0.314162791 0.101951942 0.943869591
1403636748913555456.000000 3.303737640 0.807615757 2.409390450 0.005581381 0.314541608 0.104389913 0.943469763
1403636748963555584.000000 3.304210901 0.794246793 2.416421652 0.006264855 0.316035956 0.105813302 0.942807317
1403636749013555456.000000 3.305525780 0.784973741 2.420204401 0.007053202 0.317205757 0.107049100 0.942269206
1403636749063555584.000000 3.309010506 0.772892118 2.426472187 0.008319857 0.317443252 0.110492557 0.941781282
1403636749113555456.000000 3.309968948 0.763764262 2.428367615 0.010416418 0.317439973 0.114569515 0.941274285
1403636749163555584.000000 3.316261053 0.756936193 2.433087349 0.011621424 0.317928404 0.116007060 0.940919161
1403636749213555456.000000 3.323976278 0.750183821 2.437050819 0.011454458 0.319446713 0.115090065 0.940519452
1403636749263555584.000000 3.328937769 0.736892104 2.439314365 0.009850446 0.322804034 0.109288767 0.940083265
1403636749313555456.000000 3.336569309 0.726143599 2.438350201 0.008754679 0.325646967 0.104073808 0.939705312
1403636749363555584.000000 3.347701788 0.714847684 2.438782215 0.006851474 0.327980012 0.098979086 0.939460099
1403636749413555456.000000 3.354463339 0.701970935 2.434341908 0.005623330 0.329758555 0.095101267 0.939246237
1403636749463555584.000000 3.359913111 0.685894847 2.428383589 0.004123883 0.331713229 0.090298362 0.939039707
1403636749513555456.000000 3.367407084 0.670948744 2.425915480 0.002596227 0.333066493 0.086529568 0.938921034
1403636749563555584.000000 3.378638744 0.656068802 2.418816805 0.000332001 0.334007651 0.081838489 0.939010799
1403636749613555456.000000 3.380954266 0.641494751 2.417612553 -0.000290541 0.335570842 0.077186078 0.938847423
1403636749663555584.000000 3.388790846 0.623243809 2.415727854 -0.000838972 0.335334778 0.076046564 0.939024389
1403636749713555456.000000 3.391527891 0.614427209 2.409592628 0.000610983 0.334464043 0.076082841 0.939332187
1403636749763555584.000000 3.397103310 0.599384427 2.408129215 0.003434553 0.333587229 0.076170027 0.939630747
1403636749813555456.000000 3.402936935 0.589162946 2.407810450 0.007751584 0.332538545 0.075590551 0.940023482
1403636749863555584.000000 3.400160789 0.580634058 2.404943466 0.012899456 0.331532627 0.076055132 0.940284729
1403636749913555456.000000 3.408613205 0.572214842 2.405450821 0.016228216 0.329889864 0.075918533 0.940821826
1403636749963555584.000000 3.401363850 0.569783270 2.405639648 0.019389346 0.328905404 0.075174347 0.941166341
1403636750013555456.000000 3.403314829 0.568130553 2.402581692 0.021105802 0.326953769 0.075033106 0.941820502
1403636750063555584.000000 3.404216528 0.561611533 2.404345274 0.021486282 0.325334489 0.074692808 0.942399561
1403636750113555456.000000 3.401191950 0.562139273 2.401909113 0.020378005 0.323699564 0.075482816 0.942924023
1403636750163555584.000000 3.393897057 0.557211339 2.396754265 0.018065885 0.322290033 0.075878091 0.943422139
1403636750213555456.000000 3.391369820 0.554457605 2.395123720 0.016647602 0.320493877 0.076731086 0.943990946
1403636750263555584.000000 3.386524677 0.550745964 2.388442993 0.013276219 0.319073647 0.076703340 0.944527626
1403636750313555456.000000 3.380065441 0.546017289 2.379186153 0.011200283 0.317167372 0.077815846 0.945105374
1403636750363555584.000000 3.373304129 0.536282122 2.371352911 0.008026687 0.315819889 0.077104308 0.945647061
1403636750413555456.000000 3.365139484 0.525555611 2.362946510 0.006861244 0.313811660 0.078758173 0.946188331
1403636750463555584.000000 3.358560801 0.508931041 2.352869987 0.004940892 0.312229514 0.078012377 0.946785271
1403636750513555456.000000 3.352755308 0.496745825 2.335845947 0.005456792 0.310176879 0.077545017 0.947495282
1403636750563555584.000000 3.344540119 0.482856959 2.326202631 0.004667964 0.308536679 0.076428950 0.948125482
1403636750613555456.000000 3.332729101 0.463336885 2.314900398 0.003846261 0.307013124 0.076042265 0.948654711
1403636750663555584.000000 3.330442190 0.444259107 2.297037363 0.003325216 0.305741340 0.074175440 0.949215055
1403636750713555456.000000 3.317768097 0.426125169 2.281285763 0.002417462 0.304549187 0.073779181 0.949631810
1403636750763555584.000000 3.308765173 0.402289480 2.266712427 0.001204883 0.303288668 0.073947147 0.950024426
1403636750813555456.000000 3.296083450 0.378817081 2.253485441 0.000060398 0.302934200 0.072816044 0.950225651
1403636750863555584.000000 3.281409979 0.352455646 2.238009691 -0.000789840 0.302351773 0.072099291 0.950465381
1403636750913555456.000000 3.274878979 0.320262432 2.223392487 -0.003225535 0.302205443 0.071111873 0.950581193
1403636750963555584.000000 3.265881538 0.293734252 2.206525326 -0.004671276 0.302164376 0.069841780 0.950682402
1403636751013555456.000000 3.251479864 0.268579602 2.189152241 -0.006295876 0.302667916 0.069000371 0.950574279
1403636751063555584.000000 3.241796255 0.241975963 2.174324036 -0.006853862 0.302816927 0.068680800 0.950546145
1403636751113555456.000000 3.229514837 0.218873516 2.163109779 -0.007028553 0.303008676 0.069331706 0.950436532
1403636751163555584.000000 3.214901924 0.195687264 2.150274754 -0.009312652 0.303083569 0.071437739 0.950236976
1403636751213555456.000000 3.201388836 0.177355856 2.135061741 -0.013896862 0.303508699 0.071879059 0.950012028
1403636751263555584.000000 3.188808203 0.153685555 2.125197172 -0.018454336 0.303220809 0.074756362 0.949804306
1403636751313555456.000000 3.175445318 0.133080274 2.114735126 -0.020121824 0.302951753 0.077658273 0.949623406
1403636751363555584.000000 3.165617704 0.112437546 2.105010986 -0.019454764 0.302190214 0.081789292 0.949533105
1403636751413555456.000000 3.152375460 0.093073219 2.095034122 -0.015938900 0.301684231 0.085417911 0.949440062
1403636751463555584.000000 3.140114546 0.069145344 2.086252451 -0.011774304 0.300865889 0.090198554 0.949318349
1403636751513555456.000000 3.130510092 0.046833590 2.078983068 -0.007363833 0.299432278 0.093333416 0.949513018
1403636751563555584.000000 3.118520737 0.028118521 2.071832180 -0.002758789 0.297067821 0.094677150 0.950147033
1403636751613555456.000000 3.104565620 0.006501704 2.067368269 -0.000879982 0.294073492 0.096610926 0.950887144
1403636751663555584.000000 3.099401474 -0.012902096 2.056504250 -0.000481361 0.290526271 0.097991139 0.951836169
1403636751713555456.000000 3.089157581 -0.030143201 2.051369429 -0.003239217 0.287390977 0.099132895 0.952664018
1403636751763555584.000000 3.086118937 -0.048638031 2.043172836 -0.007519332 0.284123003 0.100760207 0.953449011
1403636751813555456.000000 3.078842640 -0.064284220 2.033652067 -0.011939037 0.281338304 0.101981841 0.954099596
1403636751863555584.000000 3.076803923 -0.080128655 2.024131298 -0.017627910 0.280104101 0.099932998 0.954591274
1403636751913555456.000000 3.072738647 -0.095290259 2.016132355 -0.021352153 0.279884011 0.095399387 0.955043495
1403636751963555584.000000 3.067471981 -0.109685346 2.007827520 -0.024232643 0.280080616 0.090400130 0.955403328
1403636752013555456.000000 3.070653915 -0.127811417 1.999060988 -0.026519373 0.280315816 0.086168192 0.955664635
1403636752063555584.000000 3.072342873 -0.140598968 1.994937778 -0.026223788 0.280620188 0.083156995 0.955850244
1403636752113555456.000000 3.071707010 -0.158334494 1.990213871 -0.024632545 0.280819356 0.080867805 0.956030428
1403636752163555584.000000 3.075264454 -0.173677728 1.985942364 -0.020348009 0.279771924 0.078058131 0.956671596
1403636752213555456.000000 3.078545332 -0.191616818 1.984101176 -0.015477477 0.277906537 0.075317495 0.957525849
1403636752263555584.000000 3.079445601 -0.205854282 1.981245756 -0.010880012 0.274229586 0.072757713 0.958846271
1403636752313555456.000000 3.079375744 -0.221480936 1.979105711 -0.005317067 0.269423842 0.069823332 0.960472465
1403636752363555584.000000 3.083035469 -0.242263019 1.977447987 -0.000853590 0.263283759 0.066757329 0.962405562
1403636752413555456.000000 3.083644867 -0.260304987 1.972892284 0.001796759 0.255920708 0.063663743 0.964597523
1403636752463555584.000000 3.081582546 -0.285345614 1.969922304 0.001875946 0.247445464 0.060831510 0.966988564
1403636752513555456.000000 3.084103584 -0.306988657 1.962637424 0.001732642 0.238103867 0.056854255 0.969572663
1403636752563555584.000000 3.084261894 -0.324524522 1.955633879 0.000213473 0.228444770 0.053162947 0.972104251
1403636752613555456.000000 3.084714890 -0.343687713 1.946811557 -0.001234945 0.218288228 0.049367648 0.974634111
1403636752663555584.000000 3.081998348 -0.354741037 1.945845485 -0.003729424 0.208336875 0.045276389 0.977001488
1403636752713555456.000000 3.083625078 -0.374531239 1.933520794 -0.004386856 0.197389081 0.041776560 0.979424894
1403636752763555584.000000 3.083140612 -0.392351270 1.931334019 -0.005613997 0.186729431 0.038309149 0.981648147
1403636752813555456.000000 3.082047701 -0.402729452 1.926741719 -0.006751673 0.176425472 0.032884479 0.983741403
1403636752863555584.000000 3.079907656 -0.408586055 1.924749851 -0.008078582 0.165496871 0.028282624 0.985771596
1403636752913555456.000000 3.080782175 -0.419232279 1.919818521 -0.007829330 0.155114755 0.020654259 0.987649500
1403636752963555584.000000 3.078640223 -0.425446838 1.923340082 -0.008599680 0.144583911 0.013471875 0.989363551
1403636753013555456.000000 3.080725193 -0.435571283 1.907877684 -0.009578717 0.133255824 0.006678473 0.991012931
1403636753063555584.000000 3.076240301 -0.440153569 1.912116170 -0.010632247 0.122230090 -0.000063558 0.992444813
1403636753113555456.000000 3.070403099 -0.441325933 1.913803101 -0.011159617 0.110572755 -0.005725146 0.993788958
1403636753163555584.000000 3.074594498 -0.438777804 1.907277584 -0.011420380 0.097783014 -0.011080046 0.995080590
1403636753213555456.000000 3.067176819 -0.435815871 1.911363721 -0.011638151 0.085748062 -0.017071597 0.996102631
1403636753263555584.000000 3.061993122 -0.436136901 1.910706639 -0.012140414 0.073973380 -0.023698581 0.996904671
1403636753313555456.000000 3.055020809 -0.436454624 1.912157059 -0.012288527 0.062635206 -0.031921782 0.997450173
1403636753363555584.000000 3.049039602 -0.433405191 1.912534833 -0.011178046 0.051339950 -0.036609344 0.997947395
1403636753413555456.000000 3.041139841 -0.427193165 1.911806107 -0.009788387 0.041229252 -0.038457859 0.998361349
1403636753463555584.000000 3.029640675 -0.427199632 1.917039633 -0.009077867 0.032127481 -0.037312515 0.998745859
1403636753513555456.000000 3.025215149 -0.424014211 1.914715171 -0.008324512 0.024272105 -0.035834178 0.999028265
1403636753563555584.000000 3.010526180 -0.424708605 1.915168881 -0.007873366 0.018269658 -0.033546329 0.999239206
1403636753613555456.000000 3.000099897 -0.428886890 1.916829228 -0.006444495 0.013918760 -0.032546129 0.999352574
1403636753663555584.000000 2.991003990 -0.425326079 1.915289998 -0.005518577 0.010818468 -0.031271260 0.999437153
1403636753713555456.000000 2.976663589 -0.433489501 1.914782643 -0.005932535 0.009129473 -0.030209702 0.999484301
1403636753763555584.000000 2.968287945 -0.433355987 1.911543369 -0.004551423 0.008282383 -0.030430606 0.999492288
1403636753813555456.000000 2.957784891 -0.437589467 1.913908720 -0.004048749 0.008353129 -0.031500194 0.999460697
1403636753863555584.000000 2.949399710 -0.438955754 1.907997727 -0.003516625 0.008833164 -0.031519912 0.999457896
1403636753913555456.000000 2.935882568 -0.432816267 1.910094619 -0.003522700 0.009347209 -0.029970480 0.999500871
1403636753963555584.000000 2.923728228 -0.431870818 1.908632994 -0.003185367 0.010506386 -0.030370031 0.999478400
1403636754013555456.000000 2.913033724 -0.426846474 1.907605767 -0.002389448 0.011883589 -0.030302878 0.999467313
1403636754063555584.000000 2.898785830 -0.427949041 1.908903360 0.000571643 0.013274707 -0.029839229 0.999466419
1403636754113555456.000000 2.883884430 -0.428370178 1.905753016 0.004130010 0.014534489 -0.028869467 0.999468982
1403636754163555584.000000 2.876279593 -0.425354481 1.900864124 0.007065437 0.015742196 -0.028965555 0.999431551
1403636754213555456.000000 2.864072084 -0.426309913 1.894558787 0.009688056 0.017641466 -0.030066429 0.999345303
1403636754263555584.000000 2.852102995 -0.430798113 1.886013269 0.010484144 0.019326845 -0.031091625 0.999274671
1403636754313555456.000000 2.832201004 -0.437679112 1.878418326 0.010398954 0.021239553 -0.031720802 0.999217033
1403636754363555584.000000 2.816490412 -0.444024235 1.868022680 0.010367545 0.022551058 -0.033057671 0.999145269
1403636754413555456.000000 2.804030657 -0.450175136 1.857402563 0.010352927 0.021525590 -0.032793880 0.999176741
1403636754463555584.000000 2.784931421 -0.456422925 1.847420931 0.009810576 0.019678179 -0.033306900 0.999203324
1403636754513555456.000000 2.763824224 -0.460056901 1.832984567 0.009104981 0.017174460 -0.034577891 0.999212980
1403636754563555584.000000 2.748366594 -0.461485356 1.817783594 0.007232519 0.013466361 -0.037237294 0.999189556
1403636754613555456.000000 2.725122690 -0.464612186 1.806134105 0.005277006 0.008656695 -0.040021423 0.999147415
1403636754663555584.000000 2.705309153 -0.468844146 1.791421056 0.004512345 0.001947485 -0.042349275 0.999090791
1403636754713555456.000000 2.681260824 -0.468164086 1.778620481 0.003296947 -0.005465911 -0.044038985 0.999009430
1403636754763555584.000000 2.659100056 -0.464507729 1.765641093 0.003559643 -0.013883399 -0.046426769 0.998818934
1403636754813555456.000000 2.636630297 -0.460242748 1.754032135 0.003510201 -0.021746201 -0.049227584 0.998544693
1403636754863555584.000000 2.615002871 -0.455978811 1.736015558 0.003200317 -0.029306820 -0.050365653 0.998295665
1403636754913555456.000000 2.590696573 -0.447473913 1.723888159 0.003944245 -0.035138801 -0.052714918 0.997983396
1403636754963555584.000000 2.570236683 -0.439677149 1.707683682 0.003296918 -0.041089267 -0.053536326 0.997714758
1403636755013555456.000000 2.550524950 -0.431099862 1.690747619 0.002998223 -0.045493513 -0.057131175 0.997325182
1403636755063555584.000000 2.522591829 -0.422649980 1.683030486 0.003185117 -0.049183033 -0.056843415 0.997165859
1403636755113555456.000000 2.496123314 -0.413140386 1.668185353 0.002800193 -0.052085146 -0.058201313 0.996941328
1403636755163555584.000000 2.471241236 -0.406556726 1.651413798 0.001898839 -0.054930646 -0.057864133 0.996810317
1403636755213555456.000000 2.444730759 -0.404084861 1.630731344 0.001247137 -0.056943949 -0.058149848 0.996681690
1403636755263555584.000000 2.422155619 -0.395361364 1.606578588 -0.001108475 -0.058297627 -0.057991024 0.996612906
1403636755313555456.000000 2.397675037 -0.390948236 1.584855437 -0.006116097 -0.059216686 -0.058106687 0.996533871
1403636755363555584.000000 2.370827675 -0.390386283 1.565515757 -0.012529132 -0.059773952 -0.057788137 0.996459126
1403636755413555456.000000 2.344097376 -0.393665969 1.543516159 -0.018197559 -0.059531163 -0.058962025 0.996317446
1403636755463555584.000000 2.318150282 -0.394659549 1.521461010 -0.021604339 -0.059433330 -0.058766954 0.996266723
1403636755513555456.000000 2.293112993 -0.391192317 1.500810504 -0.021956226 -0.058837380 -0.059008505 0.996280193
1403636755563555584.000000 2.265691757 -0.395350039 1.478777409 -0.022500236 -0.057564199 -0.060848773 0.996231675
1403636755613555456.000000 2.238247156 -0.391881883 1.460105181 -0.020384299 -0.056696083 -0.061672132 0.996276379
1403636755663555584.000000 2.211260557 -0.390182137 1.443660140 -0.019162105 -0.056539778 -0.059603713 0.996435404
1403636755713555456.000000 2.182832003 -0.387509763 1.426822782 -0.018462934 -0.056013420 -0.058751095 0.996528924
1403636755763555584.000000 2.153186560 -0.383965254 1.409353614 -0.016944738 -0.055839214 -0.057277877 0.996651471
1403636755813555456.000000 2.125559568 -0.379797518 1.392406583 -0.014259297 -0.055647954 -0.056462120 0.996750712
1403636755863555584.000000 2.094935656 -0.373741776 1.381409407 -0.012379387 -0.055604752 -0.054966673 0.996861935
1403636755913555456.000000 2.063956976 -0.371035069 1.367630959 -0.010187273 -0.055370774 -0.054939184 0.996901214
1403636755963555584.000000 2.035100937 -0.360429674 1.353935957 -0.008943483 -0.055721596 -0.053356733 0.996979535
1403636756013555456.000000 2.002887249 -0.352802098 1.337485790 -0.007632051 -0.055725746 -0.052484125 0.997036576
1403636756063555584.000000 1.979860067 -0.348233074 1.316276431 -0.006553971 -0.056410983 -0.051803768 0.997041285
1403636756113555456.000000 1.944833875 -0.351215005 1.300252080 -0.006348656 -0.055504214 -0.053304385 0.997014344
1403636756163555584.000000 1.909811616 -0.349798203 1.290338635 -0.005083189 -0.055119034 -0.053825926 0.997014999
1403636756213555456.000000 1.881229281 -0.350723505 1.269059896 -0.004013054 -0.055568647 -0.053373687 0.997019231
1403636756263555584.000000 1.851040959 -0.352121532 1.250694036 -0.003750540 -0.055989578 -0.053086177 0.997012019
1403636756313555456.000000 1.822735310 -0.351206034 1.230984330 -0.003787692 -0.056489978 -0.053195208 0.996977866
1403636756363555584.000000 1.789872169 -0.350153327 1.215883493 -0.003128420 -0.056703679 -0.053705584 0.996940672
1403636756413555456.000000 1.760473847 -0.345102608 1.202513576 -0.002278559 -0.056678776 -0.054433595 0.996904910
1403636756463555584.000000 1.725736976 -0.339449853 1.186056137 -0.001981543 -0.056851253 -0.053907413 0.996924281
1403636756513555456.000000 1.698811054 -0.330693841 1.167351842 -0.001458723 -0.057802413 -0.053560268 0.996889174
1403636756563555584.000000 1.669128060 -0.327159882 1.153796792 -0.001727302 -0.058054492 -0.054302033 0.996834040
1403636756613555456.000000 1.638446093 -0.317644864 1.133466959 -0.001173212 -0.058664870 -0.053691730 0.996832132
1403636756663555584.000000 1.606884122 -0.306877255 1.109311938 -0.000800572 -0.059410077 -0.053530559 0.996797025
1403636756713555456.000000 1.577469468 -0.301398456 1.092161417 0.000279843 -0.060111079 -0.053663690 0.996748149
1403636756763555584.000000 1.548096657 -0.291039467 1.067892075 0.001552504 -0.060762919 -0.053170096 0.996733844
1403636756813555456.000000 1.518103600 -0.285948485 1.049372315 0.002145499 -0.061635867 -0.052450359 0.996717334
1403636756863555584.000000 1.490597606 -0.283643395 1.024940491 0.001777453 -0.062520817 -0.052366637 0.996667325
1403636756913555456.000000 1.460457206 -0.283355147 1.002182364 0.001455343 -0.062772281 -0.053046122 0.996616125
1403636756963555584.000000 1.429208636 -0.282993793 0.972818732 0.000786179 -0.063387744 -0.052704632 0.996596038
1403636757013555456.000000 1.397059917 -0.287285149 0.950626493 0.000418313 -0.063498817 -0.053447988 0.996549606
1403636757063555584.000000 1.367144227 -0.285274714 0.926244259 -0.000127739 -0.064546548 -0.051347964 0.996592820
1403636757113555456.000000 1.339194179 -0.280246407 0.902755141 0.000549850 -0.064784087 -0.051641095 0.996562123
1403636757163555584.000000 1.308817863 -0.273941219 0.878523529 -0.000177711 -0.064960755 -0.051198997 0.996573567
1403636757213555456.000000 1.280497789 -0.266339332 0.848609626 0.000334219 -0.065215975 -0.051094551 0.996562183
1403636757263555584.000000 1.248796105 -0.256538421 0.823519409 0.000245159 -0.065080106 -0.051843375 0.996532381
1403636757313555456.000000 1.220519662 -0.247047022 0.798344493 -0.000397205 -0.064399213 -0.054380473 0.996441424
1403636757363555584.000000 1.191676378 -0.236488402 0.773627341 -0.001420059 -0.064886294 -0.054298069 0.996413291
1403636757413555456.000000 1.163389921 -0.225268796 0.747201383 -0.003347370 -0.064515106 -0.056037869 0.996336520
1403636757463555584.000000 1.135696292 -0.211407095 0.721524417 -0.005262117 -0.064140834 -0.058407176 0.996216297
1403636757513555456.000000 1.105967402 -0.198253050 0.699836254 -0.007437648 -0.065225393 -0.060607802 0.996000528
1403636757563555584.000000 1.075462341 -0.190179259 0.669214427 -0.011799556 -0.067395769 -0.062357176 0.995705903
1403636757613555456.000000 1.046290636 -0.181246459 0.643352389 -0.017645251 -0.070936203 -0.064725198 0.995222270
1403636757663555584.000000 1.014728069 -0.171093553 0.614491165 -0.023807812 -0.074036412 -0.066442914 0.994754851
1403636757713555456.000000 0.983097732 -0.166501671 0.586434603 -0.030096108 -0.077736825 -0.067637332 0.994221568
1403636757763555584.000000 0.952609003 -0.165360019 0.560240388 -0.035372708 -0.081351511 -0.068432353 0.993704021
1403636757813555456.000000 0.918165386 -0.162301600 0.537072599 -0.039139036 -0.084503293 -0.069090448 0.993254185
1403636757863555584.000000 0.886015236 -0.167038411 0.511910856 -0.041658349 -0.087975986 -0.068657063 0.992880225
1403636757913555456.000000 0.851722598 -0.170899034 0.486969262 -0.041818622 -0.090822086 -0.068460733 0.992630780
1403636757963555584.000000 0.816072285 -0.178812847 0.465567231 -0.039289016 -0.093592726 -0.067070477 0.992571592
1403636758013555456.000000 0.781468391 -0.185336545 0.443019778 -0.031036848 -0.095644094 -0.066144459 0.992730498
1403636758063555584.000000 0.746266782 -0.193671435 0.422579378 -0.024047334 -0.097784974 -0.065604232 0.992751718
1403636758113555456.000000 0.713200986 -0.203440756 0.398936778 -0.018021438 -0.099910408 -0.063737549 0.992789388
1403636758163555584.000000 0.676816881 -0.204885885 0.388918698 -0.012046012 -0.100910865 -0.062771305 0.992840230
1403636758213555456.000000 0.641946197 -0.207605988 0.366503507 -0.007480218 -0.102134898 -0.061983753 0.992809415
1403636758263555584.000000 0.607786834 -0.209223241 0.356757373 -0.005296280 -0.103135593 -0.060594466 0.992805839
1403636758313555456.000000 0.575878620 -0.209129512 0.338207781 -0.003521501 -0.104012921 -0.058878727 0.992825389
1403636758363555584.000000 0.543586433 -0.208163813 0.316701293 -0.005341611 -0.104523368 -0.058059931 0.992811859
1403636758413555456.000000 0.510530710 -0.199982479 0.298412025 -0.011685608 -0.105123788 -0.055754922 0.992826223
1403636758463555584.000000 0.478719682 -0.193559051 0.285173684 -0.021147683 -0.105983883 -0.052586354 0.992751181
1403636758513555456.000000 0.446658254 -0.183909774 0.272134930 -0.032664545 -0.107635804 -0.047410972 0.992521942
1403636758563555584.000000 0.419345140 -0.176643252 0.257404208 -0.044198122 -0.109491475 -0.041453626 0.992138982
1403636758613555456.000000 0.392005891 -0.171738148 0.245031491 -0.053730164 -0.111327812 -0.036213823 0.991669238
1403636758663555584.000000 0.362067342 -0.165519550 0.232139453 -0.055818137 -0.110886969 -0.035150502 0.991641521
1403636758713555456.000000 0.336741894 -0.157126427 0.230471954 -0.048910681 -0.110562116 -0.035089143 0.992044687
1403636758763555584.000000 0.310111642 -0.152805567 0.222570136 -0.039878197 -0.108726352 -0.037878942 0.992549062
1403636758813555456.000000 0.284982949 -0.148618460 0.215775579 -0.031598780 -0.108215898 -0.038609639 0.992874682
1403636758863555584.000000 0.262499839 -0.140456587 0.218801513 -0.022554126 -0.107370071 -0.041101728 0.993113101
1403636758913555456.000000 0.240306318 -0.133114368 0.217828840 -0.016460860 -0.105512060 -0.046629664 0.993187785
1403636758963555584.000000 0.219534680 -0.127639830 0.215751812 -0.012019090 -0.104785383 -0.048425209 0.993242502
1403636759013555456.000000 0.198576882 -0.119766273 0.209570885 -0.009677069 -0.104110934 -0.050366964 0.993242443
1403636759063555584.000000 0.177439779 -0.110582270 0.215523198 -0.007192270 -0.105079614 -0.048207466 0.993268669
1403636759113555456.000000 0.158249050 -0.101689458 0.216244385 -0.006416472 -0.107666768 -0.040870935 0.993325889
1403636759163555584.000000 0.139646158 -0.096321546 0.210968658 -0.007341982 -0.111598842 -0.030190371 0.993267596
1403636759213555456.000000 0.121128552 -0.086812787 0.208648652 -0.008198483 -0.115164764 -0.019948816 0.993112266
1403636759263555584.000000 0.107508585 -0.076586835 0.209693566 -0.008724451 -0.118262038 -0.011591731 0.992876470
1403636759313555456.000000 0.094404951 -0.063895419 0.211889103 -0.008689026 -0.119390070 -0.009012131 0.992768526
1403636759363555584.000000 0.084648326 -0.051624186 0.211370930 -0.007125999 -0.117382921 -0.015623558 0.992938280
1403636759413555456.000000 0.077376179 -0.038446739 0.209182099 -0.006711453 -0.114714116 -0.023948187 0.993087173
1403636759463555584.000000 0.073809437 -0.024074955 0.212534621 -0.004954435 -0.112659410 -0.031573575 0.993119538
1403636759513555456.000000 0.071726732 -0.006764381 0.213964105 -0.003785524 -0.110312276 -0.039360158 0.993110120
1403636759563555584.000000 0.068481937 0.009086335 0.215626672 -0.002661793 -0.109239288 -0.044795610 0.993002057
1403636759613555456.000000 0.067234792 0.024134902 0.215651095 -0.001768942 -0.107734375 -0.050825670 0.992878139
1403636759663555584.000000 0.065412462 0.036616113 0.214467824 -0.001579847 -0.106926084 -0.054864429 0.992750823
1403636759713555456.000000 0.063553803 0.046708282 0.213285506 -0.001976219 -0.106549248 -0.057231840 0.992657006
1403636759763555584.000000 0.062580876 0.054252833 0.209990874 -0.001258965 -0.107324839 -0.056567971 0.992612660
1403636759813555456.000000 0.061763179 0.058585197 0.205053732 -0.000207100 -0.106904894 -0.058281310 0.992559612
1403636759863555584.000000 0.061239872 0.062346768 0.196959287 -0.001284557 -0.107257128 -0.057530321 0.992564619
1403636759913555456.000000 0.060805544 0.067307122 0.190513775 -0.006516576 -0.106962830 -0.058395602 0.992525280
1403636759963555584.000000 0.060150370 0.073879741 0.183808461 -0.011936476 -0.106391914 -0.059233271 0.992486715
1403636760013555456.000000 0.059859984 0.080633663 0.177720547 -0.016690301 -0.106234170 -0.058972437 0.992450535
1403636760063555584.000000 0.059405059 0.087450728 0.172057390 -0.020984773 -0.106443971 -0.057470016 0.992434680
1403636760113555456.000000 0.059426270 0.093765423 0.166352838 -0.025654480 -0.105820209 -0.058270682 0.992344975
1403636760163555584.000000 0.058763947 0.101390928 0.162013039 -0.029311651 -0.105475038 -0.058823280 0.992247820
1403636760213555456.000000 0.058016907 0.107622452 0.159070119 -0.025166731 -0.105664901 -0.058045465 0.992387176
1403636760263555584.000000 0.057944182 0.113657147 0.156045571 -0.017623680 -0.106055111 -0.056812886 0.992579460
1403636760313555456.000000 0.057099488 0.120066360 0.154077709 -0.010781907 -0.106666625 -0.054335628 0.992750525
1403636760363555584.000000 0.057454988 0.127834991 0.151990891 -0.006533363 -0.106447510 -0.055452410 0.992749393
1403636760413555456.000000 0.057839781 0.136291966 0.150099725 -0.002489881 -0.106112100 -0.057054620 0.992712915
1403636760463555584.000000 0.058530569 0.145930722 0.148501471 -0.000999811 -0.105608597 -0.058301523 0.992696762
1403636760513555456.000000 0.059431095 0.155302718 0.144331574 -0.002591689 -0.104979351 -0.060502235 0.992628872
1403636760563555584.000000 0.059790619 0.166258022 0.141079769 -0.007448984 -0.104744300 -0.061719634 0.992554247
1403636760613555456.000000 0.060186200 0.177110955 0.137162387 -0.012901789 -0.104310229 -0.063475728 0.992433250
1403636760663555584.000000 0.060651716 0.187420160 0.133854955 -0.016648203 -0.103686795 -0.066148281 0.992268264
1403636760713555456.000000 0.060538422 0.197271198 0.130254820 -0.019931383 -0.103178039 -0.068291835 0.992115557
1403636760763555584.000000 0.060421836 0.205468073 0.126447514 -0.019460768 -0.102869742 -0.070230305 0.992021620
1403636760813555456.000000 0.059372418 0.213507831 0.123173207 -0.016779754 -0.102878921 -0.070929319 0.992019892
1403636760863555584.000000 0.057519447 0.221243426 0.119868144 -0.012853181 -0.102574557 -0.072481789 0.991997898
1403636760913555456.000000 0.055310059 0.228777662 0.116414741 -0.009731520 -0.102754816 -0.073710397 0.991924226
1403636760963555584.000000 0.052469682 0.236998275 0.113017462 -0.009978182 -0.102970704 -0.074034646 0.991875172
1403636761013555456.000000 0.048773639 0.245561004 0.108915932 -0.013840870 -0.103786737 -0.072092861 0.991886795
1403636761063555584.000000 0.044582348 0.254037291 0.104939990 -0.018878531 -0.104346119 -0.070449889 0.991863072
1403636761113555456.000000 0.039655030 0.262510061 0.100844637 -0.025830101 -0.105211578 -0.068382360 0.991759717
1403636761163555584.000000 0.034574959 0.271591812 0.096931115 -0.033435639 -0.105429359 -0.068276323 0.991516590
1403636761213555456.000000 0.028833298 0.280130804 0.094163544 -0.040091377 -0.104934916 -0.070299044 0.991180778
1403636761263555584.000000 0.022439515 0.286786407 0.092626765 -0.045077592 -0.105255499 -0.069074199 0.991018713
1403636761313555456.000000 0.015469777 0.292315930 0.092028916 -0.046170063 -0.105070837 -0.069487922 0.990959108
1403636761363555584.000000 0.007965039 0.296099573 0.093343996 -0.043333173 -0.105695456 -0.068747059 0.991072476
1403636761413555456.000000 -0.000208455 0.297892451 0.095070884 -0.036312159 -0.105762601 -0.068468221 0.991366684
1403636761463555584.000000 -0.008722732 0.298490793 0.097495712 -0.028259568 -0.105738886 -0.068303086 0.991642773
1403636761513555456.000000 -0.017369771 0.298281968 0.101743892 -0.020981772 -0.106178358 -0.066825546 0.991877198
1403636761563555584.000000 -0.026531959 0.297309071 0.104497582 -0.014716389 -0.105906777 -0.066234589 0.992058575
1403636761613555456.000000 -0.035827622 0.295878977 0.108189076 -0.009785146 -0.106010877 -0.064890228 0.992197216
1403636761663555584.000000 -0.044717353 0.293880463 0.109662689 -0.008151312 -0.107182324 -0.060171138 0.992383540
1403636761713555456.000000 -0.053559162 0.291356474 0.111066930 -0.007133035 -0.108933181 -0.053408504 0.992587626
1403636761763555584.000000 -0.062376678 0.288644075 0.112256385 -0.007488627 -0.110728562 -0.047312632 0.992695689
1403636761813555456.000000 -0.070061684 0.285645247 0.113200136 -0.007814622 -0.112122655 -0.042000473 0.992775619
1403636761863555584.000000 -0.076754346 0.282298237 0.113469012 -0.008267520 -0.112779446 -0.039304841 0.992807984
1403636761913555456.000000 -0.081538685 0.279589236 0.114304379 -0.008969620 -0.112091318 -0.040643759 0.992825866
1403636761963555584.000000 -0.085400000 0.276638150 0.114315391 -0.009002329 -0.110397995 -0.044276491 0.992859960
1403636762013555456.000000 -0.087756746 0.273414999 0.114764102 -0.007561621 -0.107388131 -0.052678231 0.992791891
1403636762063555584.000000 -0.089931116 0.270194829 0.114467464 -0.005883382 -0.103672080 -0.062005751 0.992659450
1403636762113555456.000000 -0.091612346 0.267079622 0.113959365 -0.004277729 -0.099472679 -0.073909856 0.992282391
1403636762163555584.000000 -0.094496213 0.263883740 0.112953365 -0.004759765 -0.096117862 -0.082199022 0.991958678
1403636762213555456.000000 -0.098063670 0.260574728 0.110705897 -0.009386991 -0.094538048 -0.085614376 0.991788626
1403636762263555584.000000 -0.103604905 0.258012205 0.109163426 -0.017378656 -0.094330460 -0.084769376 0.991773188
1403636762313555456.000000 -0.110110834 0.256820649 0.107302718 -0.025650812 -0.094591781 -0.082756691 0.991738796
1403636762363555584.000000 -0.118616715 0.257576823 0.106884070 -0.033088408 -0.095146753 -0.079844065 0.991704166
1403636762413555456.000000 -0.127395898 0.259902686 0.107965082 -0.037227500 -0.096507668 -0.075405590 0.991773367
1403636762463555584.000000 -0.138080984 0.263390869 0.110340439 -0.039344750 -0.098810263 -0.067631967 0.992025495
1403636762513555456.000000 -0.149291277 0.267379582 0.114846215 -0.036308113 -0.103821822 -0.052822936 0.992528319
1403636762563555584.000000 -0.159759969 0.272149712 0.119332843 -0.032101810 -0.108617015 -0.038716916 0.992810607
1403636762613555456.000000 -0.169631213 0.279141545 0.126596436 -0.027132997 -0.113001585 -0.025286980 0.992902339
1403636762663555584.000000 -0.177743658 0.288270086 0.135081321 -0.021326195 -0.115543552 -0.017669858 0.992916226
1403636762713555456.000000 -0.182777748 0.300682217 0.143960908 -0.016377728 -0.114856951 -0.020910762 0.993026912
1403636762763555584.000000 -0.187054053 0.314991832 0.155195296 -0.012832275 -0.112713180 -0.027406381 0.993166685
1403636762813555456.000000 -0.188784212 0.331708193 0.166131049 -0.010543130 -0.110048287 -0.037058752 0.993179142
1403636762863555584.000000 -0.185123578 0.331897140 0.164971992 0.020086551 -0.114132553 -0.027451154 0.992883027
1403636762913555456.000000 -0.178784505 0.331366599 0.158206686 0.031840205 -0.110291265 -0.033810925 0.992813647
1403636762963555584.000000 -0.078523926 0.357523322 -0.009144850 0.036452428 -0.107591189 -0.079382554 0.990350366
1403636763013555456.000000 -0.165341347 0.340914786 0.153297603 -0.004737135 -0.090842493 -0.039134167 0.995084763
1403636763063555584.000000 -0.155980676 0.345538586 0.150355965 -0.005586799 -0.083294481 -0.026121251 0.996166885
1403636763113555456.000000 -0.145628437 0.346181512 0.138605192 0.002066443 -0.077165961 -0.017701691 0.996859014
1403636763163555584.000000 -0.150359109 0.341677725 0.148845062 0.018624907 -0.070394792 -0.013831707 0.997249484
1403636763213555456.000000 -0.148282856 0.345668584 0.146473706 0.010220784 -0.068386585 -0.010942366 0.997546554
1403636763263555584.000000 -0.148497745 0.346915901 0.149818510 0.001526080 -0.068624765 -0.009960622 0.997591674
1403636763313555456.000000 -0.150011197 0.345738351 0.153268546 0.004846178 -0.068411760 -0.008825709 0.997606456
1403636763363555584.000000 -0.149856329 0.345428973 0.153016388 0.004636746 -0.068571709 -0.009289018 0.997592211
1403636763413555456.000000 -0.150149822 0.345500231 0.153353363 0.003486267 -0.068764448 -0.008344553 0.997591972
1403636763463555584.000000 -0.149899751 0.345666379 0.152914166 0.003713310 -0.068418704 -0.009174253 0.997607648
1403636763513555456.000000 -0.150062099 0.345362961 0.153036520 0.003712244 -0.068690598 -0.008481325 0.997595072
1403636763563555584.000000 -0.150333717 0.345392346 0.153304026 0.003659098 -0.068440817 -0.008966105 0.997608185
1403636763613555456.000000 -0.150188267 0.345562965 0.152837411 0.003685740 -0.068247356 -0.008880891 0.997622132
1403636763663555584.000000 -0.150007159 0.345842898 0.152991235 0.003981564 -0.068471052 -0.008735656 0.997606933
1403636763713555456.000000 -0.149858847 0.345581740 0.152960271 0.003640261 -0.068599075 -0.008537068 0.997601151
1403636763763555584.000000 -0.150114253 0.345529884 0.152951285 0.003696498 -0.068285428 -0.009081298 0.997617722
1403636763813555456.000000 -0.150026500 0.345657557 0.152850509 0.003727815 -0.068428859 -0.008506492 0.997612834
